城市代码,城市,省份,城市经度_WGS84,城市纬度_WGS84,最近节点ID,最近管网节点,节点匹配城市,节点匹配省份,节点经度_WGS84,节点纬度_WGS84,最近距离_km,节点坐标来源,节点匹配置信度,节点涉及管道,第二近节点,第二近距离_km,第三近节点,第三近距离_km
110100000000,北京市,北京市,116.4011498,39.90281224,N036,固安,廊坊市,河北省,116.6776883,39.53722851,47.031071694723785,别名映射至地级市,高,抚顺-锦州-郑州成品油管道,南疆(天津,112.83311556089039,大港,112.83311556089039
120100000000,天津市,天津市,117.2614223,39.13515139,N028,南疆(天津,天津市,天津市,117.2614223,39.13515139,0.0,别名映射至地级市,中,南武管道,大港,0.0,武清,0.0
130100000000,石家庄市,河北省,114.5089353,38.04183339,N106,石家庄,石家庄市,河北省,114.5089353,38.04183339,0.0,直接匹配城市名,高,石太管道；鲁皖二期管道（汤石支线）,高庄,0.0,阳泉,83.39947410672973
130200000000,唐山市,河北省,118.1709116,39.63038483,N028,南疆(天津,天津市,天津市,117.2614223,39.13515139,95.61513538647733,别名映射至地级市,中,南武管道,大港,95.61513538647733,武清,95.61513538647733
130300000000,秦皇岛市,河北省,119.5962479,39.93377407,N140,锦州,锦州市,辽宁省,121.1213238,41.09367767,182.35641757859935,直接匹配城市名,高,抚顺-锦州-郑州成品油管道,南疆(天津,219.02980594407182,大港,219.02980594407182
130400000000,邯郸市,河北省,114.5356201,36.62685489,N132,邯郸,邯郸市,河北省,114.5356201,36.62685489,0.0,直接匹配城市名,高,抚顺-锦州-郑州成品油管道；鲁皖二期管道（汤石支线）,邢台,49.40123273754896,汤阴,61.02865368682936
130500000000,邢台市,河北省,114.4967119,37.07003791,N131,邢台,邢台市,河北省,114.4967119,37.07003791,0.0,直接匹配城市名,高,鲁皖二期管道（汤石支线）,邯郸,49.40123273754896,石家庄,108.0642480111557
130600000000,保定市,河北省,115.4554531,38.87308485,N012,保定,保定市,河北省,115.4554531,38.87308485,0.0,直接匹配城市名,高,抚顺-锦州-郑州成品油管道,石家庄,123.8370103909316,高庄,123.8370103909316
130700000000,张家口市,河北省,114.8798081,40.76772849,N036,固安,廊坊市,河北省,116.6776883,39.53722851,205.09983841183458,别名映射至地级市,高,抚顺-锦州-郑州成品油管道,保定,216.33360606897523,呼和浩特,264.25797424974644
130800000000,承德市,河北省,117.936724,40.97224131,N036,固安,廊坊市,河北省,116.6776883,39.53722851,192.02861504410956,别名映射至地级市,高,抚顺-锦州-郑州成品油管道,南疆(天津,212.20544661574374,大港,212.20544661574374
130900000000,沧州市,河北省,116.855601,38.31116389,N084,沧州,沧州市,河北省,116.855601,38.31116389,0.0,直接匹配城市名,高,大港-济南-枣庄成品油管道,南疆(天津,98.15406962573581,大港,98.15406962573581
131000000000,廊坊市,河北省,116.6776883,39.53722851,N036,固安,廊坊市,河北省,116.6776883,39.53722851,0.0,别名映射至地级市,高,抚顺-锦州-郑州成品油管道,南疆(天津,67.2247491557899,大港,67.2247491557899
131100000000,衡水市,河北省,115.6631292,37.73877673,N055,德州,德州市,山东省,116.3499607,37.4368547,69.20686570564519,直接匹配城市名,高,大港-济南-枣庄成品油管道,石家庄,106.74278184595659,高庄,106.74278184595659
140100000000,太原市,山西省,112.5426953,37.87098243,N040,太原,太原市,山西省,112.5426953,37.87098243,0.0,直接匹配城市名,高,石太管道,晋中,27.19403166545341,阳泉,91.97346065417177
140200000000,大同市,山西省,113.2690535,40.34831969,N032,呼和浩特,呼和浩特市,内蒙古自治区,111.7415103,40.84127836,140.138406886202,直接匹配城市名,高,呼和浩特-包头-鄂尔多斯成品油管道,保定,248.95947804916992,石家庄,277.8282738639117
140300000000,阳泉市,山西省,113.5899658,37.84854586,N146,阳泉,阳泉市,山西省,113.5899658,37.84854586,0.0,直接匹配城市名,高,石太管道,晋中,76.48152333732521,石家庄,83.39947410672973
140400000000,长治市,山西省,113.1040187,36.19745369,N082,汤阴,安阳市,河南省,114.3583007,36.09691222,113.17534226110246,别名映射至地级市,高,鲁皖二期管道（汤石支线）；鲁皖二期管道（汤郑支线）；鲁皖二期管道（西线）,新乡,123.52883324787051,邯郸,136.71546537863915
140500000000,晋城市,山西省,112.8454289,35.49154523,N061,新乡,新乡市,河南省,113.9183294,35.30446704,99.44759563238586,直接匹配城市名,高,鲁皖二期管道（汤郑支线）,洛阳,102.66565245692674,巩义,108.62182693543159
140600000000,朔州市,山西省,112.4263814,39.3306422,N040,太原,太原市,山西省,112.5426953,37.87098243,162.62136110906184,直接匹配城市名,高,石太管道,呼和浩特,177.79138024937626,晋中,184.9961742742454
140700000000,晋中市,山西省,112.7446161,37.68567283,N064,晋中,晋中市,山西省,112.7446161,37.68567283,0.0,直接匹配城市名,高,石太管道,太原,27.19403166545341,阳泉,76.48152333732521
140800000000,运城市,山西省,111.0012652,35.02739941,N088,洛阳,洛阳市,河南省,112.402798,34.64229511,134.89240496366995,直接匹配城市名,高,洛驻管道,咸阳,223.83564994283012,巩义,240.80667838506233
140900000000,忻州市,山西省,112.7276376,38.41560597,N040,太原,太原市,山西省,112.5426953,37.87098243,62.681922332852494,直接匹配城市名,高,石太管道,晋中,81.17858795015327,阳泉,98.30750124307968
141000000000,临汾市,山西省,111.512937,36.08829978,N088,洛阳,洛阳市,河南省,112.402798,34.64229511,179.89707158309514,直接匹配城市名,高,洛驻管道,晋中,208.6763175586835,太原,218.30825182171077
141100000000,吕梁市,山西省,111.1381715,37.51820958,N040,太原,太原市,山西省,112.5426953,37.87098243,129.6539046845375,直接匹配城市名,高,石太管道,晋中,142.7399549269057,阳泉,218.85511303606845
150100000000,呼和浩特市,内蒙古自治区,111.7415103,40.84127836,N032,呼和浩特,呼和浩特市,内蒙古自治区,111.7415103,40.84127836,0.0,直接匹配城市名,高,呼和浩特-包头-鄂尔多斯成品油管道,包头,153.0994759460756,鄂尔多斯,215.9495335782302
150200000000,包头市,内蒙古自治区,109.9479759,40.62075692,N020,包头,包头市,内蒙古自治区,109.9479759,40.62075692,0.0,直接匹配城市名,高,呼和浩特-包头-鄂尔多斯成品油管道,鄂尔多斯,113.57962677428675,呼和浩特,153.0994759460756
150300000000,乌海市,内蒙古自治区,106.7922009,39.65309497,N049,巴彦淖尔,巴彦淖尔市,内蒙古自治区,107.3813318,40.7431593,131.13053186758714,直接匹配城市名,高,银巴线,银川,138.46392882294026,鄂尔多斯,255.63305321055566
150400000000,赤峰市,内蒙古自治区,118.8805283,42.25576578,N140,锦州,锦州市,辽宁省,121.1213238,41.09367767,226.55730788775332,直接匹配城市名,高,抚顺-锦州-郑州成品油管道,辽河,322.4011884811032,固安,354.45264359546877
150500000000,通辽市,内蒙古自治区,122.2346316,43.65293254,N058,抚顺,抚顺市,辽宁省,123.9514419,41.87872444,241.9825831056395,直接匹配城市名,高,抚顺-锦州-郑州成品油管道,长春,248.4044547308621,辽阳,277.6686720504348
150600000000,鄂尔多斯市,内蒙古自治区,109.7767426,39.60774057,N135,鄂尔多斯,鄂尔多斯市,内蒙古自治区,109.7767426,39.60774057,0.0,直接匹配城市名,高,呼和浩特-包头-鄂尔多斯成品油管道,包头,113.57962677428675,呼和浩特,215.9495335782302
150700000000,呼伦贝尔市,内蒙古自治区,119.757987,49.20655301,N143,长春,长春市,吉林省,125.3184929,43.81369331,734.8562169453729,直接匹配城市名,高,吉林石化-长春成品油管道,吉林,790.7889053438363,抚顺,877.4740593988744
150800000000,巴彦淖尔市,内蒙古自治区,107.3813318,40.7431593,N049,巴彦淖尔,巴彦淖尔市,内蒙古自治区,107.3813318,40.7431593,0.0,直接匹配城市名,高,银巴线,包头,216.84849826783247,鄂尔多斯,239.48301836246085
150900000000,乌兰察布市,内蒙古自治区,113.1265836,40.99210319,N032,呼和浩特,呼和浩特市,内蒙古自治区,111.7415103,40.84127836,117.58298599136668,直接匹配城市名,高,呼和浩特-包头-鄂尔多斯成品油管道,包头,270.6824565975011,保定,308.1113362179598
152200000000,兴安盟,内蒙古自治区,122.0870959,46.07018056,N143,长春,长春市,吉林省,125.3184929,43.81369331,357.20960400762624,直接匹配城市名,高,吉林石化-长春成品油管道,吉林,429.908127167266,抚顺,489.3250089350152
152500000000,锡林郭勒盟,内蒙古自治区,116.0790185,43.93109993,N036,固安,廊坊市,河北省,116.6776883,39.53722851,491.0916754419208,别名映射至地级市,高,抚顺-锦州-郑州成品油管道,呼和浩特,494.78872831219314,锦州,519.7921591034608
152900000000,阿拉善盟,内蒙古自治区,105.7246943,38.85135975,N139,银川,银川市,宁夏回族自治区,106.2305529,38.4866953,59.773983044002,直接匹配城市名,高,银巴线,巴彦淖尔,253.52652233414975,武威,288.04013070937765
210100000000,沈阳市,辽宁省,123.4586,41.67423997,N058,抚顺,抚顺市,辽宁省,123.9514419,41.87872444,46.76757254596545,直接匹配城市名,高,抚顺-锦州-郑州成品油管道,辽阳,49.12666820990968,辽河,151.67366110614296
210200000000,大连市,辽宁省,121.6103413,38.91259032,N129,辽河,盘锦市,辽宁省,122.1637099,40.71960167,206.4131148654084,别名映射至地级市,中,抚顺-锦州-郑州成品油管道,锦州,246.07569365562077,辽阳,295.83939635979095
210300000000,鞍山市,辽宁省,122.985304,41.10196197,N130,辽阳,辽阳市,辽宁省,123.2315378,41.26650675,27.55673136954409,直接匹配城市名,高,抚顺-锦州-郑州成品油管道,辽河,81.08196146342945,抚顺,118.0487945774543
210400000000,抚顺市,辽宁省,123.9514419,41.87872444,N058,抚顺,抚顺市,辽宁省,123.9514419,41.87872444,0.0,直接匹配城市名,高,抚顺-锦州-郑州成品油管道,辽阳,90.66720168778703,辽河,197.26243755240074
210500000000,本溪市,辽宁省,123.6765643,41.48400018,N130,辽阳,辽阳市,辽宁省,123.2315378,41.26650675,44.31411886117166,直接匹配城市名,高,抚顺-锦州-郑州成品油管道,抚顺,49.472701539152936,辽河,152.61743090399546
210600000000,丹东市,辽宁省,124.3486818,39.99916441,N130,辽阳,辽阳市,辽宁省,123.2315378,41.26650675,169.54297821619755,直接匹配城市名,高,抚顺-锦州-郑州成品油管道,辽河,201.71441608527502,抚顺,211.6438924068143
210700000000,锦州市,辽宁省,121.1213238,41.09367767,N140,锦州,锦州市,辽宁省,121.1213238,41.09367767,0.0,直接匹配城市名,高,抚顺-锦州-郑州成品油管道,辽河,96.97372460332257,辽阳,177.64242001639255
210800000000,营口市,辽宁省,122.2211215,40.64961906,N129,辽河,盘锦市,辽宁省,122.1637099,40.71960167,9.164611382198405,别名映射至地级市,中,抚顺-锦州-郑州成品油管道,锦州,104.83026909421011,辽阳,109.10610850383598
210900000000,阜新市,辽宁省,121.6646498,42.01993072,N140,锦州,锦州市,辽宁省,121.1213238,41.09367767,112.47926420046717,直接匹配城市名,高,抚顺-锦州-郑州成品油管道,辽河,150.46727868167505,辽阳,154.8218221935403
211000000000,辽阳市,辽宁省,123.2315378,41.26650675,N130,辽阳,辽阳市,辽宁省,123.2315378,41.26650675,0.0,直接匹配城市名,高,抚顺-锦州-郑州成品油管道,抚顺,90.66720168778703,辽河,108.30495413237989
211100000000,盘锦市,辽宁省,122.1637099,40.71960167,N129,辽河,盘锦市,辽宁省,122.1637099,40.71960167,0.0,别名映射至地级市,中,抚顺-锦州-郑州成品油管道,锦州,96.97372460332257,辽阳,108.30495413237989
211200000000,铁岭市,辽宁省,123.7229262,42.22117081,N058,抚顺,抚顺市,辽宁省,123.9514419,41.87872444,42.496724229803334,直接匹配城市名,高,抚顺-锦州-郑州成品油管道,辽阳,113.71276737586088,辽河,211.54489930789904
211300000000,朝阳市,辽宁省,120.4660176,41.5655348,N140,锦州,锦州市,辽宁省,121.1213238,41.09367767,75.80786098036444,直接匹配城市名,高,抚顺-锦州-郑州成品油管道,辽河,170.4584021941926,辽阳,232.9856609372666
211400000000,葫芦岛市,辽宁省,120.8308149,40.70687077,N140,锦州,锦州市,辽宁省,121.1213238,41.09367767,49.458049655794,直接匹配城市名,高,抚顺-锦州-郑州成品油管道,辽河,112.34963584619943,辽阳,210.89053968279285
220100000000,长春市,吉林省,125.3184929,43.81369331,N143,长春,长春市,吉林省,125.3184929,43.81369331,0.0,直接匹配城市名,高,吉林石化-长春成品油管道,吉林,98.79246594876425,抚顺,242.30169036155962
220200000000,吉林市,吉林省,126.549541,43.83796639,N031,吉林,吉林市,吉林省,126.549541,43.83796639,0.0,直接匹配城市名,高,吉林石化-长春成品油管道,长春,98.79246594876425,抚顺,303.7928487122766
220300000000,四平市,吉林省,124.3424961,43.17434965,N143,长春,长春市,吉林省,125.3184929,43.81369331,106.07604354148097,直接匹配城市名,高,吉林石化-长春成品油管道,抚顺,147.58763760262667,吉林,192.67887765858544
220400000000,辽源市,吉林省,125.1368457,42.88681576,N143,长春,长春市,吉林省,125.3184929,43.81369331,104.10543866608494,直接匹配城市名,高,吉林石化-长春成品油管道,抚顺,148.47170971797607,吉林,155.650748143498
220500000000,通化市,吉林省,125.9335327,41.72603169,N058,抚顺,抚顺市,辽宁省,123.9514419,41.87872444,165.1670690521409,直接匹配城市名,高,抚顺-锦州-郑州成品油管道,辽阳,230.7528838692401,长春,237.50226515021936
220600000000,白山市,吉林省,126.4056492,41.94028811,N058,抚顺,抚顺市,辽宁省,123.9514419,41.87872444,203.19762035709118,直接匹配城市名,高,抚顺-锦州-郑州成品油管道,吉林,211.33776094234358,长春,226.36171258759433
220700000000,松原市,吉林省,124.8190204,45.13990907,N143,长春,长春市,吉林省,125.3184929,43.81369331,152.6996376215147,直接匹配城市名,高,吉林石化-长春成品油管道,吉林,199.49536813292988,抚顺,369.30907999143335
220800000000,白城市,吉林省,122.8381445,45.61711874,N143,长春,长春市,吉林省,125.3184929,43.81369331,280.3729228999344,直接匹配城市名,高,吉林石化-长春成品油管道,吉林,353.6407078571153,抚顺,425.1887278763554
222400000000,延边朝鲜族自治州,吉林省,129.4636408,42.90659817,N031,吉林,吉林市,吉林省,126.549541,43.83796639,257.2847301867631,直接匹配城市名,高,吉林石化-长春成品油管道,长春,349.9181144195508,抚顺,466.78239924439885
230100000000,哈尔滨市,黑龙江省,126.5305824,45.80141249,N031,吉林,吉林市,吉林省,126.549541,43.83796639,218.33066545074846,直接匹配城市名,高,吉林石化-长春成品油管道,长春,240.81463915675084,抚顺,482.677860926182
230200000000,齐齐哈尔市,黑龙江省,123.9115921,47.35218228,N143,长春,长春市,吉林省,125.3184929,43.81369331,408.3926884698894,直接匹配城市名,高,吉林石化-长春成品油管道,吉林,441.3214257525778,抚顺,608.6297327101579
230300000000,鸡西市,黑龙江省,130.9619898,45.29118393,N031,吉林,吉林市,吉林省,126.549541,43.83796639,385.0332959193024,直接匹配城市名,高,吉林石化-长春成品油管道,长春,476.2777914089576,抚顺,679.914468117774
230400000000,鹤岗市,黑龙江省,130.2894622,47.34685746,N031,吉林,吉林市,吉林省,126.549541,43.83796639,486.61203547353557,直接匹配城市名,高,吉林石化-长春成品油管道,长春,551.1573012248073,抚顺,787.7318326629961
230500000000,双鸭山市,黑龙江省,131.149264,46.64113856,N031,吉林,吉林市,吉林省,126.549541,43.83796639,476.1529191832208,直接匹配城市名,高,吉林石化-长春成品油管道,长春,554.1628461670816,抚顺,779.7787558675361
230600000000,大庆市,黑龙江省,125.0967348,46.58720422,N143,长春,长春市,吉林省,125.3184929,43.81369331,308.88944086168937,直接匹配城市名,高,吉林石化-长春成品油管道,吉林,326.18199114362466,抚顺,531.434775536771
230700000000,伊春市,黑龙江省,128.8301479,47.72625488,N031,吉林,吉林市,吉林省,126.549541,43.83796639,467.07443544280835,直接匹配城市名,高,吉林石化-长春成品油管道,长春,513.1579770567748,抚顺,755.2409456871785
230800000000,佳木斯市,黑龙江省,130.3095948,46.79868432,N031,吉林,吉林市,吉林省,126.549541,43.83796639,441.2737211476554,直接匹配城市名,高,吉林石化-长春成品油管道,长春,512.1898005436203,抚顺,744.4766801062078
230900000000,七台河市,黑龙江省,130.9978191,45.77177171,N031,吉林,吉林市,吉林省,126.549541,43.83796639,411.4871724641269,直接匹配城市名,高,吉林石化-长春成品油管道,长春,498.09022365738616,抚顺,711.52869534585
231000000000,牡丹江市,黑龙江省,129.6233357,44.55124422,N031,吉林,吉林市,吉林省,126.549541,43.83796639,257.5518947491165,直接匹配城市名,高,吉林石化-长春成品油管道,长春,352.88490355205596,抚顺,547.1352078483075
231100000000,黑河市,黑龙江省,127.5196969,50.24383367,N031,吉林,吉林市,吉林省,126.549541,43.83796639,716.0669738255303,直接匹配城市名,高,吉林石化-长春成品油管道,长春,734.1169992326637,抚顺,969.7481272463837
231200000000,绥化市,黑龙江省,126.9587936,46.65241525,N031,吉林,吉林市,吉林省,126.549541,43.83796639,314.58740284629215,直接匹配城市名,高,吉林石化-长春成品油管道,长春,340.76421423002023,抚顺,582.2129238467566
232700000000,大兴安岭地区,黑龙江省,124.7020369,52.33311631,N143,长春,长春市,吉林省,125.3184929,43.81369331,948.4148604259994,直接匹配城市名,高,吉林石化-长春成品油管道,吉林,954.4494827376897,抚顺,1163.8469142890776
310100000000,上海市,上海市,121.4691191,31.23230714,N116,苏州(苏州,苏州市,江苏省,120.581097,31.3019128,84.75574747172618,清洗后匹配城市名,高,浙苏成品油管道；苏南成品油管道,嘉兴(陈山,87.20778687877993,湖州(湖州,137.6365125818244
320100000000,南京市,江苏省,118.7902705,32.06154044,N022,南京(南京,南京市,江苏省,118.7902705,32.06154044,0.0,清洗后匹配城市名,高,苏南成品油管道,南京(扬子,0.0,泰州(泰州,114.4833118213585
320200000000,无锡市,江苏省,120.3086678,31.49256673,N116,苏州(苏州,苏州市,江苏省,120.581097,31.3019128,33.436856792240576,清洗后匹配城市名,高,浙苏成品油管道；苏南成品油管道,湖州(湖州,70.09892357390235,嘉兴(陈山,92.74190373485919
320300000000,徐州市,江苏省,117.2749121,34.20440827,N053,徐州,徐州市,江苏省,117.2749121,34.20440827,0.0,直接匹配城市名,高,鲁皖一期管道,徐州(新沂,0.0,枣庄,67.88363102691324
320400000000,常州市,江苏省,119.9709776,31.81468388,N087,泰州(泰州,泰州市,江苏省,119.915306,32.45511081,71.40499477738116,清洗后匹配城市名,高,苏北成品油管道,苏州(苏州,81.1962302452717,湖州(湖州,102.95024669734487
320500000000,苏州市,江苏省,120.581097,31.3019128,N116,苏州(苏州,苏州市,江苏省,120.581097,31.3019128,0.0,清洗后匹配城市名,高,浙苏成品油管道；苏南成品油管道,嘉兴(陈山,63.57562871305079,湖州(湖州,65.92070463795154
320600000000,南通市,江苏省,120.8902796,31.98341597,N116,苏州(苏州,苏州市,江苏省,120.581097,31.3019128,81.23550047707084,清洗后匹配城市名,高,浙苏成品油管道；苏南成品油管道,泰州(泰州,105.65557731162069,嘉兴(陈山,137.9630268483406
320700000000,连云港市,江苏省,119.2155491,34.59474883,N007,临沂,临沂市,山东省,118.3508968,35.10515503,97.19265648730773,直接匹配城市名,高,鲁皖一期管道,盐城(盐城,163.4976022865486,枣庄,175.3416376180282
320800000000,淮安市,江苏省,119.1069043,33.55204075,N105,盐城(盐城,盐城市,江苏省,120.1563009,33.34840987,99.95795276602904,清洗后匹配城市名,高,苏北成品油管道,泰州(泰州,143.3875336732311,南京(南京,168.35714028534315
320900000000,盐城市,江苏省,120.1563009,33.34840987,N105,盐城(盐城,盐城市,江苏省,120.1563009,33.34840987,0.0,清洗后匹配城市名,高,苏北成品油管道,泰州(泰州,101.84661036851058,南京(南京,191.86100361661346
321000000000,扬州市,江苏省,119.4072946,32.39551461,N087,泰州(泰州,泰州市,江苏省,119.915306,32.45511081,48.1395787597471,清洗后匹配城市名,高,苏北成品油管道,南京(南京,68.90294062900473,南京(扬子,68.90294062900473
321100000000,镇江市,江苏省,119.4193572,32.19008035,N087,泰州(泰州,泰州市,江苏省,119.915306,32.45511081,55.13826083545786,清洗后匹配城市名,高,苏北成品油管道,南京(南京,60.94031235760268,南京(扬子,60.94031235760268
321200000000,泰州市,江苏省,119.915306,32.45511081,N087,泰州(泰州,泰州市,江苏省,119.915306,32.45511081,0.0,清洗后匹配城市名,高,苏北成品油管道,盐城(盐城,101.84661036851058,南京(南京,114.4833118213585
321300000000,宿迁市,江苏省,118.2713306,33.96215393,N053,徐州,徐州市,江苏省,117.2749121,34.20440827,95.6361398896992,直接匹配城市名,高,鲁皖一期管道,徐州(新沂,95.6361398896992,宿州,126.16057794717642
330100000000,杭州市,浙江省,120.2048484,30.24977957,N074,桐庐,杭州市,浙江省,120.2048484,30.24977957,0.0,别名映射至地级市,高,浙赣成品油管道,萧山,0.0,绍兴,42.27850958588801
330200000000,宁波市,浙江省,121.6219554,29.8607673,N043,宁海,宁波市,浙江省,121.6219554,29.8607673,0.0,别名映射至地级市,高,甬台温成品油管道,算山,0.0,绍兴,102.59650133928857
330300000000,温州市,浙江省,120.6794261,28.01154027,N099,灵昆,温州市,浙江省,120.6794261,28.01154027,0.0,别名映射至地级市,中,甬台温成品油管道,瑞安,0.0,临海,102.25184948342478
330400000000,嘉兴市,浙江省,120.7489996,30.74856427,N035,嘉兴(陈山,嘉兴市,浙江省,120.7489996,30.74856427,0.0,清洗后匹配城市名,高,浙苏成品油管道,苏州(苏州,63.57562871305079,湖州(湖州,65.94894528415729
330500000000,湖州市,浙江省,120.0792982,30.8934637,N093,湖州(湖州,湖州市,浙江省,120.0792982,30.8934637,0.0,清洗后匹配城市名,高,浙苏成品油管道,苏州(苏州,65.92070463795154,嘉兴(陈山,65.94894528415729
330600000000,绍兴市,浙江省,120.5800044,30.05145821,N111,绍兴,绍兴市,浙江省,120.5800044,30.05145821,0.0,直接匹配城市名,高,绍杭成品油管道,诸暨,0.0,桐庐,42.27850958588801
330700000000,金华市,浙江省,119.6425298,29.08218962,N153,龙游,衢州市,浙江省,118.8550477,28.97458612,77.49338039386637,别名映射至地级市,高,浙赣成品油管道,桐庐,140.73942267536862,萧山,140.73942267536862
330800000000,衢州市,浙江省,118.8550477,28.97458612,N153,龙游,衢州市,浙江省,118.8550477,28.97458612,0.0,别名映射至地级市,高,浙赣成品油管道,上饶,106.24498287938077,桐庐,192.69502032590555
330900000000,舟山市,浙江省,122.205269,29.98751994,N043,宁海,宁波市,浙江省,121.6219554,29.8607673,57.95454815560539,别名映射至地级市,高,甬台温成品油管道,算山,57.95454815560539,绍兴,156.63870403779285
331000000000,台州市,浙江省,121.4197134,28.66043016,N008,临海,台州市,浙江省,121.4197134,28.66043016,0.0,别名映射至地级市,高,甬台温成品油管道,灵昆,102.25184948342478,瑞安,102.25184948342478
331100000000,丽水市,浙江省,119.9189033,28.47111116,N099,灵昆,温州市,浙江省,120.6794261,28.01154027,90.34137970952897,别名映射至地级市,中,甬台温成品油管道,瑞安,90.34137970952897,龙游,117.88105106456487
340100000000,合肥市,安徽省,117.2197334,31.82313855,N029,合肥,合肥市,安徽省,117.2197334,31.82313855,0.0,直接匹配城市名,高,合六支线；安庆-亳州成品油管道；安庆-合肥成品油管道,六安,67.91871138908039,淮南,87.17523735415098
340200000000,芜湖市,安徽省,118.4370864,31.35620683,N022,南京(南京,南京市,江苏省,118.7902705,32.06154044,85.2491220591874,清洗后匹配城市名,高,苏南成品油管道,南京(扬子,85.2491220591874,合肥,126.45489576878137
340300000000,蚌埠市,安徽省,117.379653,32.91909899,N122,蚌埠,蚌埠市,安徽省,117.379653,32.91909899,0.0,直接匹配城市名,高,淮蚌支线,淮南,50.35323866621471,宿州,90.11753990255323
340400000000,淮南市,安徽省,117.0131142,32.58738167,N092,淮南,淮南市,安徽省,117.0131142,32.58738167,0.0,直接匹配城市名,高,安庆-亳州成品油管道；淮蚌支线,蚌埠,50.35323866621471,合肥,87.17523735415098
340500000000,马鞍山市,安徽省,118.5016667,31.67080122,N022,南京(南京,南京市,江苏省,118.7902705,32.06154044,51.28899755402451,清洗后匹配城市名,高,苏南成品油管道,南京(扬子,51.28899755402451,合肥,122.39421621664843
340600000000,淮北市,安徽省,116.7929269,33.95767197,N046,宿州,宿州市,安徽省,116.9588379,33.64921788,37.5685168030313,直接匹配城市名,高,鲁皖一期管道,徐州,52.183596106308094,徐州(新沂,52.183596106308094
340700000000,铜陵市,安徽省,117.80584,30.94747287,N045,安庆,安庆市,安徽省,117.107568,30.53495975,80.9777908686309,直接匹配城市名,高,安庆-亳州成品油管道；安庆-合肥成品油管道,合肥,112.14340302687047,六安,150.9028636712319
340800000000,安庆市,安徽省,117.107568,30.53495975,N045,安庆,安庆市,安徽省,117.107568,30.53495975,0.0,直接匹配城市名,高,安庆-亳州成品油管道；安庆-合肥成品油管道,合肥,143.6360184791097,六安,144.7711495328923
341000000000,黄山市,安徽省,118.3321749,29.71703723,N153,龙游,衢州市,浙江省,118.8550477,28.97458612,96.87126960975839,别名映射至地级市,高,浙赣成品油管道,上饶,145.08466442631683,安庆,148.80357555215372
341100000000,滁州市,安徽省,118.3280003,32.2578862,N022,南京(南京,南京市,江苏省,118.7902705,32.06154044,48.68521797646963,清洗后匹配城市名,高,苏南成品油管道,南京(扬子,48.68521797646963,合肥,115.10443861498977
341200000000,阜阳市,安徽省,115.8074841,32.89327954,N145,阜阳,阜阳市,安徽省,115.8074841,32.89327954,0.0,直接匹配城市名,高,安庆-亳州成品油管道,亳州,106.2674435054341,淮南,117.7796602808287
341300000000,宿州市,安徽省,116.9588379,33.64921788,N046,宿州,宿州市,安徽省,116.9588379,33.64921788,0.0,直接匹配城市名,高,鲁皖一期管道,徐州,68.27567140553857,徐州(新沂,68.27567140553857
341500000000,六安市,安徽省,116.5092677,31.73197266,N017,六安,六安市,安徽省,116.5092677,31.73197266,0.0,直接匹配城市名,高,合六支线,合肥,67.91871138908039,淮南,106.2860658175558
341600000000,亳州市,安徽省,115.7750466,33.84858031,N011,亳州,亳州市,安徽省,115.7750466,33.84858031,0.0,直接匹配城市名,高,安庆-亳州成品油管道,阜阳,106.2674435054341,宿州,111.67093501174189
341700000000,池州市,安徽省,117.4859601,30.667335,N045,安庆,安庆市,安徽省,117.107568,30.53495975,39.09257111212422,直接匹配城市名,高,安庆-亳州成品油管道；安庆-合肥成品油管道,合肥,130.98786479096586,六安,150.4774432296494
341800000000,宣城市,安徽省,118.7556548,30.94249815,N022,南京(南京,南京市,江苏省,118.7902705,32.06154044,124.4752648666423,清洗后匹配城市名,高,苏南成品油管道,南京(扬子,124.4752648666423,湖州(湖州,126.38544256694479
350100000000,福州市,福建省,119.2915964,26.07737918,N019,兴闽,福州市,福建省,119.2915964,26.07737918,0.0,别名映射至地级市,中,福建成品油管道（北线）,泉港,146.97784940602466,东孚,215.21595919372243
350200000000,厦门市,福建省,118.0810222,24.48114183,N005,东孚,厦门市,福建省,118.0810222,24.48114183,0.0,别名映射至地级市,高,福建成品油管道（南线）,石湖山,0.0,泉港,74.5312788604504
350300000000,莆田市,福建省,119.0174071,25.44011605,N085,泉港,泉州市,福建省,118.6751351,24.87843187,71.3266060065351,别名映射至地级市,高,福建成品油管道（北线）；福建成品油管道（南线）,兴闽,75.99468811303191,东孚,142.41107815255856
350400000000,三明市,福建省,117.6351933,26.26738741,N019,兴闽,福州市,福建省,119.2915964,26.07737918,166.64323883229966,别名映射至地级市,中,福建成品油管道（北线）,泉港,186.3666543004809,东孚,203.6089140439535
350500000000,泉州市,福建省,118.6751351,24.87843187,N085,泉港,泉州市,福建省,118.6751351,24.87843187,0.0,别名映射至地级市,高,福建成品油管道（北线）；福建成品油管道（南线）,东孚,74.5312788604504,石湖山,74.5312788604504
350600000000,漳州市,福建省,117.6511886,24.51608603,N005,东孚,厦门市,福建省,118.0810222,24.48114183,43.665633384652885,别名映射至地级市,高,福建成品油管道（南线）,石湖山,43.665633384652885,泉港,111.01226612031608
350700000000,南平市,福建省,118.1727032,26.64481072,N019,兴闽,福州市,福建省,119.2915964,26.07737918,128.09418488501143,别名映射至地级市,中,福建成品油管道（北线）,泉港,202.75404939155064,上饶,202.9959251609125
350800000000,龙岩市,福建省,117.0123206,25.07824221,N075,梅州,梅州市,广东省,116.1160706,24.29108064,125.93896939632238,直接匹配城市名,高,珠三角成品油管网,东孚,126.68415049744577,石湖山,126.68415049744577
350900000000,宁德市,福建省,119.5430955,26.67078279,N019,兴闽,福州市,福建省,119.2915964,26.07737918,70.58012680444773,别名映射至地级市,中,福建成品油管道（北线）,灵昆,186.6092150366365,瑞安,186.6092150366365
360100000000,南昌市,江西省,115.8530507,28.68633588,N025,南昌,南昌市,江西省,115.8530507,28.68633588,0.0,直接匹配城市名,高,九江-赣州成品油管道,九江,108.61051325134414,樟树,170.93232288556555
360200000000,景德镇市,江西省,117.1795987,29.27707575,N004,上饶,上饶市,江西省,117.938144,28.45851288,117.22010519005646,直接匹配城市名,高,上饶-樟树成品油管道,九江,126.48826716572252,安庆,140.0427112595807
360300000000,萍乡市,江西省,113.8785392,27.66243299,N076,樟树,宜春市,江西省,114.4123745,27.81877183,55.33863905086741,别名映射至地级市,高,上饶-樟树成品油管道；九江-赣州成品油管道；浙赣成品油管道,株洲,76.4106662317917,湘潭,94.43454469684315
360400000000,九江市,江西省,115.9490642,29.65948813,N010,九江,九江市,江西省,115.9490642,29.65948813,0.0,直接匹配城市名,高,九江-赣州成品油管道,南昌,108.61051325134414,安庆,147.97833387659514
360500000000,新余市,江西省,114.922023,27.82218851,N076,樟树,宜春市,江西省,114.4123745,27.81877183,50.12151614091197,别名映射至地级市,高,上饶-樟树成品油管道；九江-赣州成品油管道；浙赣成品油管道,吉安长塘,80.9888975907852,南昌,132.47105568176113
360600000000,鹰潭市,江西省,117.0343687,28.27530155,N004,上饶,上饶市,江西省,117.938144,28.45851288,90.74427625699668,直接匹配城市名,高,上饶-樟树成品油管道,南昌,124.17582718573694,九江,186.64502035674695
360700000000,赣州市,江西省,114.9288134,25.83432314,N128,赣州,赣州市,江西省,114.9288134,25.83432314,0.0,直接匹配城市名,高,九江-赣州成品油管道,吉安长塘,140.18649015330797,郴州,192.2142354575158
360800000000,吉安市,江西省,114.9619304,27.09470019,N030,吉安长塘,吉安市,江西省,114.9619304,27.09470019,0.0,别名映射至地级市,高,九江-赣州成品油管道,樟树,97.0701569390622,赣州,140.18649015330797
360900000000,宜春市,江西省,114.4123745,27.81877183,N076,樟树,宜春市,江西省,114.4123745,27.81877183,0.0,别名映射至地级市,高,上饶-樟树成品油管道；九江-赣州成品油管道；浙赣成品油管道,吉安长塘,97.0701569390622,株洲,126.44968433995683
361000000000,抚州市,江西省,116.3530479,27.95211999,N025,南昌,南昌市,江西省,115.8530507,28.68633588,95.18750918284603,直接匹配城市名,高,九江-赣州成品油管道,上饶,165.2158062383549,吉安长塘,167.05380203565065
361100000000,上饶市,江西省,117.938144,28.45851288,N004,上饶,上饶市,江西省,117.938144,28.45851288,0.0,直接匹配城市名,高,上饶-樟树成品油管道,龙游,106.24498287938077,南昌,205.18263732979844
370100000000,济南市,山东省,116.9954885,36.64792998,N089,济南,济南市,山东省,116.9954885,36.64792998,0.0,直接匹配城市名,高,大港-济南-枣庄成品油管道；鲁皖一期管道；鲁皖二期管道（东线）；鲁皖二期管道（西线）,泰安,50.39831502666061,肥城,50.39831502666061
370200000000,青岛市,山东省,120.3775345,36.06661649,N147,青岛,青岛市,山东省,120.3775345,36.06661649,0.0,直接匹配城市名,高,鲁皖二期管道（东线）,潍坊,130.67953269064668,临沂,212.16280732840843
370300000000,淄博市,山东省,118.050415,36.81483572,N091,淄博,淄博市,山东省,118.050415,36.81483572,0.0,直接匹配城市名,高,鲁皖一期管道,齐鲁,0.0,济南,95.82581836937625
370400000000,枣庄市,山东省,117.3160283,34.81395871,N067,枣庄,枣庄市,山东省,117.3160283,34.81395871,0.0,直接匹配城市名,高,大港-济南-枣庄成品油管道；鲁皖一期管道,徐州,67.88363102691324,徐州(新沂,67.88363102691324
370500000000,东营市,山东省,118.6689487,37.43351224,N091,淄博,淄博市,山东省,118.050415,36.81483572,87.97597103873,直接匹配城市名,高,鲁皖一期管道,齐鲁,87.97597103873,潍坊,91.49816854752684
370600000000,烟台市,山东省,121.4445168,37.46616714,N147,青岛,青岛市,山东省,120.3775345,36.06661649,182.34702828436278,直接匹配城市名,高,鲁皖二期管道（东线）,潍坊,220.03782674614612,淄博,309.42792336750017
370700000000,潍坊市,山东省,119.1535384,36.70714657,N097,潍坊,潍坊市,山东省,119.1535384,36.70714657,0.0,直接匹配城市名,高,鲁皖二期管道（东线）,淄博,98.99553488187274,齐鲁,98.99553488187274
370800000000,济宁市,山东省,116.5836833,35.41651785,N016,兖州,济宁市,山东省,116.5836833,35.41651785,0.0,别名映射至地级市,高,大港-济南-枣庄成品油管道,曲阜,0.0,济宁,0.0
370900000000,泰安市,山东省,117.0815513,36.20000913,N086,泰安,泰安市,山东省,117.0815513,36.20000913,0.0,直接匹配城市名,高,鲁皖一期管道,肥城,0.0,济南,50.39831502666061
371000000000,威海市,山东省,122.1155144,37.51226081,N147,青岛,青岛市,山东省,120.3775345,36.06661649,223.13383618487538,直接匹配城市名,高,鲁皖二期管道（东线）,潍坊,277.47855195663715,辽河,356.66474287201197
371100000000,日照市,山东省,119.5219786,35.41814615,N147,青岛,青岛市,山东省,120.3775345,36.06661649,105.64746952629207,直接匹配城市名,高,鲁皖二期管道（东线）,临沂,111.87669345392054,潍坊,147.1064856917369
371300000000,临沂市,山东省,118.3508968,35.10515503,N007,临沂,临沂市,山东省,118.3508968,35.10515503,0.0,直接匹配城市名,高,鲁皖一期管道,枣庄,99.71138548294437,徐州,140.41854974978034
371400000000,德州市,山东省,116.3499607,37.4368547,N055,德州,德州市,山东省,116.3499607,37.4368547,0.0,直接匹配城市名,高,大港-济南-枣庄成品油管道,济南,104.77600095910748,沧州,106.86969958172439
371500000000,聊城市,山东省,115.9801841,36.45418762,N113,聊城,聊城市,山东省,115.9801841,36.45418762,0.0,直接匹配城市名,高,鲁皖二期管道（西线）,济南,93.21608317735488,泰安,102.63262712125287
371600000000,滨州市,山东省,117.965887,37.38264419,N091,淄博,淄博市,山东省,118.050415,36.81483572,63.5810044918715,直接匹配城市名,高,鲁皖一期管道,齐鲁,63.5810044918715,济南,118.7318117632115
371700000000,菏泽市,山东省,115.4954262,35.25631256,N098,濮阳,濮阳市,河南省,115.0236155,35.76426442,70.80899254686963,直接匹配城市名,高,鲁皖二期管道（西线）,兖州,100.30930020647249,曲阜,100.30930020647249
410100000000,郑州市,河南省,113.6193176,34.74752068,N048,巩义,郑州市,河南省,113.6193176,34.74752068,0.0,别名映射至地级市,高,洛驻管道,郑州,0.0,新乡,67.6504525297364
410200000000,开封市,河南省,114.3018549,34.79918562,N048,巩义,郑州市,河南省,113.6193176,34.74752068,62.60510300321408,别名映射至地级市,高,洛驻管道,郑州,62.60510300321408,新乡,66.14776794745596
410300000000,洛阳市,河南省,112.402798,34.64229511,N088,洛阳,洛阳市,河南省,112.402798,34.64229511,0.0,直接匹配城市名,高,洛驻管道,巩义,111.83214739017454,郑州,111.83214739017454
410400000000,平顶山市,河南省,113.1874622,33.76712576,N125,许昌,许昌市,河南省,113.8418998,34.03900016,67.54118787899642,直接匹配城市名,高,洛驻管道,漯河,78.99368309603332,驻马店,114.29774664135607
410500000000,安阳市,河南省,114.3583007,36.09691222,N082,汤阴,安阳市,河南省,114.3583007,36.09691222,0.0,别名映射至地级市,高,鲁皖二期管道（汤石支线）；鲁皖二期管道（汤郑支线）；鲁皖二期管道（西线）,邯郸,61.02865368682936,濮阳,70.4028428098234
410600000000,鹤壁市,河南省,114.2880788,35.75074794,N082,汤阴,安阳市,河南省,114.3583007,36.09691222,39.007667141934924,别名映射至地级市,高,鲁皖二期管道（汤石支线）；鲁皖二期管道（汤郑支线）；鲁皖二期管道（西线）,新乡,59.8509886199878,濮阳,66.38766189850956
410700000000,新乡市,河南省,113.9183294,35.30446704,N061,新乡,新乡市,河南省,113.9183294,35.30446704,0.0,直接匹配城市名,高,鲁皖二期管道（汤郑支线）,巩义,67.6504525297364,郑州,67.6504525297364
410800000000,焦作市,河南省,113.2383539,35.21767467,N061,新乡,新乡市,河南省,113.9183294,35.30446704,62.487407370888555,直接匹配城市名,高,鲁皖二期管道（汤郑支线）,巩义,62.75094711753175,郑州,62.75094711753175
410900000000,濮阳市,河南省,115.0236155,35.76426442,N098,濮阳,濮阳市,河南省,115.0236155,35.76426442,0.0,直接匹配城市名,高,鲁皖二期管道（西线）,汤阴,70.4028428098234,邯郸,105.43878527533985
411000000000,许昌市,河南省,113.8418998,34.03900016,N125,许昌,许昌市,河南省,113.8418998,34.03900016,0.0,直接匹配城市名,高,洛驻管道,漯河,53.053420070420074,巩义,81.38804499696948
411100000000,漯河市,河南省,114.012047,33.58330496,N096,漯河,漯河市,河南省,114.012047,33.58330496,0.0,直接匹配城市名,高,洛驻管道,许昌,53.053420070420074,驻马店,63.785787495444524
411200000000,三门峡市,河南省,111.2079304,34.7753463,N088,洛阳,洛阳市,河南省,112.402798,34.64229511,110.21796529826497,直接匹配城市名,高,洛驻管道,巩义,220.29773822326592,郑州,220.29773822326592
411300000000,南阳市,河南省,112.5219297,32.99134237,N124,襄阳,襄阳市,湖北省,112.1159833,32.01139396,115.42388033926736,直接匹配城市名,高,荆门-襄阳成品油管道,驻马店,139.69293740365694,漯河,153.35090614933173
411400000000,商丘市,河南省,115.6508372,34.41658995,N011,亳州,亳州市,安徽省,115.7750466,33.84858031,64.18617993604904,直接匹配城市名,高,安庆-亳州成品油管道,兖州,139.98747484066348,曲阜,139.98747484066348
411500000000,信阳市,河南省,114.0851703,32.15058474,N014,信阳,信阳市,河南省,114.0851703,32.15058474,0.0,直接匹配城市名,高,武汉-信阳成品油管道；驻信管道,广水,84.12340690138339,广水武胜关镇,84.12340690138339
411600000000,周口市,河南省,114.648992,33.62181601,N096,漯河,漯河市,河南省,114.012047,33.58330496,59.14515038930169,直接匹配城市名,高,洛驻管道,许昌,87.80392403930858,驻马店,89.72971717000617
411700000000,驻马店市,河南省,114.0197418,33.00970244,N148,驻马店,驻马店市,河南省,114.0197418,33.00970244,0.0,直接匹配城市名,高,洛驻管道；驻信管道,漯河,63.785787495444524,信阳,95.72615837573619
419000000000,省直辖县级行政区划,河南省,113.7474156,34.76650597,N048,巩义,郑州市,河南省,113.6193176,34.74752068,11.891324984302539,别名映射至地级市,高,洛驻管道,郑州,11.891324984302539,新乡,61.80946103009843
420100000000,武汉市,湖北省,114.3012374,30.59713291,N078,武汉,武汉市,湖北省,114.3012374,30.59713291,0.0,直接匹配城市名,高,兰郑长成品油管道；武汉-信阳成品油管道,广水,150.25577085346714,广水武胜关镇,150.25577085346714
420200000000,黄石市,湖北省,115.0335893,30.20347268,N078,武汉,武汉市,湖北省,114.3012374,30.59713291,82.76082788289149,直接匹配城市名,高,兰郑长成品油管道；武汉-信阳成品油管道,九江,106.963918712659,南昌,186.4262324482849
420300000000,十堰市,湖北省,110.7921275,32.63094317,N124,襄阳,襄阳市,湖北省,112.1159833,32.01139396,142.19869010102613,直接匹配城市名,高,荆门-襄阳成品油管道,荆门,221.14334983576754,广水,264.67896647123183
420500000000,宜昌市,湖北省,111.2815426,30.69507847,N119,荆门,荆门市,湖北省,112.1931881,31.03762742,94.98424362379627,直接匹配城市名,高,荆门-荆州成品油管道；荆门-襄阳成品油管道,荆州,99.50263083247651,襄阳,166.43732076344702
420600000000,襄阳市,湖北省,112.1159833,32.01139396,N124,襄阳,襄阳市,湖北省,112.1159833,32.01139396,0.0,直接匹配城市名,高,荆门-襄阳成品油管道,荆门,108.52503650336376,广水,124.19985687217584
420700000000,鄂州市,湖北省,114.8865854,30.39525829,N078,武汉,武汉市,湖北省,114.3012374,30.59713291,60.409126582612274,直接匹配城市名,高,兰郑长成品油管道；武汉-信阳成品油管道,九江,130.97945438678585,七里山,187.04015423246236
420800000000,荆门市,湖北省,112.1931881,31.03762742,N119,荆门,荆门市,湖北省,112.1931881,31.03762742,0.0,直接匹配城市名,高,荆门-荆州成品油管道；荆门-襄阳成品油管道,荆州,77.70770101937384,襄阳,108.52503650336376
420900000000,孝感市,湖北省,113.911666,30.92922238,N078,武汉,武汉市,湖北省,114.3012374,30.59713291,52.43212066833209,直接匹配城市名,高,兰郑长成品油管道；武汉-信阳成品油管道,广水,98.92145767640348,广水武胜关镇,98.92145767640348
421000000000,荆州市,湖北省,112.2348628,30.33970576,N118,荆州,荆州市,湖北省,112.2348628,30.33970576,0.0,直接匹配城市名,高,荆门-荆州成品油管道,荆门,77.70770101937384,七里山,137.82952369008146
421100000000,黄冈市,湖北省,114.8662715,30.45520971,N078,武汉,武汉市,湖北省,114.3012374,30.59713291,56.37455199266232,直接匹配城市名,高,兰郑长成品油管道；武汉-信阳成品油管道,九江,136.70444122660268,七里山,189.1214903006929
421200000000,咸宁市,湖北省,114.3172176,29.84383727,N078,武汉,武汉市,湖北省,114.3012374,30.59713291,83.77684023837242,直接匹配城市名,高,兰郑长成品油管道；武汉-信阳成品油管道,七里山,109.95627214684713,汨罗,109.95627214684713
421300000000,随州市,湖北省,113.3761098,31.69215886,N050,广水,随州市,湖北省,113.3761098,31.69215886,0.0,别名映射至地级市,高,156支线,广水武胜关镇,0.0,信阳,84.12340690138339
422800000000,恩施土家族苗族自治州,湖北省,109.4832872,30.27471062,N118,荆州,荆州市,湖北省,112.2348628,30.33970576,264.23888042764173,直接匹配城市名,高,荆门-荆州成品油管道,荆门,272.7336136185147,江津,293.74731278494414
429000000000,省直辖县级行政区划,湖北省,114.336063,30.54859064,N078,武汉,武汉市,湖北省,114.3012374,30.59713291,6.344366011981113,直接匹配城市名,高,兰郑长成品油管道；武汉-信阳成品油管道,广水,156.5859003825458,广水武胜关镇,156.5859003825458
430100000000,长沙市,湖南省,112.9334488,28.23178771,N144,长沙,长沙市,湖南省,112.9334488,28.23178771,0.0,直接匹配城市名,高,兰郑长成品油管道；长岭-郴州成品油管道,湘潭,44.30902209217712,株洲,48.14318408382006
430200000000,株洲市,湖南省,113.1266032,27.83380795,N071,株洲,株洲市,湖南省,113.1266032,27.83380795,0.0,直接匹配城市名,高,湘株支线,湘潭,18.491879987050954,长沙,48.14318408382006
430300000000,湘潭市,湖南省,112.9385458,27.83333305,N094,湘潭,湘潭市,湖南省,112.9385458,27.83333305,0.0,直接匹配城市名,高,湘娄支线；湘株支线；长岭-郴州成品油管道,株洲,18.491879987050954,长沙,44.30902209217712
430400000000,衡阳市,湖南省,112.5664064,26.89725267,N112,耒阳,衡阳市,湖南省,112.5664064,26.89725267,0.0,别名映射至地级市,高,长岭-郴州成品油管道,衡阳,0.0,娄底,105.91585864743526
430500000000,邵阳市,湖南省,111.4594779,27.24001892,N042,娄底,娄底市,湖南省,111.990876,27.70083635,73.30833667498294,直接匹配城市名,高,湘娄支线,耒阳,116.039832728929,衡阳,116.039832728929
430600000000,岳阳市,湖南省,113.260805,29.47623236,N002,七里山,岳阳市,湖南省,113.260805,29.47623236,0.0,别名映射至地级市,中,长岭-郴州成品油管道,汨罗,0.0,长岭,0.0
430700000000,常德市,湖南省,111.6932268,29.0343095,N144,长沙,长沙市,湖南省,112.9334488,28.23178771,150.37824548839274,直接匹配城市名,高,兰郑长成品油管道；长岭-郴州成品油管道,娄底,151.10834392436834,荆州,154.29497339163564
430800000000,张家界市,湖南省,110.4740873,29.11971738,N042,娄底,娄底市,湖南省,111.990876,27.70083635,216.55603102579067,直接匹配城市名,高,湘娄支线,荆州,217.5002726418718,长沙,259.4405342587838
430900000000,益阳市,湖南省,112.3494319,28.55813037,N144,长沙,长沙市,湖南省,112.9334488,28.23178771,67.67761560710416,直接匹配城市名,高,兰郑长成品油管道；长岭-郴州成品油管道,湘潭,99.13849053620132,娄底,101.60425761242897
431000000000,郴州市,湖南省,113.0099272,25.77315809,N134,郴州,郴州市,湖南省,113.0099272,25.77315809,0.0,直接匹配城市名,高,长岭-郴州成品油管道,耒阳,132.5778164965883,衡阳,132.5778164965883
431100000000,永州市,湖南省,111.6104773,26.42484365,N112,耒阳,衡阳市,湖南省,112.5664064,26.89725267,108.5490450639891,别名映射至地级市,高,长岭-郴州成品油管道,衡阳,108.5490450639891,娄底,146.79852656135702
431200000000,怀化市,湖南省,109.9989694,27.57159405,N042,娄底,娄底市,湖南省,111.990876,27.70083635,196.74388754245393,直接匹配城市名,高,湘娄支线,桂林,256.72460739329364,耒阳,264.6744254072681
431300000000,娄底市,湖南省,111.990876,27.70083635,N042,娄底,娄底市,湖南省,111.990876,27.70083635,0.0,直接匹配城市名,高,湘娄支线,湘潭,94.39854001897788,耒阳,105.91585864743526
433100000000,湘西土家族苗族自治州,湖南省,109.6668428,28.21740149,N042,娄底,娄底市,湖南省,111.990876,27.70083635,235.37020823322402,直接匹配城市名,高,湘娄支线,长沙,320.03689794209697,耒阳,321.31264524968884
440100000000,广州市,广东省,113.2578297,23.1332448,N026,南沙,广州市,广东省,113.2578297,23.1332448,0.0,别名映射至地级市,高,珠三角成品油管网,花都,0.0,黄埔,0.0
440200000000,韶关市,广东省,113.5921212,24.81415159,N134,郴州,郴州市,湖南省,113.0099272,25.77315809,121.64340628428425,直接匹配城市名,高,长岭-郴州成品油管道,赣州,175.8329062678209,南沙,189.96918403201613
440300000000,深圳市,广东省,114.0548095,22.54760649,N039,大鹏湾,深圳市,广东省,114.0548095,22.54760649,0.0,别名映射至地级市,中,珠三角成品油管网,妈湾,0.0,北沙,58.10441203577031
440400000000,珠海市,广东省,113.5728911,22.2745396,N021,北沙,珠海市,广东省,113.5728911,22.2745396,0.0,别名映射至地级市,中,珠三角成品油管网,斗门,0.0,珠海,0.0
440500000000,汕头市,广东省,116.6769607,23.35667796,N075,梅州,梅州市,广东省,116.1160706,24.29108064,118.53456893357486,直接匹配城市名,高,珠三角成品油管网,东孚,189.73819553097331,石湖山,189.73819553097331
440600000000,佛山市,广东省,113.1135059,23.02428458,N003,三水,佛山市,广东省,113.1135059,23.02428458,0.0,别名映射至地级市,高,珠三角成品油管网,南海,0.0,南沙,19.098712020114537
440700000000,江门市,广东省,113.0740716,22.58145271,N081,江门,江门市,广东省,113.0740716,22.58145271,0.0,直接匹配城市名,高,珠三角成品油管网,三水,49.40635816903986,南海,49.40635816903986
440800000000,湛江市,广东省,110.3828201,21.26187491,N006,东海岛,湛江市,广东省,110.3828201,21.26187491,0.0,别名映射至地级市,中,西南成品油管网（南线）,湛江,0.0,茂名,71.6439861753242
440900000000,茂名市,广东省,110.9216638,21.66642469,N117,茂名,茂名市,广东省,110.9216638,21.66642469,0.0,直接匹配城市名,高,珠三角成品油管网；西南成品油管网（北线）,东海岛,71.6439861753242,湛江,71.6439861753242
441200000000,肇庆市,广东省,112.4991499,23.07507516,N003,三水,佛山市,广东省,113.1135059,23.02428458,63.112765828725,别名映射至地级市,高,珠三角成品油管网,南海,63.112765828725,南沙,77.86411093639433
441300000000,惠州市,广东省,114.4106386,23.11487488,N056,惠州,惠州市,广东省,114.4106386,23.11487488,0.0,直接匹配城市名,高,珠三角成品油管网,大鹏湾,72.85981250227653,妈湾,72.85981250227653
441400000000,梅州市,广东省,116.1160706,24.29108064,N075,梅州,梅州市,广东省,116.1160706,24.29108064,0.0,直接匹配城市名,高,珠三角成品油管网,东孚,200.11710056462988,石湖山,200.11710056462988
441500000000,汕尾市,广东省,115.3703626,22.78878235,N056,惠州,惠州市,广东省,114.4106386,23.11487488,104.74414486171021,直接匹配城市名,高,珠三角成品油管网,大鹏湾,137.62059617798283,妈湾,137.62059617798283
441600000000,河源市,广东省,114.6970843,23.74734266,N056,惠州,惠州市,广东省,114.4106386,23.11487488,76.15778448959844,直接匹配城市名,高,珠三角成品油管网,大鹏湾,148.69067197489866,妈湾,148.69067197489866
441700000000,阳江市,广东省,111.9787851,21.84803613,N117,茂名,茂名市,广东省,110.9216638,21.66642469,111.02472695478849,直接匹配城市名,高,珠三角成品油管网；西南成品油管网（北线）,江门,139.15139196279014,北沙,170.98573878903355
441800000000,清远市,广东省,113.0496314,23.68268406,N026,南沙,广州市,广东省,113.2578297,23.1332448,64.68346002539839,别名映射至地级市,高,珠三角成品油管网,花都,64.68346002539839,黄埔,64.68346002539839
441900000000,东莞市,广东省,113.7473972,23.02414219,N026,南沙,广州市,广东省,113.2578297,23.1332448,51.52914153664129,别名映射至地级市,高,珠三角成品油管网,花都,51.52914153664129,黄埔,51.52914153664129
442000000000,中山市,广东省,113.3847876,22.52031979,N081,江门,江门市,广东省,113.0740716,22.58145271,32.62440460799929,直接匹配城市名,高,珠三角成品油管网,北沙,33.47946194687509,斗门,33.47946194687509
445100000000,潮州市,广东省,116.6233587,23.67507239,N075,梅州,梅州市,广东省,116.1160706,24.29108064,85.72031235331518,直接匹配城市名,高,珠三角成品油管网,东孚,173.00754566086786,石湖山,173.00754566086786
445200000000,揭阳市,广东省,116.3840887,23.55730082,N075,梅州,梅州市,广东省,116.1160706,24.29108064,86.02015504555783,直接匹配城市名,高,珠三角成品油管网,东孚,200.64018357550097,石湖山,200.64018357550097
445300000000,云浮市,广东省,112.0369131,22.92026851,N003,三水,佛山市,广东省,113.1135059,23.02428458,110.82286524109206,别名映射至地级市,高,珠三角成品油管网,南海,110.82286524109206,江门,112.82925676354833
450100000000,南宁市,广西壮族自治区,108.3621636,22.82027814,N024,南宁,南宁市,广西壮族自治区,108.3621636,22.82027814,0.0,直接匹配城市名,高,西南成品油管网（南线）；钦南柳成品油管道,黎塘,0.0,钦州,97.62752678335013
450200000000,柳州市,广西壮族自治区,109.4257429,24.32828748,N069,柳州,柳州市,广西壮族自治区,109.4257429,24.32828748,0.0,直接匹配城市名,高,西南成品油管网（北线）；钦南柳成品油管道,柳库,0.0,桂林,136.45171301614658
450300000000,桂林市,广西壮族自治区,110.2833245,25.27690019,N073,桂林,桂林市,广西壮族自治区,110.2833245,25.27690019,0.0,直接匹配城市名,高,西南成品油管网（北线）,柳州,136.45171301614658,柳库,136.45171301614658
450400000000,梧州市,广西壮族自治区,111.2736863,23.47936459,N003,三水,佛山市,广东省,113.1135059,23.02428458,194.65314918104636,别名映射至地级市,高,珠三角成品油管网,南海,194.65314918104636,茂名,204.80426010386958
450500000000,北海市,广西壮族自治区,109.1145133,21.48474782,N138,钦州,钦州市,广西壮族自治区,108.6506176,21.98377513,73.3143048118784,直接匹配城市名,高,钦南柳成品油管道,东海岛,133.64759749826683,湛江,133.64759749826683
450600000000,防城港市,广西壮族自治区,108.3489274,21.68808479,N138,钦州,钦州市,广西壮族自治区,108.6506176,21.98377513,45.2848790073444,直接匹配城市名,高,钦南柳成品油管道,南宁,125.90169912237702,黎塘,125.90169912237702
450700000000,钦州市,广西壮族自治区,108.6506176,21.98377513,N138,钦州,钦州市,广西壮族自治区,108.6506176,21.98377513,0.0,直接匹配城市名,高,钦南柳成品油管道,南宁,97.62752678335013,黎塘,97.62752678335013
450800000000,贵港市,广西壮族自治区,109.5948575,23.1146178,N024,南宁,南宁市,广西壮族自治区,108.3621636,22.82027814,130.3778461483591,直接匹配城市名,高,西南成品油管网（南线）；钦南柳成品油管道,黎塘,130.3778461483591,柳州,136.04771022718168
450900000000,玉林市,广西壮族自治区,110.1753144,22.65463363,N117,茂名,茂名市,广东省,110.9216638,21.66642469,134.09588368448826,直接匹配城市名,高,珠三角成品油管网；西南成品油管网（北线）,东海岛,156.3393379518844,湛江,156.3393379518844
451000000000,百色市,广西壮族自治区,106.6052027,23.89803782,N024,南宁,南宁市,广西壮族自治区,108.3621636,22.82027814,215.7024410233557,直接匹配城市名,高,西南成品油管网（南线）；钦南柳成品油管道,黎塘,215.7024410233557,柳州,290.22734200598677
451100000000,贺州市,广西壮族自治区,111.5603106,24.40551807,N073,桂林,桂林市,广西壮族自治区,110.2833245,25.27690019,161.21944368087472,直接匹配城市名,高,西南成品油管网（北线）,郴州,210.79728172460804,柳州,216.3788175899578
451200000000,河池市,广西壮族自治区,108.0807098,24.69555025,N069,柳州,柳州市,广西壮族自治区,109.4257429,24.32828748,142.07657476848004,直接匹配城市名,高,西南成品油管网（北线）；钦南柳成品油管道,柳库,142.07657476848004,南宁,210.47895269288898
451300000000,来宾市,广西壮族自治区,109.2169212,23.75273175,N069,柳州,柳州市,广西壮族自治区,109.4257429,24.32828748,67.4206729219636,直接匹配城市名,高,西南成品油管网（北线）；钦南柳成品油管道,柳库,67.4206729219636,南宁,135.5428236326226
451400000000,崇左市,广西壮族自治区,107.3632413,22.37938697,N024,南宁,南宁市,广西壮族自治区,108.3621636,22.82027814,113.66174563325212,直接匹配城市名,高,西南成品油管网（南线）；钦南柳成品油管道,黎塘,113.66174563325212,钦州,139.6636115626785
460100000000,海口市,海南省,110.1939835,20.04651831,N006,东海岛,湛江市,广东省,110.3828201,21.26187491,136.5624377875131,别名映射至地级市,中,西南成品油管网（南线）,湛江,136.5624377875131,茂名,195.35081973544672
460200000000,三亚市,海南省,109.5075953,18.25476605,N006,东海岛,湛江市,广东省,110.3828201,21.26187491,346.6891405538771,别名映射至地级市,中,西南成品油管网（南线）,湛江,346.6891405538771,茂名,407.1204199197755
460300000000,三沙市,海南省,112.3351594,16.83237407,N006,东海岛,湛江市,广东省,110.3828201,21.26187491,533.5489855083116,别名映射至地级市,中,西南成品油管网（南线）,湛江,533.5489855083116,茂名,557.6120529646198
460400000000,儋州市,海南省,109.5784697,19.52363796,N006,东海岛,湛江市,广东省,110.3828201,21.26187491,210.679563239998,别名映射至地级市,中,西南成品油管网（南线）,湛江,210.679563239998,茂名,276.2519585627105
469000000000,省直辖县级行政区划,海南省,110.3443817,20.02065208,N006,东海岛,湛江市,广东省,110.3828201,21.26187491,138.07581405396257,别名映射至地级市,中,西南成品油管网（南线）,湛江,138.07581405396257,茂名,192.58272301243315
500100000000,重庆市,重庆市,106.5467371,29.56659842,N080,江津,重庆市,重庆市,106.5467371,29.56659842,0.0,别名映射至地级市,高,西南成品油管网（北线）,重庆,0.0,成都,271.77483801936035
500200000000,县,重庆市,108.6929197,30.93297749,N080,江津,重庆市,重庆市,106.5467371,29.56659842,256.0796715866643,别名映射至地级市,高,西南成品油管网（北线）,重庆,256.0796715866643,荆门,333.8607491746385
510100000000,成都市,四川省,104.0385743,30.69284828,N057,成都,成都市,四川省,104.0385743,30.69284828,0.0,直接匹配城市名,高,兰成渝成品油管道,简阳,0.0,江津,271.77483801936035
510300000000,自贡市,四川省,104.7736092,29.33167855,N057,成都,成都市,四川省,104.0385743,30.69284828,167.0833491818654,直接匹配城市名,高,兰成渝成品油管道,简阳,167.0833491818654,江津,173.66209891669783
510400000000,攀枝花市,四川省,101.718995,26.58597198,N038,大理,大理白族自治州,云南省,100.2621213,25.60771126,181.64931854843383,别名映射至地级市,高,云南成品油管网（安保线）；西南成品油管网（南线）,安宁,196.2438182586254,寻甸,196.2438182586254
510500000000,泸州市,四川省,105.4377565,28.87602505,N080,江津,重庆市,重庆市,106.5467371,29.56659842,132.20532880391775,别名映射至地级市,高,西南成品油管网（北线）,重庆,132.20532880391775,成都,242.98685827864057
510600000000,德阳市,四川省,104.3891169,31.10379557,N057,成都,成都市,四川省,104.0385743,30.69284828,56.628060663913445,直接匹配城市名,高,兰成渝成品油管道,简阳,56.628060663913445,江津,268.4912724290964
510700000000,绵阳市,四川省,104.6775482,31.47054157,N057,成都,成都市,四川省,104.0385743,30.69284828,105.73860268762982,直接匹配城市名,高,兰成渝成品油管道,简阳,105.73860268762982,江津,277.2601116468483
510800000000,广元市,四川省,105.8353491,32.43993636,N057,成都,成都市,四川省,104.0385743,30.69284828,258.2880748051564,直接匹配城市名,高,兰成渝成品油管道,简阳,258.2880748051564,江津,326.6129376594554
510900000000,遂宁市,四川省,105.5891994,30.53539855,N080,江津,重庆市,重庆市,106.5467371,29.56659842,141.76777864981207,别名映射至地级市,高,西南成品油管网（北线）,重庆,141.76777864981207,成都,149.41710572771157
511000000000,内江市,四川省,105.0539751,29.58345427,N080,江津,重庆市,重庆市,106.5467371,29.56659842,144.37243592414214,别名映射至地级市,高,西南成品油管网（北线）,重庆,144.37243592414214,成都,157.32530766522
511100000000,乐山市,四川省,103.7636183,29.55512616,N057,成都,成都市,四川省,104.0385743,30.69284828,129.24325259265964,直接匹配城市名,高,兰成渝成品油管道,简阳,129.24325259265964,江津,269.1827616330943
511300000000,南充市,四川省,106.1066072,30.83952143,N080,江津,重庆市,重庆市,106.5467371,29.56659842,147.72678773827292,别名映射至地级市,高,西南成品油管网（北线）,重庆,147.72678773827292,成都,198.26069374669328
511400000000,眉山市,四川省,103.8462971,30.0798118,N057,成都,成都市,四川省,104.0385743,30.69284828,70.61757477179846,直接匹配城市名,高,兰成渝成品油管道,简阳,70.61757477179846,江津,266.67812354379146
511500000000,宜宾市,四川省,104.6409181,28.75224651,N080,江津,重庆市,重庆市,106.5467371,29.56659842,206.0225461636608,别名映射至地级市,高,西南成品油管网（北线）,重庆,206.0225461636608,成都,223.4858928242428
511600000000,广安市,四川省,106.6282084,30.45885597,N080,江津,重庆市,重庆市,106.5467371,29.56659842,99.52427040585832,别名映射至地级市,高,西南成品油管网（北线）,重庆,99.52427040585832,成都,249.27217116236403
511700000000,达州市,四川省,107.4631092,31.21207355,N080,江津,重庆市,重庆市,106.5467371,29.56659842,202.9832663301056,别名映射至地级市,高,西南成品油管网（北线）,重庆,202.9832663301056,成都,331.6140375895392
511800000000,雅安市,四川省,103.0396049,30.01270639,N057,成都,成都市,四川省,104.0385743,30.69284828,122.09631734596094,直接匹配城市名,高,兰成渝成品油管道,简阳,122.09631734596094,江津,342.043927499254
511900000000,巴中市,四川省,106.743407,31.87003569,N080,江津,重庆市,重庆市,106.5467371,29.56659842,256.81975609801617,别名映射至地级市,高,西南成品油管网（北线）,重庆,256.81975609801617,成都,288.4373010283641
512000000000,资阳市,四川省,104.6249896,30.13176206,N057,成都,成都市,四川省,104.0385743,30.69284828,83.99265153708303,直接匹配城市名,高,兰成渝成品油管道,简阳,83.99265153708303,江津,195.70150451851214
513200000000,阿坝藏族羌族自治州,四川省,102.2228483,31.90167551,N057,成都,成都市,四川省,104.0385743,30.69284828,218.6955447062297,直接匹配城市名,高,兰成渝成品油管道,简阳,218.6955447062297,兰州,485.7394414848262
513300000000,甘孜藏族自治州,四川省,101.9607366,30.05226249,N057,成都,成都市,四川省,104.0385743,30.69284828,211.67544207040604,直接匹配城市名,高,兰成渝成品油管道,简阳,211.67544207040604,江津,445.7190007456044
513400000000,凉山彝族自治州,四川省,102.2662179,27.88500333,N066,曲靖,曲靖市,云南省,103.7914451,25.49347973,306.0573212462642,直接匹配城市名,高,云南成品油管网（安曲线）；西南成品油管网（北线）；西南成品油管网（南线）,安宁,315.38375672835895,寻甸,315.38375672835895
520100000000,贵阳市,贵州省,106.6930042,26.73530793,N127,贵阳,贵阳市,贵州省,106.6930042,26.73530793,0.0,直接匹配城市名,高,西南成品油管网（北线）,江津,315.15187860426886,重庆,315.15187860426886
520200000000,六盘水市,贵州省,104.8269136,26.59517446,N066,曲靖,曲靖市,云南省,103.7914451,25.49347973,160.3361726247572,直接匹配城市名,高,云南成品油管网（安曲线）；西南成品油管网（北线）；西南成品油管网（南线）,贵阳,186.08299582670554,安宁,268.0067765748042
520300000000,遵义市,贵州省,106.9223162,27.72883348,N127,贵阳,贵阳市,贵州省,106.6930042,26.73530793,112.77748898445059,直接匹配城市名,高,西南成品油管网（北线）,江津,207.61047146251826,重庆,207.61047146251826
520400000000,安顺市,贵州省,105.944191,26.2566343,N127,贵阳,贵阳市,贵州省,106.6930042,26.73530793,91.57506778444258,直接匹配城市名,高,西南成品油管网（北线）,曲靖,231.48663827388648,安宁,346.3991914068335
520500000000,毕节市,贵州省,105.287295,27.28494202,N127,贵阳,贵阳市,贵州省,106.6930042,26.73530793,152.07828252923386,直接匹配城市名,高,西南成品油管网（北线）,曲靖,248.75403604784918,江津,282.0151670320608
520600000000,铜仁市,贵州省,109.1828189,27.73558041,N127,贵阳,贵阳市,贵州省,106.6930042,26.73530793,270.1141329145769,直接匹配城市名,高,西南成品油管网（北线）,娄底,276.4320602919641,桂林,294.5038253648022
522300000000,黔西南布依族苗族自治州,贵州省,104.9039334,25.09096506,N066,曲靖,曲靖市,云南省,103.7914451,25.49347973,120.46749242439286,直接匹配城市名,高,云南成品油管网（安曲线）；西南成品油管网（北线）；西南成品油管网（南线）,安宁,217.59490638953883,寻甸,217.59490638953883
522600000000,黔东南苗族侗族自治州,贵州省,107.9780709,26.58829414,N127,贵阳,贵阳市,贵州省,106.6930042,26.73530793,128.7408612557677,直接匹配城市名,高,西南成品油管网（北线）,桂林,272.76163735615864,柳州,290.2969773239658
522700000000,黔南布依族苗族自治州,贵州省,107.5179942,26.25670401,N127,贵阳,贵阳市,贵州省,106.6930042,26.73530793,97.83882254148759,直接匹配城市名,高,西南成品油管网（北线）,柳州,287.68048598693514,柳库,287.68048598693514
530100000000,昆明市,云南省,102.7432509,25.08100417,N044,安宁,昆明市,云南省,102.7432509,25.08100417,0.0,别名映射至地级市,高,云南成品油管网（安保线）；云南成品油管网（安曲线）；云南成品油管网（安蒙线）,寻甸,0.0,昆东,0.0
530300000000,曲靖市,云南省,103.7914451,25.49347973,N066,曲靖,曲靖市,云南省,103.7914451,25.49347973,0.0,直接匹配城市名,高,云南成品油管网（安曲线）；西南成品油管网（北线）；西南成品油管网（南线）,安宁,114.93302928751997,寻甸,114.93302928751997
530400000000,玉溪市,云南省,102.5258923,24.35033692,N101,玉溪,玉溪市,云南省,102.5258923,24.35033692,0.0,直接匹配城市名,高,云南成品油管网（安蒙线）,安宁,84.16073196024271,寻甸,84.16073196024271
530500000000,保山市,云南省,99.15527561,25.1118833,N013,保山,保山市,云南省,99.15527561,25.1118833,0.0,直接匹配城市名,高,云南成品油管网（安保线）,大理,124.13079681496241,玉溪,350.7819327932575
530600000000,昭通市,云南省,103.7150276,27.34151014,N066,曲靖,曲靖市,云南省,103.7914451,25.49347973,205.6327286097969,直接匹配城市名,高,云南成品油管网（安曲线）；西南成品油管网（北线）；西南成品油管网（南线）,安宁,269.40061269094934,寻甸,269.40061269094934
530700000000,丽江市,云南省,100.2255161,26.85838545,N038,大理,大理白族自治州,云南省,100.2621213,25.60771126,139.11673291528012,别名映射至地级市,高,云南成品油管网（安保线）；西南成品油管网（南线）,保山,221.71298527128508,安宁,319.99644226439693
530800000000,普洱市,云南省,100.9644668,22.8273989,N101,玉溪,玉溪市,云南省,102.5258923,24.35033692,232.36202844145083,直接匹配城市名,高,云南成品油管网（安蒙线）,蒙自,253.61901994174895,安宁,308.96754880792815
530900000000,临沧市,云南省,100.0876357,23.88677091,N013,保山,保山市,云南省,99.15527561,25.1118833,165.70167683510317,直接匹配城市名,高,云南成品油管网（安保线）,大理,192.16950520222187,玉溪,252.76128643443835
532300000000,楚雄彝族自治州,云南省,101.5176035,25.05445203,N044,安宁,昆明市,云南省,102.7432509,25.08100417,123.48373440550004,别名映射至地级市,高,云南成品油管网（安保线）；云南成品油管网（安曲线）；云南成品油管网（安蒙线）,寻甸,123.48373440550004,昆东,123.48373440550004
532500000000,红河哈尼族彝族自治州,云南省,103.3740373,23.36579148,N121,蒙自,红河哈尼族彝族自治州,云南省,103.3740373,23.36579148,0.0,别名映射至地级市,高,云南成品油管网（安蒙线）,玉溪,139.37008184096663,安宁,201.16243453260245
532600000000,文山壮族苗族自治州,云南省,104.2146876,23.40729934,N121,蒙自,红河哈尼族彝族自治州,云南省,103.3740373,23.36579148,85.92084124658335,别名映射至地级市,高,云南成品油管网（安蒙线）,玉溪,201.19505179566002,曲靖,235.89525416401858
532800000000,西双版纳傣族自治州,云南省,100.79588,22.01191961,N121,蒙自,红河哈尼族彝族自治州,云南省,103.3740373,23.36579148,304.3245491678262,别名映射至地级市,高,云南成品油管网（安蒙线）,玉溪,314.44431813542155,保山,383.1049537301198
532900000000,大理白族自治州,云南省,100.2621213,25.60771126,N038,大理,大理白族自治州,云南省,100.2621213,25.60771126,0.0,别名映射至地级市,高,云南成品油管网（安保线）；西南成品油管网（南线）,保山,124.13079681496241,安宁,256.1167141435846
533100000000,德宏傣族景颇族自治州,云南省,98.58446691,24.43725022,N013,保山,保山市,云南省,99.15527561,25.1118833,94.5963511836288,直接匹配城市名,高,云南成品油管网（安保线）,大理,213.33242419001184,玉溪,399.24580341677665
533300000000,怒江傈僳族自治州,云南省,98.85617819,25.82099134,N013,保山,保山市,云南省,99.15527561,25.1118833,84.37297949962448,直接匹配城市名,高,云南成品油管网（安保线）,大理,142.83374925320544,安宁,398.8390862818829
533400000000,迪庆藏族自治州,云南省,99.7062214,27.82729181,N038,大理,大理白族自治州,云南省,100.2621213,25.60771126,252.90571931392566,别名映射至地级市,高,云南成品油管网（安保线）；西南成品油管网（南线）,保山,306.878291009401,安宁,429.68497609456495
540100000000,拉萨市,西藏自治区,91.17069453,29.65619389,N059,拉萨,拉萨市,西藏自治区,91.17069453,29.65619389,0.0,直接匹配城市名,高,格拉成品油管道,保山,935.9694118238431,大理,1001.9084488360352
540200000000,日喀则市,西藏自治区,88.87948908,29.26797363,N059,拉萨,拉萨市,西藏自治区,91.17069453,29.65619389,225.98119000110168,直接匹配城市名,高,格拉成品油管道,保山,1115.8647592665895,大理,1194.0816395967136
540300000000,昌都市,西藏自治区,97.16762673,31.14569927,N059,拉萨,拉萨市,西藏自治区,91.17069453,29.65619389,598.4204678616653,直接匹配城市名,高,格拉成品油管道,成都,657.2673209887868,简阳,657.2673209887868
540400000000,林芝市,西藏自治区,94.36047495,29.65131987,N059,拉萨,拉萨市,西藏自治区,91.17069453,29.65619389,308.225542015094,直接匹配城市名,高,格拉成品油管道,保山,691.8651793099309,大理,734.7603569489839
540500000000,山南市,西藏自治区,91.77021051,29.24080078,N059,拉萨,拉萨市,西藏自治区,91.17069453,29.65619389,74.18406491488292,直接匹配城市名,高,格拉成品油管道,保山,862.4909066516632,大理,930.0465176553217
540600000000,那曲市,西藏自治区,92.0502324,31.48014574,N059,拉萨,拉萨市,西藏自治区,91.17069453,29.65619389,219.59852703386937,直接匹配城市名,高,格拉成品油管道,格尔木,816.877207242966,保山,992.1095889048137
542500000000,阿里地区,西藏自治区,80.09437155,32.49456009,N059,拉萨,拉萨市,西藏自治区,91.17069453,29.65619389,1100.4458657900138,直接匹配城市名,高,格拉成品油管道,乌鲁木齐,1419.534431807431,王家沟,1419.534431807431
610100000000,西安市,陕西省,108.9350372,34.34466151,N033,咸阳,咸阳市,陕西省,108.7047772,34.3303351,21.201718229340496,直接匹配城市名,高,兰郑长成品油管道,洛阳,319.50846434885386,襄阳,393.59869432259177
610200000000,铜川市,陕西省,108.9403909,34.89898482,N033,咸阳,咸阳市,陕西省,108.7047772,34.3303351,66.8061334486374,直接匹配城市名,高,兰郑长成品油管道,洛阳,317.5263200006196,巩义,427.394690312473
610300000000,宝鸡市,陕西省,107.2330101,34.36433893,N033,咸阳,咸阳市,陕西省,108.7047772,34.3303351,135.16914655250787,直接匹配城市名,高,兰郑长成品油管道,兰州,362.0647743875433,银川,467.06819316876965
610400000000,咸阳市,陕西省,108.7047772,34.3303351,N033,咸阳,咸阳市,陕西省,108.7047772,34.3303351,0.0,直接匹配城市名,高,兰郑长成品油管道,洛阳,340.68841219788675,襄阳,408.9667962181453
610500000000,渭南市,陕西省,109.4665339,34.52226987,N033,咸阳,咸阳市,陕西省,108.7047772,34.3303351,73.05482744411792,直接匹配城市名,高,兰郑长成品油管道,洛阳,269.1313224597183,襄阳,372.293692747082
610600000000,延安市,陕西省,109.4854884,36.6487674,N033,咸阳,咸阳市,陕西省,108.7047772,34.3303351,267.309494129817,直接匹配城市名,高,兰郑长成品油管道,太原,302.7541799930433,晋中,310.92971483229877
610700000000,汉中市,陕西省,107.0186554,33.06815441,N033,咸阳,咸阳市,陕西省,108.7047772,34.3303351,209.82266092221457,直接匹配城市名,高,兰郑长成品油管道,成都,385.88583925461177,简阳,385.88583925461177
610800000000,榆林市,陕西省,109.7280223,38.28745574,N135,鄂尔多斯,鄂尔多斯市,内蒙古自治区,109.7767426,39.60774057,146.869615514327,直接匹配城市名,高,呼和浩特-包头-鄂尔多斯成品油管道,太原,250.6671594106168,包头,260.13769388364096
610900000000,安康市,陕西省,109.0242266,32.68750575,N033,咸阳,咸阳市,陕西省,108.7047772,34.3303351,185.0595820448076,直接匹配城市名,高,兰郑长成品油管道,襄阳,299.9916660215744,荆门,351.0035665067806
611000000000,商洛市,陕西省,109.9355004,33.87210373,N033,咸阳,咸阳市,陕西省,108.7047772,34.3303351,124.24585160738732,直接匹配城市名,高,兰郑长成品油管道,洛阳,242.38122323919077,襄阳,290.1752498769818
620100000000,兰州市,甘肃省,103.8314138,36.06163277,N018,兰州,兰州市,甘肃省,103.8314138,36.06163277,0.0,直接匹配城市名,高,兰成渝成品油管道；兰郑长成品油管道；西部成品油管道,武威,233.1474672007084,银川,343.1576802537651
620200000000,嘉峪关市,甘肃省,98.28977255,39.7754035,N068,柳园,酒泉市,甘肃省,98.49115772,39.73039911,17.928539056761235,别名映射至地级市,中,西部成品油管道,酒泉,17.928539056761235,张掖,208.30289629443445
620300000000,金昌市,甘肃省,102.1860017,38.52060863,N077,武威,武威市,甘肃省,102.63634,37.92858453,76.6883950729464,直接匹配城市名,高,西部成品油管道,张掖,157.3083746978807,兰州,309.7411581845805
620400000000,白银市,甘肃省,104.1360649,36.54507691,N018,兰州,兰州市,甘肃省,103.8314138,36.06163277,60.291479965959134,直接匹配城市名,高,兰成渝成品油管道；兰郑长成品油管道；西部成品油管道,武威,203.20098906801582,银川,284.12477155235854
620500000000,天水市,甘肃省,105.7213647,34.58307072,N018,兰州,兰州市,甘肃省,103.8314138,36.06163277,237.54171562535834,直接匹配城市名,高,兰成渝成品油管道；兰郑长成品油管道；西部成品油管道,咸阳,274.9676553127337,银川,436.4389244677303
620600000000,武威市,甘肃省,102.63634,37.92858453,N077,武威,武威市,甘肃省,102.63634,37.92858453,0.0,直接匹配城市名,高,西部成品油管道,张掖,220.44472005764518,兰州,233.1474672007084
620700000000,张掖市,甘肃省,100.4482023,38.92467819,N052,张掖,张掖市,甘肃省,100.4482023,38.92467819,0.0,直接匹配城市名,高,西部成品油管道,柳园,190.68273798230376,酒泉,190.68273798230376
620800000000,平凉市,甘肃省,106.6593924,35.544083,N033,咸阳,咸阳市,陕西省,108.7047772,34.3303351,230.1595972948925,直接匹配城市名,高,兰郑长成品油管道,兰州,261.43732997231774,银川,329.41055414239526
620900000000,酒泉市,甘肃省,98.49115772,39.73039911,N068,柳园,酒泉市,甘肃省,98.49115772,39.73039911,0.0,别名映射至地级市,中,西部成品油管道,酒泉,0.0,张掖,190.68273798230376
621000000000,庆阳市,甘肃省,107.6388976,35.70948021,N033,咸阳,咸阳市,陕西省,108.7047772,34.3303351,181.48679447700755,直接匹配城市名,高,兰郑长成品油管道,银川,333.10370906004476,兰州,345.21762058943403
621100000000,定西市,甘肃省,104.5893395,35.60825794,N018,兰州,兰州市,甘肃省,103.8314138,36.06163277,84.9094741923899,直接匹配城市名,高,兰成渝成品油管道；兰郑长成品油管道；西部成品油管道,武威,311.15772967337296,银川,351.6341422507652
621200000000,陇南市,甘肃省,104.9573859,33.37207903,N057,成都,成都市,四川省,104.0385743,30.69284828,310.24723387983477,直接匹配城市名,高,兰成渝成品油管道,简阳,310.24723387983477,兰州,316.2693552094428
622900000000,临夏回族自治州,甘肃省,103.2070962,35.60385258,N018,兰州,兰州市,甘肃省,103.8314138,36.06163277,75.8859644674668,直接匹配城市名,高,兰成渝成品油管道；兰郑长成品油管道；西部成品油管道,武威,263.44916508383807,银川,417.988554405245
623000000000,甘南藏族自治州,甘肃省,102.9099386,34.98441136,N018,兰州,兰州市,甘肃省,103.8314138,36.06163277,145.95040525631939,直接匹配城市名,高,兰成渝成品油管道；兰郑长成品油管道；西部成品油管道,武威,328.29022896148103,成都,488.6994805510248
630100000000,西宁市,青海省,101.7761766,36.6171217,N077,武威,武威市,甘肃省,102.63634,37.92858453,164.49334289900074,直接匹配城市名,高,西部成品油管道,兰州,194.16876492956854,张掖,281.88097006098747
630200000000,海东市,青海省,102.1021849,36.50178046,N018,兰州,兰州市,甘肃省,103.8314138,36.06163277,162.5420050600485,直接匹配城市名,高,兰成渝成品油管道；兰郑长成品油管道；西部成品油管道,武威,165.55361132912972,张掖,306.1740300092383
632200000000,海北藏族自治州,青海省,100.8982312,36.95482548,N077,武威,武威市,甘肃省,102.63634,37.92858453,187.79971900073755,直接匹配城市名,高,西部成品油管道,张掖,222.56388346137587,兰州,280.32151823102726
632300000000,黄南藏族自治州,青海省,102.0133686,35.51996728,N018,兰州,兰州市,甘肃省,103.8314138,36.06163277,174.68959152020093,直接匹配城市名,高,兰成渝成品油管道；兰郑长成品油管道；西部成品油管道,武威,273.518744753805,张掖,403.1357401077948
632500000000,海南藏族自治州,青海省,100.6214124,36.29699204,N077,武威,武威市,甘肃省,102.63634,37.92858453,254.61821979488357,直接匹配城市名,高,西部成品油管道,兰州,289.28215821621933,张掖,292.58366178141284
632600000000,果洛藏族自治州,青海省,100.243345,34.47527154,N018,兰州,兰州市,甘肃省,103.8314138,36.06163277,370.40148142230106,直接匹配城市名,高,兰成渝成品油管道；兰郑长成品油管道；西部成品油管道,格尔木,413.54068370489637,武威,439.9029150384067
632700000000,玉树藏族自治州,青海省,97.00586294,33.0084468,N072,格尔木,海西蒙古族藏族自治州,青海省,97.36903221,37.37652179,486.8269522412602,别名映射至地级市,中,格拉成品油管道,拉萨,667.717631448193,兰州,711.1889729304838
632800000000,海西蒙古族藏族自治州,青海省,97.36903221,37.37652179,N072,格尔木,海西蒙古族藏族自治州,青海省,97.36903221,37.37652179,0.0,别名映射至地级市,中,格拉成品油管道,柳园,279.32941821832566,酒泉,279.32941821832566
640100000000,银川市,宁夏回族自治区,106.2305529,38.4866953,N139,银川,银川市,宁夏回族自治区,106.2305529,38.4866953,0.0,直接匹配城市名,高,银巴线,巴彦淖尔,269.56929474727497,武威,320.09201742014386
640200000000,石嘴山市,宁夏回族自治区,106.3653427,39.01561106,N139,银川,银川市,宁夏回族自治区,106.2305529,38.4866953,59.963085607914685,直接匹配城市名,高,银巴线,巴彦淖尔,210.74776085059898,鄂尔多斯,300.76650838762674
640300000000,吴忠市,宁夏回族自治区,106.1940238,37.99735336,N139,银川,银川市,宁夏回族自治区,106.2305529,38.4866953,54.5058548127816,直接匹配城市名,高,银巴线,兰州,300.5027140923967,武威,311.96669949987853
640400000000,固原市,宁夏回族自治区,106.238454,36.01645087,N018,兰州,兰州市,甘肃省,103.8314138,36.06163277,216.4797616562301,直接匹配城市名,高,兰成渝成品油管道；兰郑长成品油管道；西部成品油管道,银川,274.6799174390578,咸阳,292.21926281766736
640500000000,中卫市,宁夏回族自治区,105.193056,37.4993046,N139,银川,银川市,宁夏回族自治区,106.2305529,38.4866953,142.54743041321532,直接匹配城市名,高,银巴线,兰州,200.64764832974055,武威,229.8995742515697
650100000000,乌鲁木齐市,新疆维吾尔自治区,87.61399479,43.82418589,N009,乌鲁木齐,乌鲁木齐市,新疆维吾尔自治区,87.61399479,43.82418589,0.0,直接匹配城市名,高,独山子-703泵站-乌鲁木齐成品油管道；西部成品油管道,王家沟,0.0,703,32.216732311820714
650200000000,克拉玛依市,新疆维吾尔自治区,84.88680126,45.57908248,N015,克拉玛依,克拉玛依市,新疆维吾尔自治区,84.88680126,45.57908248,0.0,直接匹配城市名,高,克拉玛依-乌鲁木齐成品油管道；克拉玛依-乌鲁木齐成品油管道（复线）,独山子,0.0,703,258.56470365586114
650400000000,吐鲁番市,新疆维吾尔自治区,89.18826666,42.94974568,N009,乌鲁木齐,乌鲁木齐市,新疆维吾尔自治区,87.61399479,43.82418589,160.1137455343938,直接匹配城市名,高,独山子-703泵站-乌鲁木齐成品油管道；西部成品油管道,王家沟,160.1137455343938,703,192.29498686536948
650500000000,哈密市,新疆维吾尔自治区,93.51362048,42.81802454,N034,哈密,哈密市,新疆维吾尔自治区,93.51362048,42.81802454,0.0,直接匹配城市名,高,西部成品油管道,乌鲁木齐,490.07961205139225,王家沟,490.07961205139225
652300000000,昌吉回族自治州,新疆维吾尔自治区,87.3044857,44.00921537,N001,703,昌吉回族自治州,新疆维吾尔自治区,87.3044857,44.00921537,0.0,别名映射至地级市,中,独山子-703泵站-乌鲁木齐成品油管道,乌鲁木齐,32.216732311820714,王家沟,32.216732311820714
652700000000,博尔塔拉蒙古自治州,新疆维吾尔自治区,82.06308701,44.90502269,N015,克拉玛依,克拉玛依市,新疆维吾尔自治区,84.88680126,45.57908248,233.424020455089,直接匹配城市名,高,克拉玛依-乌鲁木齐成品油管道；克拉玛依-乌鲁木齐成品油管道（复线）,独山子,233.424020455089,703,427.67467649552526
652800000000,巴音郭楞蒙古自治州,新疆维吾尔自治区,86.14263907,41.76260655,N009,乌鲁木齐,乌鲁木齐市,新疆维吾尔自治区,87.61399479,43.82418589,258.7614225730053,直接匹配城市名,高,独山子-703泵站-乌鲁木齐成品油管道；西部成品油管道,王家沟,258.7614225730053,703,267.1370798365807
652900000000,阿克苏地区,新疆维吾尔自治区,80.28870015,41.18439713,N015,克拉玛依,克拉玛依市,新疆维吾尔自治区,84.88680126,45.57908248,613.675731648589,直接匹配城市名,高,克拉玛依-乌鲁木齐成品油管道；克拉玛依-乌鲁木齐成品油管道（复线）,独山子,613.675731648589,703,654.2385924404063
653000000000,克孜勒苏柯尔克孜自治州,新疆维吾尔自治区,76.16471207,39.71343681,N015,克拉玛依,克拉玛依市,新疆维吾尔自治区,84.88680126,45.57908248,965.547780384058,直接匹配城市名,高,克拉玛依-乌鲁木齐成品油管道；克拉玛依-乌鲁木齐成品油管道（复线）,独山子,965.547780384058,703,1037.6275299721258
653100000000,喀什地区,新疆维吾尔自治区,75.99083169,39.46745583,N015,克拉玛依,克拉玛依市,新疆维吾尔自治区,84.88680126,45.57908248,995.5195725726005,直接匹配城市名,高,克拉玛依-乌鲁木齐成品油管道；克拉玛依-乌鲁木齐成品油管道（复线）,独山子,995.5195725726005,703,1064.6225916268688
653200000000,和田地区,新疆维吾尔自治区,79.91096959,37.11259516,N001,703,昌吉回族自治州,新疆维吾尔自治区,87.3044857,44.00921537,988.1560218552877,别名映射至地级市,中,独山子-703泵站-乌鲁木齐成品油管道,乌鲁木齐,989.8254502317883,王家沟,989.8254502317883
654000000000,伊犁哈萨克自治州,新疆维吾尔自治区,81.32066211,43.91586232,N015,克拉玛依,克拉玛依市,新疆维吾尔自治区,84.88680126,45.57908248,336.8719332086167,直接匹配城市名,高,克拉玛依-乌鲁木齐成品油管道；克拉玛依-乌鲁木齐成品油管道（复线）,独山子,336.8719332086167,703,478.9378379644975
654200000000,塔城地区,新疆维吾尔自治区,82.98376217,46.75089663,N015,克拉玛依,克拉玛依市,新疆维吾尔自治区,84.88680126,45.57908248,196.09371697200828,直接匹配城市名,高,克拉玛依-乌鲁木齐成品油管道；克拉玛依-乌鲁木齐成品油管道（复线）,独山子,196.09371697200828,703,454.64958427009907
654300000000,阿勒泰地区,新疆维吾尔自治区,87.48335055,47.11080309,N015,克拉玛依,克拉玛依市,新疆维吾尔自治区,84.88680126,45.57908248,262.14436076239076,直接匹配城市名,高,克拉玛依-乌鲁木齐成品油管道；克拉玛依-乌鲁木齐成品油管道（复线）,独山子,262.14436076239076,703,345.162035372478
