管段ID,管道名称,起点节点,终点节点,起点节点ID,终点节点ID,起点经度_WGS84,起点纬度_WGS84,终点经度_WGS84,终点纬度_WGS84,设计输量_万吨年,投产年份,管段方向,坐标说明
S001,西部成品油管道,乌鲁木齐,哈密,N009,N034,87.61399479,43.82418589,93.51362048,42.81802454,1000.0,2006,乌鲁木齐首站 → 哈密站,节点坐标为城市点位或别名映射后的地级市点位
S002,西部成品油管道,哈密,柳园,N034,N068,93.51362048,42.81802454,98.49115772,39.73039911,1000.0,2006,哈密站 → 柳园站,节点坐标为城市点位或别名映射后的地级市点位
S003,西部成品油管道,柳园,酒泉,N068,N136,98.49115772,39.73039911,98.49115772,39.73039911,1000.0,2006,柳园站 → 酒泉站,节点坐标为城市点位或别名映射后的地级市点位
S004,西部成品油管道,酒泉,张掖,N136,N052,98.49115772,39.73039911,100.4482023,38.92467819,1000.0,2006,酒泉站 → 张掖站,节点坐标为城市点位或别名映射后的地级市点位
S005,西部成品油管道,张掖,武威,N052,N077,100.4482023,38.92467819,102.63634,37.92858453,1000.0,2006,张掖站 → 武威站,节点坐标为城市点位或别名映射后的地级市点位
S006,西部成品油管道,武威,兰州,N077,N018,102.63634,37.92858453,103.8314138,36.06163277,1000.0,2006,武威站 → 兰州末站,节点坐标为城市点位或别名映射后的地级市点位
S007,独山子-703泵站-乌鲁木齐成品油管道,独山子,703,N100,N001,84.88680126,45.57908248,87.3044857,44.00921537,100.0,1998,独山子 → 703泵站,节点坐标为城市点位或别名映射后的地级市点位
S008,独山子-703泵站-乌鲁木齐成品油管道,703,乌鲁木齐,N001,N009,87.3044857,44.00921537,87.61399479,43.82418589,100.0,1998,703泵站 → 乌鲁木齐,节点坐标为城市点位或别名映射后的地级市点位
S009,独山子-乌鲁木齐成品油管道,独山子,王家沟,N100,N102,84.88680126,45.57908248,87.61399479,43.82418589,520.0,2004,独山子 → 王家沟,节点坐标为城市点位或别名映射后的地级市点位
S010,克拉玛依-乌鲁木齐成品油管道,克拉玛依,王家沟,N015,N102,84.88680126,45.57908248,87.61399479,43.82418589,160.0,1996,克拉玛依 → 王家沟首站,节点坐标为城市点位或别名映射后的地级市点位
S011,克拉玛依-乌鲁木齐成品油管道（复线）,克拉玛依,王家沟,N015,N102,84.88680126,45.57908248,87.61399479,43.82418589,400.0,2009,克拉玛依 → 王家沟首站,节点坐标为城市点位或别名映射后的地级市点位
S012,兰郑长成品油管道,兰州,咸阳,N018,N033,103.8314138,36.06163277,108.7047772,34.3303351,1000.0,2009,兰州 → 咸阳,节点坐标为城市点位或别名映射后的地级市点位
S013,兰郑长成品油管道,咸阳,郑州,N033,N133,108.7047772,34.3303351,113.6193176,34.74752068,1500.0,2009,咸阳 → 郑州,节点坐标为城市点位或别名映射后的地级市点位
S014,兰郑长成品油管道,郑州,武汉,N133,N078,113.6193176,34.74752068,114.3012374,30.59713291,1000.0,2009,郑州 → 武汉,节点坐标为城市点位或别名映射后的地级市点位
S015,兰郑长成品油管道,武汉,长沙,N078,N144,114.3012374,30.59713291,112.9334488,28.23178771,500.0,2009,武汉 → 长沙,节点坐标为城市点位或别名映射后的地级市点位
S016,大港-济南-枣庄成品油管道,大港,沧州,N037,N084,117.2614223,39.13515139,116.855601,38.31116389,285.0,2007,大港首站 → 沧州清管站,节点坐标为城市点位或别名映射后的地级市点位
S017,大港-济南-枣庄成品油管道,沧州,德州,N084,N055,116.855601,38.31116389,116.3499607,37.4368547,285.0,2007,沧州清管站 → 德州分输泵站,节点坐标为城市点位或别名映射后的地级市点位
S018,大港-济南-枣庄成品油管道,德州,济南,N055,N089,116.3499607,37.4368547,116.9954885,36.64792998,285.0,2007,德州分输泵站 → 济南分输站,节点坐标为城市点位或别名映射后的地级市点位
S019,大港-济南-枣庄成品油管道,济南,济南,N089,N089,116.9954885,36.64792998,116.9954885,36.64792998,285.0,2007,济南分输站 → 济南清管站,节点坐标为城市点位或别名映射后的地级市点位
S020,大港-济南-枣庄成品油管道,济南,兖州,N089,N016,116.9954885,36.64792998,116.5836833,35.41651785,285.0,2007,济南清管站 → 兖州分输站,节点坐标为城市点位或别名映射后的地级市点位
S021,银巴线,银川,巴彦淖尔,N139,N049,106.2305529,38.4866953,107.3813318,40.7431593,240.0,2017,银川 → 巴音淖尔,节点坐标为城市点位或别名映射后的地级市点位
S022,大港-济南-枣庄成品油管道,兖州,肥城,N016,N114,116.5836833,35.41651785,117.0815513,36.20000913,285.0,2007,兖州分输站 → 肥城分输泵站,节点坐标为城市点位或别名映射后的地级市点位
S023,大港-济南-枣庄成品油管道,肥城,枣庄,N114,N067,117.0815513,36.20000913,117.3160283,34.81395871,285.0,2007,肥城分输泵站 → 枣庄末站,节点坐标为城市点位或别名映射后的地级市点位
S024,呼和浩特-包头-鄂尔多斯成品油管道,呼和浩特,包头,N032,N020,111.7415103,40.84127836,109.9479759,40.62075692,200.0,2014,呼和浩特 → 包头,节点坐标为城市点位或别名映射后的地级市点位
S025,呼和浩特-包头-鄂尔多斯成品油管道,包头,鄂尔多斯,N020,N135,109.9479759,40.62075692,109.7767426,39.60774057,200.0,2014,包头 → 鄂尔多斯,节点坐标为城市点位或别名映射后的地级市点位
S026,抚顺-锦州-郑州成品油管道,抚顺,辽阳,N058,N130,123.9514419,41.87872444,123.2315378,41.26650675,600.0,2018,抚顺 → 辽阳,节点坐标为城市点位或别名映射后的地级市点位
S027,抚顺-锦州-郑州成品油管道,辽阳,辽河,N130,N129,123.2315378,41.26650675,122.1637099,40.71960167,600.0,2018,辽阳 → 辽河,节点坐标为城市点位或别名映射后的地级市点位
S028,抚顺-锦州-郑州成品油管道,辽河,锦州,N129,N140,122.1637099,40.71960167,121.1213238,41.09367767,750.0,2018,辽河 → 锦州,节点坐标为城市点位或别名映射后的地级市点位
S029,抚顺-锦州-郑州成品油管道,锦州,固安,N140,N036,121.1213238,41.09367767,116.6776883,39.53722851,1300.0,2018,锦州 → 固安,节点坐标为城市点位或别名映射后的地级市点位
S030,抚顺-锦州-郑州成品油管道,固安,保定,N036,N012,116.6776883,39.53722851,115.4554531,38.87308485,800.0,2018,固安 → 保定,节点坐标为城市点位或别名映射后的地级市点位
S031,抚顺-锦州-郑州成品油管道,保定,邯郸,N012,N132,115.4554531,38.87308485,114.5356201,36.62685489,1100.0,2018,保定 → 邯郸,节点坐标为城市点位或别名映射后的地级市点位
S032,抚顺-锦州-郑州成品油管道,邯郸,郑州,N132,N133,114.5356201,36.62685489,113.6193176,34.74752068,800.0,2018,邯郸 → 郑州,节点坐标为城市点位或别名映射后的地级市点位
S033,吉林石化-长春成品油管道,吉林,长春,N031,N143,126.549541,43.83796639,125.3184929,43.81369331,245.0,2014,吉林 → 长春,节点坐标为城市点位或别名映射后的地级市点位
S034,兰成渝成品油管道,兰州,成都,N018,N057,103.8314138,36.06163277,104.0385743,30.69284828,700.0,2002,兰州 → 成都,节点坐标为城市点位或别名映射后的地级市点位
S035,兰成渝成品油管道,成都,重庆,N057,N137,104.0385743,30.69284828,106.5467371,29.56659842,350.0,2002,成都 → 重庆,节点坐标为城市点位或别名映射后的地级市点位
S036,云南成品油管网（安保线）,安宁,大理,N044,N038,102.7432509,25.08100417,100.2621213,25.60771126,173.0,2017,安宁 → 大理,节点坐标为城市点位或别名映射后的地级市点位
S037,云南成品油管网（安保线）,大理,保山,N038,N013,100.2621213,25.60771126,99.15527561,25.1118833,57.0,2017,大理 → 保山,节点坐标为城市点位或别名映射后的地级市点位
S038,云南成品油管网（安蒙线）,安宁,玉溪,N044,N101,102.7432509,25.08100417,102.5258923,24.35033692,225.0,2017,安宁 → 玉溪,节点坐标为城市点位或别名映射后的地级市点位
S039,云南成品油管网（安蒙线）,玉溪,蒙自,N101,N121,102.5258923,24.35033692,103.3740373,23.36579148,115.0,2017,玉溪 → 蒙自,节点坐标为城市点位或别名映射后的地级市点位
S040,云南成品油管网（安曲线）,安宁,寻甸,N044,N047,102.7432509,25.08100417,102.7432509,25.08100417,323.0,2017,安宁 → 寻甸,节点坐标为城市点位或别名映射后的地级市点位
S041,云南成品油管网（安曲线）,寻甸,曲靖,N047,N066,102.7432509,25.08100417,103.7914451,25.49347973,155.0,2017,寻甸 → 曲靖,节点坐标为城市点位或别名映射后的地级市点位
S042,云南成品油管网（安曲线）,寻甸,昆明,N047,N063,102.7432509,25.08100417,102.7432509,25.08100417,168.0,2017,寻甸 → 昆明,节点坐标为城市点位或别名映射后的地级市点位
S043,钦南柳成品油管道,钦州,南宁,N138,N024,108.6506176,21.98377513,108.3621636,22.82027814,500.0,2018,钦州 → 南宁,节点坐标为城市点位或别名映射后的地级市点位
S044,钦南柳成品油管道,南宁,柳州,N024,N069,108.3621636,22.82027814,109.4257429,24.32828748,300.0,2018,南宁 → 柳州,节点坐标为城市点位或别名映射后的地级市点位
S045,西南成品油管网（北线）,湛江,茂名,N095,N117,110.3828201,21.26187491,110.9216638,21.66642469,500.0,2006,湛江 → 茂名,节点坐标为城市点位或别名映射后的地级市点位
S046,西南成品油管网（北线）,茂名,柳州,N117,N069,110.9216638,21.66642469,109.4257429,24.32828748,800.0,2005,茂名 → 柳州,节点坐标为城市点位或别名映射后的地级市点位
S047,西南成品油管网（北线）,柳州,贵阳,N069,N127,109.4257429,24.32828748,106.6930042,26.73530793,800.0,2005,柳州 → 贵阳,节点坐标为城市点位或别名映射后的地级市点位
S048,西南成品油管网（北线）,贵阳,曲靖,N127,N066,106.6930042,26.73530793,103.7914451,25.49347973,800.0,2005,贵阳 → 曲靖,节点坐标为城市点位或别名映射后的地级市点位
S049,西南成品油管网（北线）,江津,重庆,N080,N137,106.5467371,29.56659842,106.5467371,29.56659842,800.0,2005,江津 → 重庆,节点坐标为城市点位或别名映射后的地级市点位
S050,西南成品油管网（北线）,柳州,柳库,N069,N070,109.4257429,24.32828748,109.4257429,24.32828748,500.0,2006,柳州 → 柳库,节点坐标为城市点位或别名映射后的地级市点位
S051,西南成品油管网（北线）,贵阳,简阳,N127,N109,106.6930042,26.73530793,104.0385743,30.69284828,600.0,2016,贵阳 → 简阳,节点坐标为城市点位或别名映射后的地级市点位
S052,西南成品油管网（北线）,柳州,桂林,N069,N073,109.4257429,24.32828748,110.2833245,25.27690019,600.0,2016,柳州 → 桂林,节点坐标为城市点位或别名映射后的地级市点位
S053,西南成品油管网（南线）,东海岛,南宁,N006,N024,110.3828201,21.26187491,108.3621636,22.82027814,800.0,2012,东海岛 → 南宁,节点坐标为城市点位或别名映射后的地级市点位
S054,西南成品油管网（南线）,南宁,长坡,N024,N141,108.3621636,22.82027814,102.7432509,25.08100417,800.0,2012,南宁 → 长坡,节点坐标为城市点位或别名映射后的地级市点位
S055,西南成品油管网（南线）,长坡,大理,N141,N038,102.7432509,25.08100417,100.2621213,25.60771126,800.0,2012,长坡 → 大理,节点坐标为城市点位或别名映射后的地级市点位
S056,西南成品油管网（南线）,南宁,黎塘,N024,N151,108.3621636,22.82027814,108.3621636,22.82027814,800.0,2012,南宁 → 黎塘,节点坐标为城市点位或别名映射后的地级市点位
S057,西南成品油管网（南线）,长坡,曲靖,N141,N066,102.7432509,25.08100417,103.7914451,25.49347973,800.0,2012,长坡 → 曲靖,节点坐标为城市点位或别名映射后的地级市点位
S058,西南成品油管网（南线）,秋田冲,昆东,N108,N062,102.7432509,25.08100417,102.7432509,25.08100417,800.0,2012,秋田冲 → 昆东,节点坐标为城市点位或别名映射后的地级市点位
S059,珠三角成品油管网,茂名,江门,N117,N081,110.9216638,21.66642469,113.0740716,22.58145271,550.0,2006,茂名 → 江门,节点坐标为城市点位或别名映射后的地级市点位
S060,珠三角成品油管网,南沙,南海,N026,N027,113.2578297,23.1332448,113.1135059,23.02428458,250.0,2006,南沙 → 南海,节点坐标为城市点位或别名映射后的地级市点位
S061,珠三角成品油管网,三水,花都,N003,N115,113.1135059,23.02428458,113.2578297,23.1332448,250.0,2006,三水 → 花都,节点坐标为城市点位或别名映射后的地级市点位
S062,珠三角成品油管网,南沙,斗门,N026,N060,113.2578297,23.1332448,113.5728911,22.2745396,100.0,2006,南沙 → 斗门,节点坐标为城市点位或别名映射后的地级市点位
S063,珠三角成品油管网,北沙,珠海,N021,N103,113.5728911,22.2745396,113.5728911,22.2745396,100.0,2006,北沙 → 珠海,节点坐标为城市点位或别名映射后的地级市点位
S064,珠三角成品油管网,黄埔,南沙,N150,N026,113.2578297,23.1332448,113.2578297,23.1332448,300.0,2006,黄埔 → 南沙,节点坐标为城市点位或别名映射后的地级市点位
S065,珠三角成品油管网,黄埔,惠州,N150,N056,113.2578297,23.1332448,114.4106386,23.11487488,350.0,2006,黄埔 → 惠州,节点坐标为城市点位或别名映射后的地级市点位
S066,珠三角成品油管网,大鹏湾,妈湾,N039,N041,114.0548095,22.54760649,114.0548095,22.54760649,250.0,2006,大鹏湾 → 妈湾,节点坐标为城市点位或别名映射后的地级市点位
S067,珠三角成品油管网,惠州,梅州,N056,N075,114.4106386,23.11487488,116.1160706,24.29108064,120.0,2015,惠州 → 梅州,节点坐标为城市点位或别名映射后的地级市点位
S068,武汉-信阳成品油管道,武汉,信阳,N078,N014,114.3012374,30.59713291,114.0851703,32.15058474,,2013,湖北武汉 → 河南信阳,节点坐标为城市点位或别名映射后的地级市点位
S069,156支线,广水,广水武胜关镇,N050,N051,113.3761098,31.69215886,113.3761098,31.69215886,10.0,2014,湖北广水 → 湖北广水武胜关镇,节点坐标为城市点位或别名映射后的地级市点位
S070,荆门-襄阳成品油管道,荆门,襄阳,N119,N124,112.1931881,31.03762742,112.1159833,32.01139396,350.0,2019,湖北荆门 → 湖北襄阳,节点坐标为城市点位或别名映射后的地级市点位
S071,荆门-荆州成品油管道,荆门,荆州,N119,N118,112.1931881,31.03762742,112.2348628,30.33970576,150.0,2003,湖北荆门 → 湖北荆州,节点坐标为城市点位或别名映射后的地级市点位
S072,长岭-郴州成品油管道,长岭,七里山,N142,N002,113.260805,29.47623236,113.260805,29.47623236,600.0,2014,长岭库站 → 七里山站,节点坐标为城市点位或别名映射后的地级市点位
S073,长岭-郴州成品油管道,七里山,汨罗,N002,N083,113.260805,29.47623236,113.260805,29.47623236,560.0,2014,七里山站 → 汨罗站,节点坐标为城市点位或别名映射后的地级市点位
S074,长岭-郴州成品油管道,汨罗,长沙,N083,N144,113.260805,29.47623236,112.9334488,28.23178771,538.0,2014,汨罗站 → 长沙站,节点坐标为城市点位或别名映射后的地级市点位
S075,长岭-郴州成品油管道,长沙,湘潭,N144,N094,112.9334488,28.23178771,112.9385458,27.83333305,385.0,2014,长沙站 → 湘潭站,节点坐标为城市点位或别名映射后的地级市点位
S076,长岭-郴州成品油管道,湘潭,衡阳,N094,N123,112.9385458,27.83333305,112.5664064,26.89725267,220.0,2014,湘潭站 → 衡阳站,节点坐标为城市点位或别名映射后的地级市点位
S077,长岭-郴州成品油管道,衡阳,耒阳,N123,N112,112.5664064,26.89725267,112.5664064,26.89725267,136.0,2014,衡阳站 → 耒阳站,节点坐标为城市点位或别名映射后的地级市点位
S078,长岭-郴州成品油管道,耒阳,郴州,N112,N134,112.5664064,26.89725267,113.0099272,25.77315809,100.0,2014,耒阳站 → 郴州站,节点坐标为城市点位或别名映射后的地级市点位
S079,湘娄支线,湘潭,娄底,N094,N042,112.9385458,27.83333305,111.990876,27.70083635,250.0,2014,湖南湘潭 → 湖南娄底,节点坐标为城市点位或别名映射后的地级市点位
S080,湘株支线,湘潭,株洲,N094,N071,112.9385458,27.83333305,113.1266032,27.83380795,350.0,2008,湖南湘潭 → 湖南株洲,节点坐标为城市点位或别名映射后的地级市点位
S081,九江-赣州成品油管道,九江,南昌,N010,N025,115.9490642,29.65948813,115.8530507,28.68633588,330.0,2016,九江首站 → 南昌分输泵站,节点坐标为城市点位或别名映射后的地级市点位
S082,九江-赣州成品油管道,南昌,吉安长塘,N025,N030,115.8530507,28.68633588,114.9619304,27.09470019,240.0,2016,南昌分输泵站 → 吉安长塘站,节点坐标为城市点位或别名映射后的地级市点位
S083,九江-赣州成品油管道,吉安长塘,樟树,N030,N076,114.9619304,27.09470019,114.4123745,27.81877183,274.0,2016,吉安长塘站 → 樟树站,节点坐标为城市点位或别名映射后的地级市点位
S084,九江-赣州成品油管道,樟树,赣州,N076,N128,114.4123745,27.81877183,114.9288134,25.83432314,170.0,2016,樟树站 → 赣州末站,节点坐标为城市点位或别名映射后的地级市点位
S085,上饶-樟树成品油管道,上饶,樟树,N004,N076,117.938144,28.45851288,114.4123745,27.81877183,,2016,江西上饶 → 江西樟树,节点坐标为城市点位或别名映射后的地级市点位
S086,安庆-亳州成品油管道,安庆,合肥,N045,N029,117.107568,30.53495975,117.2197334,31.82313855,410.0,2016,安徽安庆 → 安徽合肥,节点坐标为城市点位或别名映射后的地级市点位
S087,安庆-亳州成品油管道,合肥,淮南,N029,N092,117.2197334,31.82313855,117.0131142,32.58738167,270.0,2016,安徽合肥 → 安徽淮南,节点坐标为城市点位或别名映射后的地级市点位
S088,安庆-亳州成品油管道,淮南,阜阳,N092,N145,117.0131142,32.58738167,115.8074841,32.89327954,140.0,2016,安徽淮南 → 安徽阜阳,节点坐标为城市点位或别名映射后的地级市点位
S089,安庆-亳州成品油管道,阜阳,亳州,N145,N011,115.8074841,32.89327954,115.7750466,33.84858031,140.0,2016,安徽阜阳 → 安徽亳州,节点坐标为城市点位或别名映射后的地级市点位
S090,安庆-合肥成品油管道,安庆,合肥,N045,N029,117.107568,30.53495975,117.2197334,31.82313855,120.0,2007,安徽安庆 → 安徽合肥,节点坐标为城市点位或别名映射后的地级市点位
S091,合六支线,合肥,六安,N029,N017,117.2197334,31.82313855,116.5092677,31.73197266,140.0,2019,安徽合肥 → 安徽六安,节点坐标为城市点位或别名映射后的地级市点位
S092,淮蚌支线,淮南,蚌埠,N092,N122,117.0131142,32.58738167,117.379653,32.91909899,80.0,2016,安徽淮南 → 安徽蚌埠,节点坐标为城市点位或别名映射后的地级市点位
S093,浙苏成品油管道,嘉兴(陈山,湖州(湖州,N035,N093,120.7489996,30.74856427,120.0792982,30.8934637,510.0,2007,浙江嘉兴(陈山首站) → 浙江湖州(湖州末站),节点坐标为城市点位或别名映射后的地级市点位
S094,浙苏成品油管道,嘉兴(陈山,苏州(苏州,N035,N116,120.7489996,30.74856427,120.581097,31.3019128,510.0,2007,浙江嘉兴(陈山首站) → 江苏苏州(苏州末站),节点坐标为城市点位或别名映射后的地级市点位
S095,苏北成品油管道,南京(扬子,泰州(泰州,N023,N087,118.7902705,32.06154044,119.915306,32.45511081,545.0,2015,江苏南京(扬子首站) → 江苏泰州(泰州末站),节点坐标为城市点位或别名映射后的地级市点位
S096,苏北成品油管道,南京(扬子,徐州(新沂,N023,N054,118.7902705,32.06154044,117.2749121,34.20440827,545.0,2015,江苏南京(扬子首站) → 江苏徐州(新沂末站),节点坐标为城市点位或别名映射后的地级市点位
S097,苏北成品油管道,南京(扬子,盐城(盐城,N023,N105,118.7902705,32.06154044,120.1563009,33.34840987,545.0,2015,江苏南京(扬子首站) → 江苏盐城(盐城末站),节点坐标为城市点位或别名映射后的地级市点位
S098,苏南成品油管道,南京(南京,苏州(苏州,N022,N116,118.7902705,32.06154044,120.581097,31.3019128,580.0,2010,江苏南京(南京首站) → 江苏苏州(苏州末站),节点坐标为城市点位或别名映射后的地级市点位
S099,浙赣成品油管道,算山,龙游,N110,N153,121.6219554,29.8607673,118.8550477,28.97458612,760.0,2013,算山首站/浙江宁波 → 龙游,节点坐标为城市点位或别名映射后的地级市点位
S100,浙赣成品油管道,龙游,樟树,N153,N076,118.8550477,28.97458612,114.4123745,27.81877183,450.0,2013,龙游 → 樟树末站/江西樟树,节点坐标为城市点位或别名映射后的地级市点位
S101,浙赣成品油管道,诸暨,桐庐,N126,N074,120.5800044,30.05145821,120.2048484,30.24977957,135.0,2013,诸暨 → 桐庐,节点坐标为城市点位或别名映射后的地级市点位
S102,绍杭成品油管道,绍兴,萧山,N111,N120,120.5800044,30.05145821,120.2048484,30.24977957,500.0,2016,绍兴首站/浙江绍兴 → 萧山站/浙江萧山,节点坐标为城市点位或别名映射后的地级市点位
S103,甬台温成品油管道,算山,宁海,N110,N043,121.6219554,29.8607673,121.6219554,29.8607673,460.0,2018,算山首站/浙江宁波 → 宁海分输站,节点坐标为城市点位或别名映射后的地级市点位
S104,甬台温成品油管道,宁海,临海,N043,N008,121.6219554,29.8607673,121.4197134,28.66043016,460.0,2018,宁海分输站 → 临海分输泵站,节点坐标为城市点位或别名映射后的地级市点位
S105,甬台温成品油管道,临海,灵昆,N008,N099,121.4197134,28.66043016,120.6794261,28.01154027,460.0,2018,临海分输泵站 → 灵昆分输站,节点坐标为城市点位或别名映射后的地级市点位
S106,甬台温成品油管道,灵昆,瑞安,N099,N104,120.6794261,28.01154027,120.6794261,28.01154027,460.0,2018,灵昆分输站 → 瑞安末站/浙江温州,节点坐标为城市点位或别名映射后的地级市点位
S107,福建成品油管道（北线）,泉港,兴闽,N085,N019,118.6751351,24.87843187,119.2915964,26.07737918,220.0,2010,泉港首站/福建泉州 → 兴闽末站/福建福州,节点坐标为城市点位或别名映射后的地级市点位
S108,福建成品油管道（南线）,泉港,东孚,N085,N005,118.6751351,24.87843187,118.0810222,24.48114183,380.0,2013,泉港首站/福建泉州 → 东孚末站/福建厦门,节点坐标为城市点位或别名映射后的地级市点位
S109,福建成品油管道（南线）,泉港,石湖山,N085,N107,118.6751351,24.87843187,118.0810222,24.48114183,380.0,2013,泉港首站/福建泉州 → 石湖山末站/福建厦门,节点坐标为城市点位或别名映射后的地级市点位
S110,鲁皖一期管道,齐鲁,淄博,N152,N091,118.050415,36.81483572,118.050415,36.81483572,655.0,2005,齐鲁站 → 淄博站,节点坐标为城市点位或别名映射后的地级市点位
S111,鲁皖一期管道,淄博,济南,N091,N089,118.050415,36.81483572,116.9954885,36.64792998,655.0,2005,淄博站 → 济南站,节点坐标为城市点位或别名映射后的地级市点位
S112,鲁皖一期管道,济南,泰安,N089,N086,116.9954885,36.64792998,117.0815513,36.20000913,655.0,2005,济南站 → 泰安站,节点坐标为城市点位或别名映射后的地级市点位
S113,鲁皖一期管道,泰安,曲阜,N086,N065,117.0815513,36.20000913,116.5836833,35.41651785,655.0,2005,泰安站 → 曲阜站,节点坐标为城市点位或别名映射后的地级市点位
S114,鲁皖一期管道,曲阜,枣庄,N065,N067,116.5836833,35.41651785,117.3160283,34.81395871,655.0,2005,曲阜站 → 枣庄站,节点坐标为城市点位或别名映射后的地级市点位
S115,鲁皖一期管道,枣庄,徐州,N067,N053,117.3160283,34.81395871,117.2749121,34.20440827,655.0,2005,枣庄站 → 徐州站,节点坐标为城市点位或别名映射后的地级市点位
S116,鲁皖一期管道,徐州,宿州,N053,N046,117.2749121,34.20440827,116.9588379,33.64921788,655.0,2005,徐州站 → 宿州站,节点坐标为城市点位或别名映射后的地级市点位
S117,鲁皖一期管道,曲阜,济宁,N065,N090,116.5836833,35.41651785,116.5836833,35.41651785,655.0,2005,曲阜站 → 济宁站,节点坐标为城市点位或别名映射后的地级市点位
S118,鲁皖一期管道,枣庄,临沂,N067,N007,117.3160283,34.81395871,118.3508968,35.10515503,655.0,2005,枣庄站 → 临沂站,节点坐标为城市点位或别名映射后的地级市点位
S119,鲁皖二期管道（东线）,青岛,潍坊,N147,N097,120.3775345,36.06661649,119.1535384,36.70714657,820.0,2008,青岛站 → 潍坊站,节点坐标为城市点位或别名映射后的地级市点位
S120,鲁皖二期管道（东线）,潍坊,济南,N097,N089,119.1535384,36.70714657,116.9954885,36.64792998,820.0,2008,潍坊站 → 济南站,节点坐标为城市点位或别名映射后的地级市点位
S121,鲁皖二期管道（西线）,济南,聊城,N089,N113,116.9954885,36.64792998,115.9801841,36.45418762,820.0,2009,济南站 → 聊城站,节点坐标为城市点位或别名映射后的地级市点位
S122,鲁皖二期管道（西线）,聊城,濮阳,N113,N098,115.9801841,36.45418762,115.0236155,35.76426442,820.0,2009,聊城站 → 濮阳站,节点坐标为城市点位或别名映射后的地级市点位
S123,鲁皖二期管道（西线）,濮阳,汤阴,N098,N082,115.0236155,35.76426442,114.3583007,36.09691222,820.0,2009,濮阳站 → 汤阴站,节点坐标为城市点位或别名映射后的地级市点位
S124,鲁皖二期管道（汤郑支线）,汤阴,新乡,N082,N061,114.3583007,36.09691222,113.9183294,35.30446704,820.0,2010,汤阴站 → 新乡站,节点坐标为城市点位或别名映射后的地级市点位
S125,鲁皖二期管道（汤郑支线）,新乡,郑州,N061,N133,113.9183294,35.30446704,113.6193176,34.74752068,820.0,2010,新乡站 → 郑州站,节点坐标为城市点位或别名映射后的地级市点位
S126,鲁皖二期管道（汤石支线）,汤阴,邯郸,N082,N132,114.3583007,36.09691222,114.5356201,36.62685489,820.0,2009,汤阴站 → 邯郸站,节点坐标为城市点位或别名映射后的地级市点位
S127,鲁皖二期管道（汤石支线）,邯郸,邢台,N132,N131,114.5356201,36.62685489,114.4967119,37.07003791,820.0,2009,邯郸站 → 邢台站,节点坐标为城市点位或别名映射后的地级市点位
S128,鲁皖二期管道（汤石支线）,邢台,石家庄,N131,N106,114.4967119,37.07003791,114.5089353,38.04183339,820.0,2009,邢台站 → 石家庄站,节点坐标为城市点位或别名映射后的地级市点位
S129,石太管道,石家庄,高庄,N106,N149,114.5089353,38.04183339,114.5089353,38.04183339,820.0,2007,石家庄 → 高庄,节点坐标为城市点位或别名映射后的地级市点位
S130,石太管道,高庄,阳泉,N149,N146,114.5089353,38.04183339,113.5899658,37.84854586,820.0,2007,高庄 → 阳泉,节点坐标为城市点位或别名映射后的地级市点位
S131,石太管道,阳泉,晋中,N146,N064,113.5899658,37.84854586,112.7446161,37.68567283,820.0,2007,阳泉 → 晋中,节点坐标为城市点位或别名映射后的地级市点位
S132,石太管道,晋中,太原,N064,N040,112.7446161,37.68567283,112.5426953,37.87098243,820.0,2007,晋中 → 太原,节点坐标为城市点位或别名映射后的地级市点位
S133,洛驻管道,洛阳,巩义,N088,N048,112.402798,34.64229511,113.6193176,34.74752068,820.0,2007,洛阳 → 巩义,节点坐标为城市点位或别名映射后的地级市点位
S134,洛驻管道,巩义,郑州,N048,N133,113.6193176,34.74752068,113.6193176,34.74752068,820.0,2007,巩义 → 郑州,节点坐标为城市点位或别名映射后的地级市点位
S135,洛驻管道,郑州,许昌,N133,N125,113.6193176,34.74752068,113.8418998,34.03900016,820.0,2007,郑州 → 许昌,节点坐标为城市点位或别名映射后的地级市点位
S136,洛驻管道,许昌,漯河,N125,N096,113.8418998,34.03900016,114.012047,33.58330496,820.0,2007,许昌 → 漯河,节点坐标为城市点位或别名映射后的地级市点位
S137,洛驻管道,漯河,驻马店,N096,N148,114.012047,33.58330496,114.0197418,33.00970244,820.0,2007,漯河 → 驻马店,节点坐标为城市点位或别名映射后的地级市点位
S138,驻信管道,驻马店,信阳,N148,N014,114.0197418,33.00970244,114.0851703,32.15058474,820.0,2013,驻马店 → 信阳,节点坐标为城市点位或别名映射后的地级市点位
S139,南武管道,南疆(天津,武清,N028,N079,117.2614223,39.13515139,117.2614223,39.13515139,155.0,2018,南疆(天津) → 武清,节点坐标为城市点位或别名映射后的地级市点位
S140,格拉成品油管道,格尔木,拉萨,N072,N059,97.36903221,37.37652179,91.17069453,29.65619389,130.0,1976,格尔木 → 拉萨,节点坐标为城市点位或别名映射后的地级市点位
