city_code,city_name,province_code,province_name,admin_type,longitude,latitude,valid_from,valid_to,source_id
110000,北京市,110000,北京市,municipality,116.400680537998,39.90342199943,2024-01-01,2024-12-31,ADMIN-2024-MCA;REGISTRY-2024-YESCALLOP;GEO-2020-PFINAL-BAIDU
120000,天津市,120000,天津市,municipality,117.196629309187,39.08693758002,2024-01-01,2024-12-31,ADMIN-2024-MCA;REGISTRY-2024-YESCALLOP;GEO-2020-PFINAL-BAIDU
130100,石家庄市,130000,河北省,prefecture_city,114.456328049818,38.045273578572,2024-01-01,2024-12-31,ADMIN-2024-MCA;REGISTRY-2024-YESCALLOP;GEO-2020-PFINAL-BAIDU
130200,唐山市,130000,河北省,prefecture_city,118.173780559801,39.628970683532,2024-01-01,2024-12-31,ADMIN-2024-MCA;REGISTRY-2024-YESCALLOP;GEO-2020-PFINAL-BAIDU
130300,秦皇岛市,130000,河北省,prefecture_city,119.596299075034,39.934528360122,2024-01-01,2024-12-31,ADMIN-2024-MCA;REGISTRY-2024-YESCALLOP;GEO-2020-PFINAL-BAIDU
130400,邯郸市,130000,河北省,prefecture_city,114.533350603441,36.625206371034,2024-01-01,2024-12-31,ADMIN-2024-MCA;REGISTRY-2024-YESCALLOP;GEO-2020-PFINAL-BAIDU
130500,邢台市,130000,河北省,prefecture_city,115.019059139208,37.070953291744,2024-01-01,2024-12-31,ADMIN-2024-MCA;REGISTRY-2024-YESCALLOP;GEO-2020-PFINAL-BAIDU
130600,保定市,130000,河北省,prefecture_city,115.458606279198,38.873109337299,2024-01-01,2024-12-31,ADMIN-2024-MCA;REGISTRY-2024-YESCALLOP;GEO-2020-PFINAL-BAIDU
130700,张家口市,130000,河北省,prefecture_city,114.879830425998,40.766269177252,2024-01-01,2024-12-31,ADMIN-2024-MCA;REGISTRY-2024-YESCALLOP;GEO-2020-PFINAL-BAIDU
130800,承德市,130000,河北省,prefecture_city,117.956706183569,40.949940010975,2024-01-01,2024-12-31,ADMIN-2024-MCA;REGISTRY-2024-YESCALLOP;GEO-2020-PFINAL-BAIDU
130900,沧州市,130000,河北省,prefecture_city,116.833164474874,38.303947849336,2024-01-01,2024-12-31,ADMIN-2024-MCA;REGISTRY-2024-YESCALLOP;GEO-2020-PFINAL-BAIDU
131000,廊坊市,130000,河北省,prefecture_city,116.67813585117,39.53647425714,2024-01-01,2024-12-31,ADMIN-2024-MCA;REGISTRY-2024-YESCALLOP;GEO-2020-PFINAL-BAIDU
131100,衡水市,130000,河北省,prefecture_city,115.663102638444,37.73839207677,2024-01-01,2024-12-31,ADMIN-2024-MCA;REGISTRY-2024-YESCALLOP;GEO-2020-PFINAL-BAIDU
140100,太原市,140000,山西省,prefecture_city,112.543567976266,37.87050757282,2024-01-01,2024-12-31,ADMIN-2024-MCA;REGISTRY-2024-YESCALLOP;GEO-2020-PFINAL-BAIDU
140200,大同市,140000,山西省,prefecture_city,113.292859568487,40.075478477135,2024-01-01,2024-12-31,ADMIN-2024-MCA;REGISTRY-2024-YESCALLOP;GEO-2020-PFINAL-BAIDU
140300,阳泉市,140000,山西省,prefecture_city,113.574742839598,37.85576945438,2024-01-01,2024-12-31,ADMIN-2024-MCA;REGISTRY-2024-YESCALLOP;GEO-2020-PFINAL-BAIDU
140400,长治市,140000,山西省,prefecture_city,113.109278297497,36.195410957219,2024-01-01,2024-12-31,ADMIN-2024-MCA;REGISTRY-2024-YESCALLOP;GEO-2020-PFINAL-BAIDU
140500,晋城市,140000,山西省,prefecture_city,112.845882870202,35.490997661612,2024-01-01,2024-12-31,ADMIN-2024-MCA;REGISTRY-2024-YESCALLOP;GEO-2020-PFINAL-BAIDU
140600,朔州市,140000,山西省,prefecture_city,112.426054995848,39.329874680551,2024-01-01,2024-12-31,ADMIN-2024-MCA;REGISTRY-2024-YESCALLOP;GEO-2020-PFINAL-BAIDU
140700,晋中市,140000,山西省,prefecture_city,112.746539847256,37.686405671701,2024-01-01,2024-12-31,ADMIN-2024-MCA;REGISTRY-2024-YESCALLOP;GEO-2020-PFINAL-BAIDU
140800,运城市,140000,山西省,prefecture_city,111.001001362494,35.027795128232,2024-01-01,2024-12-31,ADMIN-2024-MCA;REGISTRY-2024-YESCALLOP;GEO-2020-PFINAL-BAIDU
140900,忻州市,140000,山西省,prefecture_city,112.727468368473,38.416028169623,2024-01-01,2024-12-31,ADMIN-2024-MCA;REGISTRY-2024-YESCALLOP;GEO-2020-PFINAL-BAIDU
141000,临汾市,140000,山西省,prefecture_city,111.512794080201,36.087825700396,2024-01-01,2024-12-31,ADMIN-2024-MCA;REGISTRY-2024-YESCALLOP;GEO-2020-PFINAL-BAIDU
141100,吕梁市,140000,山西省,prefecture_city,111.13749833151,37.518016699525,2024-01-01,2024-12-31,ADMIN-2024-MCA;REGISTRY-2024-YESCALLOP;GEO-2020-PFINAL-BAIDU
150100,呼和浩特市,150000,内蒙古自治区,prefecture_city,111.742170098407,40.840738996142,2024-01-01,2024-12-31,ADMIN-2024-MCA;REGISTRY-2024-YESCALLOP;GEO-2020-PFINAL-BAIDU
150200,包头市,150000,内蒙古自治区,prefecture_city,109.834415699637,40.655476159223,2024-01-01,2024-12-31,ADMIN-2024-MCA;REGISTRY-2024-YESCALLOP;GEO-2020-PFINAL-BAIDU
150300,乌海市,150000,内蒙古自治区,prefecture_city,106.78904732902,39.655318347364,2024-01-01,2024-12-31,ADMIN-2024-MCA;REGISTRY-2024-YESCALLOP;GEO-2020-PFINAL-BAIDU
150400,赤峰市,150000,内蒙古自治区,prefecture_city,118.88271334395,42.254077923006,2024-01-01,2024-12-31,ADMIN-2024-MCA;REGISTRY-2024-YESCALLOP;GEO-2020-PFINAL-BAIDU
150500,通辽市,150000,内蒙古自治区,prefecture_city,122.238577460496,43.649357001602,2024-01-01,2024-12-31,ADMIN-2024-MCA;REGISTRY-2024-YESCALLOP;GEO-2020-PFINAL-BAIDU
150600,鄂尔多斯市,150000,内蒙古自治区,prefecture_city,109.775332664574,39.607210717798,2024-01-01,2024-12-31,ADMIN-2024-MCA;REGISTRY-2024-YESCALLOP;GEO-2020-PFINAL-BAIDU
150700,呼伦贝尔市,150000,内蒙古自治区,prefecture_city,119.758637637692,49.210240868321,2024-01-01,2024-12-31,ADMIN-2024-MCA;REGISTRY-2024-YESCALLOP;GEO-2020-PFINAL-BAIDU
150800,巴彦淖尔市,150000,内蒙古自治区,prefecture_city,107.382255959271,40.742022850137,2024-01-01,2024-12-31,ADMIN-2024-MCA;REGISTRY-2024-YESCALLOP;GEO-2020-PFINAL-BAIDU
150900,乌兰察布市,150000,内蒙古自治区,prefecture_city,113.125579242306,40.993283534638,2024-01-01,2024-12-31,ADMIN-2024-MCA;REGISTRY-2024-YESCALLOP;GEO-2020-PFINAL-BAIDU
152200,兴安盟,150000,内蒙古自治区,league,122.031889983286,46.080140892253,2024-01-01,2024-12-31,ADMIN-2024-MCA;REGISTRY-2024-YESCALLOP;GEO-2020-PFINAL-BAIDU
152500,锡林郭勒盟,150000,内蒙古自治区,league,116.041204705982,43.930907661993,2024-01-01,2024-12-31,ADMIN-2024-MCA;REGISTRY-2024-YESCALLOP;GEO-2020-PFINAL-BAIDU
152900,阿拉善盟,150000,内蒙古自治区,league,105.724683101282,38.851502560318,2024-01-01,2024-12-31,ADMIN-2024-MCA;REGISTRY-2024-YESCALLOP;GEO-2020-PFINAL-BAIDU
210100,沈阳市,210000,辽宁省,prefecture_city,123.458537438262,41.675510212194,2024-01-01,2024-12-31,ADMIN-2024-MCA;REGISTRY-2024-YESCALLOP;GEO-2020-PFINAL-BAIDU
210200,大连市,210000,辽宁省,prefecture_city,121.610227059177,38.912049613686,2024-01-01,2024-12-31,ADMIN-2024-MCA;REGISTRY-2024-YESCALLOP;GEO-2020-PFINAL-BAIDU
210300,鞍山市,210000,辽宁省,prefecture_city,122.989280124588,41.107521221507,2024-01-01,2024-12-31,ADMIN-2024-MCA;REGISTRY-2024-YESCALLOP;GEO-2020-PFINAL-BAIDU
210400,抚顺市,210000,辽宁省,prefecture_city,123.952244176918,41.877458012854,2024-01-01,2024-12-31,ADMIN-2024-MCA;REGISTRY-2024-YESCALLOP;GEO-2020-PFINAL-BAIDU
210500,本溪市,210000,辽宁省,prefecture_city,123.680275669522,41.484596978204,2024-01-01,2024-12-31,ADMIN-2024-MCA;REGISTRY-2024-YESCALLOP;GEO-2020-PFINAL-BAIDU
210600,丹东市,210000,辽宁省,prefecture_city,124.349339470081,39.998707901963,2024-01-01,2024-12-31,ADMIN-2024-MCA;REGISTRY-2024-YESCALLOP;GEO-2020-PFINAL-BAIDU
210700,锦州市,210000,辽宁省,prefecture_city,121.120338028411,41.093214789197,2024-01-01,2024-12-31,ADMIN-2024-MCA;REGISTRY-2024-YESCALLOP;GEO-2020-PFINAL-BAIDU
210800,营口市,210000,辽宁省,prefecture_city,122.229971234863,40.665292488153,2024-01-01,2024-12-31,ADMIN-2024-MCA;REGISTRY-2024-YESCALLOP;GEO-2020-PFINAL-BAIDU
210900,阜新市,210000,辽宁省,prefecture_city,121.664574800093,42.01973558028,2024-01-01,2024-12-31,ADMIN-2024-MCA;REGISTRY-2024-YESCALLOP;GEO-2020-PFINAL-BAIDU
211000,辽阳市,210000,辽宁省,prefecture_city,123.231053205172,41.266367542519,2024-01-01,2024-12-31,ADMIN-2024-MCA;REGISTRY-2024-YESCALLOP;GEO-2020-PFINAL-BAIDU
211100,盘锦市,210000,辽宁省,prefecture_city,122.065632218464,41.117437087917,2024-01-01,2024-12-31,ADMIN-2024-MCA;REGISTRY-2024-YESCALLOP;GEO-2020-PFINAL-BAIDU
211200,铁岭市,210000,辽宁省,prefecture_city,123.719932581001,42.221480972648,2024-01-01,2024-12-31,ADMIN-2024-MCA;REGISTRY-2024-YESCALLOP;GEO-2020-PFINAL-BAIDU
211300,朝阳市,210000,辽宁省,prefecture_city,120.445340668302,41.571475092802,2024-01-01,2024-12-31,ADMIN-2024-MCA;REGISTRY-2024-YESCALLOP;GEO-2020-PFINAL-BAIDU
211400,葫芦岛市,210000,辽宁省,prefecture_city,120.831589352286,40.710217181315,2024-01-01,2024-12-31,ADMIN-2024-MCA;REGISTRY-2024-YESCALLOP;GEO-2020-PFINAL-BAIDU
220100,长春市,220000,吉林省,prefecture_city,125.317553833665,43.813712546544,2024-01-01,2024-12-31,ADMIN-2024-MCA;REGISTRY-2024-YESCALLOP;GEO-2020-PFINAL-BAIDU
220200,吉林市,220000,吉林省,prefecture_city,126.543415314601,43.835361239285,2024-01-01,2024-12-31,ADMIN-2024-MCA;REGISTRY-2024-YESCALLOP;GEO-2020-PFINAL-BAIDU
220300,四平市,220000,吉林省,prefecture_city,124.343860285881,43.16326319087,2024-01-01,2024-12-31,ADMIN-2024-MCA;REGISTRY-2024-YESCALLOP;GEO-2020-PFINAL-BAIDU
220400,辽源市,220000,吉林省,prefecture_city,125.137395601976,42.885862332093,2024-01-01,2024-12-31,ADMIN-2024-MCA;REGISTRY-2024-YESCALLOP;GEO-2020-PFINAL-BAIDU
220500,通化市,220000,吉林省,prefecture_city,125.934594075033,41.725292641505,2024-01-01,2024-12-31,ADMIN-2024-MCA;REGISTRY-2024-YESCALLOP;GEO-2020-PFINAL-BAIDU
220600,白山市,220000,吉林省,prefecture_city,126.417302487597,41.931025878902,2024-01-01,2024-12-31,ADMIN-2024-MCA;REGISTRY-2024-YESCALLOP;GEO-2020-PFINAL-BAIDU
220700,松原市,220000,吉林省,prefecture_city,124.818572896514,45.139744685492,2024-01-01,2024-12-31,ADMIN-2024-MCA;REGISTRY-2024-YESCALLOP;GEO-2020-PFINAL-BAIDU
220800,白城市,220000,吉林省,prefecture_city,122.833106284299,45.617913849634,2024-01-01,2024-12-31,ADMIN-2024-MCA;REGISTRY-2024-YESCALLOP;GEO-2020-PFINAL-BAIDU
222400,延边朝鲜族自治州,220000,吉林省,autonomous_prefecture,129.463772280821,42.90718305123,2024-01-01,2024-12-31,ADMIN-2024-MCA;REGISTRY-2024-YESCALLOP;GEO-2020-PFINAL-BAIDU
230100,哈尔滨市,230000,黑龙江省,prefecture_city,126.529048472068,45.80087387624,2024-01-01,2024-12-31,ADMIN-2024-MCA;REGISTRY-2024-YESCALLOP;GEO-2020-PFINAL-BAIDU
230200,齐齐哈尔市,230000,黑龙江省,prefecture_city,123.911679220913,47.351589493256,2024-01-01,2024-12-31,ADMIN-2024-MCA;REGISTRY-2024-YESCALLOP;GEO-2020-PFINAL-BAIDU
230300,鸡西市,230000,黑龙江省,prefecture_city,130.961574582165,45.293124305641,2024-01-01,2024-12-31,ADMIN-2024-MCA;REGISTRY-2024-YESCALLOP;GEO-2020-PFINAL-BAIDU
230400,鹤岗市,230000,黑龙江省,prefecture_city,130.29019652595,47.347398708848,2024-01-01,2024-12-31,ADMIN-2024-MCA;REGISTRY-2024-YESCALLOP;GEO-2020-PFINAL-BAIDU
230500,双鸭山市,230000,黑龙江省,prefecture_city,131.150574792343,46.645283870527,2024-01-01,2024-12-31,ADMIN-2024-MCA;REGISTRY-2024-YESCALLOP;GEO-2020-PFINAL-BAIDU
230600,大庆市,230000,黑龙江省,prefecture_city,125.094957032597,46.585879351949,2024-01-01,2024-12-31,ADMIN-2024-MCA;REGISTRY-2024-YESCALLOP;GEO-2020-PFINAL-BAIDU
230700,伊春市,230000,黑龙江省,prefecture_city,128.833870354617,47.725382684233,2024-01-01,2024-12-31,ADMIN-2024-MCA;REGISTRY-2024-YESCALLOP;GEO-2020-PFINAL-BAIDU
230800,佳木斯市,230000,黑龙江省,prefecture_city,130.313146023968,46.797267939735,2024-01-01,2024-12-31,ADMIN-2024-MCA;REGISTRY-2024-YESCALLOP;GEO-2020-PFINAL-BAIDU
230900,七台河市,230000,黑龙江省,prefecture_city,130.997244244821,45.768490191684,2024-01-01,2024-12-31,ADMIN-2024-MCA;REGISTRY-2024-YESCALLOP;GEO-2020-PFINAL-BAIDU
231000,牡丹江市,230000,黑龙江省,prefecture_city,129.626012901988,44.548123252091,2024-01-01,2024-12-31,ADMIN-2024-MCA;REGISTRY-2024-YESCALLOP;GEO-2020-PFINAL-BAIDU
231100,黑河市,230000,黑龙江省,prefecture_city,127.521680981908,50.243590497647,2024-01-01,2024-12-31,ADMIN-2024-MCA;REGISTRY-2024-YESCALLOP;GEO-2020-PFINAL-BAIDU
231200,绥化市,230000,黑龙江省,prefecture_city,126.962405031679,46.652520617059,2024-01-01,2024-12-31,ADMIN-2024-MCA;REGISTRY-2024-YESCALLOP;GEO-2020-PFINAL-BAIDU
232700,大兴安岭地区,230000,黑龙江省,prefecture,124.138970372258,50.412019120807,2024-01-01,2024-12-31,ADMIN-2024-MCA;REGISTRY-2024-YESCALLOP;GEO-2020-PFINAL-BAIDU
310000,上海市,310000,上海市,municipality,121.469507418243,31.231892370122,2024-01-01,2024-12-31,ADMIN-2024-MCA;REGISTRY-2024-YESCALLOP;GEO-2020-PFINAL-BAIDU
320100,南京市,320000,江苏省,prefecture_city,118.790647282489,32.06100437959,2024-01-01,2024-12-31,ADMIN-2024-MCA;REGISTRY-2024-YESCALLOP;GEO-2020-PFINAL-BAIDU
320200,无锡市,320000,江苏省,prefecture_city,120.307552373033,31.494510255812,2024-01-01,2024-12-31,ADMIN-2024-MCA;REGISTRY-2024-YESCALLOP;GEO-2020-PFINAL-BAIDU
320300,徐州市,320000,江苏省,prefecture_city,117.278255895915,34.208179621828,2024-01-01,2024-12-31,ADMIN-2024-MCA;REGISTRY-2024-YESCALLOP;GEO-2020-PFINAL-BAIDU
320400,常州市,320000,江苏省,prefecture_city,119.970348963324,31.811490735951,2024-01-01,2024-12-31,ADMIN-2024-MCA;REGISTRY-2024-YESCALLOP;GEO-2020-PFINAL-BAIDU
320500,苏州市,320000,江苏省,prefecture_city,120.581721634938,31.299846640407,2024-01-01,2024-12-31,ADMIN-2024-MCA;REGISTRY-2024-YESCALLOP;GEO-2020-PFINAL-BAIDU
320600,南通市,320000,江苏省,prefecture_city,120.890784980305,31.983062038912,2024-01-01,2024-12-31,ADMIN-2024-MCA;REGISTRY-2024-YESCALLOP;GEO-2020-PFINAL-BAIDU
320700,连云港市,320000,江苏省,prefecture_city,119.216484661461,34.597546868537,2024-01-01,2024-12-31,ADMIN-2024-MCA;REGISTRY-2024-YESCALLOP;GEO-2020-PFINAL-BAIDU
320800,淮安市,320000,江苏省,prefecture_city,119.009464701711,33.612068684709,2024-01-01,2024-12-31,ADMIN-2024-MCA;REGISTRY-2024-YESCALLOP;GEO-2020-PFINAL-BAIDU
320900,盐城市,320000,江苏省,prefecture_city,120.156183254542,33.350213941801,2024-01-01,2024-12-31,ADMIN-2024-MCA;REGISTRY-2024-YESCALLOP;GEO-2020-PFINAL-BAIDU
321000,扬州市,320000,江苏省,prefecture_city,119.407389982882,32.39664632446,2024-01-01,2024-12-31,ADMIN-2024-MCA;REGISTRY-2024-YESCALLOP;GEO-2020-PFINAL-BAIDU
321100,镇江市,320000,江苏省,prefecture_city,119.418500928686,32.190670557655,2024-01-01,2024-12-31,ADMIN-2024-MCA;REGISTRY-2024-YESCALLOP;GEO-2020-PFINAL-BAIDU
321200,泰州市,320000,江苏省,prefecture_city,119.918405948192,32.456547060032,2024-01-01,2024-12-31,ADMIN-2024-MCA;REGISTRY-2024-YESCALLOP;GEO-2020-PFINAL-BAIDU
321300,宿迁市,320000,江苏省,prefecture_city,118.269639829783,33.962872078865,2024-01-01,2024-12-31,ADMIN-2024-MCA;REGISTRY-2024-YESCALLOP;GEO-2020-PFINAL-BAIDU
330100,杭州市,330000,浙江省,prefecture_city,120.204519694506,30.249213057273,2024-01-01,2024-12-31,ADMIN-2024-MCA;REGISTRY-2024-YESCALLOP;GEO-2020-PFINAL-BAIDU
330200,宁波市,330000,浙江省,prefecture_city,121.618017704829,29.862523311425,2024-01-01,2024-12-31,ADMIN-2024-MCA;REGISTRY-2024-YESCALLOP;GEO-2020-PFINAL-BAIDU
330300,温州市,330000,浙江省,prefecture_city,120.695875421668,27.998586890855,2024-01-01,2024-12-31,ADMIN-2024-MCA;REGISTRY-2024-YESCALLOP;GEO-2020-PFINAL-BAIDU
330400,嘉兴市,330000,浙江省,prefecture_city,120.752651119182,30.747531935937,2024-01-01,2024-12-31,ADMIN-2024-MCA;REGISTRY-2024-YESCALLOP;GEO-2020-PFINAL-BAIDU
330500,湖州市,330000,浙江省,prefecture_city,120.083227520049,30.894661715079,2024-01-01,2024-12-31,ADMIN-2024-MCA;REGISTRY-2024-YESCALLOP;GEO-2020-PFINAL-BAIDU
330600,绍兴市,330000,浙江省,prefecture_city,120.574865510021,30.033088394037,2024-01-01,2024-12-31,ADMIN-2024-MCA;REGISTRY-2024-YESCALLOP;GEO-2020-PFINAL-BAIDU
330700,金华市,330000,浙江省,prefecture_city,119.642280896867,29.081463264793,2024-01-01,2024-12-31,ADMIN-2024-MCA;REGISTRY-2024-YESCALLOP;GEO-2020-PFINAL-BAIDU
330800,衢州市,330000,浙江省,prefecture_city,118.855214373746,28.972944756567,2024-01-01,2024-12-31,ADMIN-2024-MCA;REGISTRY-2024-YESCALLOP;GEO-2020-PFINAL-BAIDU
330900,舟山市,330000,浙江省,prefecture_city,122.202962395237,29.987016650903,2024-01-01,2024-12-31,ADMIN-2024-MCA;REGISTRY-2024-YESCALLOP;GEO-2020-PFINAL-BAIDU
331000,台州市,330000,浙江省,prefecture_city,121.416464227289,28.659225114518,2024-01-01,2024-12-31,ADMIN-2024-MCA;REGISTRY-2024-YESCALLOP;GEO-2020-PFINAL-BAIDU
331100,丽水市,330000,浙江省,prefecture_city,119.918732004146,28.470332806768,2024-01-01,2024-12-31,ADMIN-2024-MCA;REGISTRY-2024-YESCALLOP;GEO-2020-PFINAL-BAIDU
340100,合肥市,340000,安徽省,prefecture_city,117.221394494564,31.822840878148,2024-01-01,2024-12-31,ADMIN-2024-MCA;REGISTRY-2024-YESCALLOP;GEO-2020-PFINAL-BAIDU
340200,芜湖市,340000,安徽省,prefecture_city,118.427577594622,31.354311707119,2024-01-01,2024-12-31,ADMIN-2024-MCA;REGISTRY-2024-YESCALLOP;GEO-2020-PFINAL-BAIDU
340300,蚌埠市,340000,安徽省,prefecture_city,117.383133311723,32.917351768421,2024-01-01,2024-12-31,ADMIN-2024-MCA;REGISTRY-2024-YESCALLOP;GEO-2020-PFINAL-BAIDU
340400,淮南市,340000,安徽省,prefecture_city,116.994368694025,32.62825934344,2024-01-01,2024-12-31,ADMIN-2024-MCA;REGISTRY-2024-YESCALLOP;GEO-2020-PFINAL-BAIDU
340500,马鞍山市,340000,安徽省,prefecture_city,118.501896554791,31.672254933811,2024-01-01,2024-12-31,ADMIN-2024-MCA;REGISTRY-2024-YESCALLOP;GEO-2020-PFINAL-BAIDU
340600,淮北市,340000,安徽省,prefecture_city,116.792553357547,33.957357786044,2024-01-01,2024-12-31,ADMIN-2024-MCA;REGISTRY-2024-YESCALLOP;GEO-2020-PFINAL-BAIDU
340700,铜陵市,340000,安徽省,prefecture_city,117.806697572453,30.947222295241,2024-01-01,2024-12-31,ADMIN-2024-MCA;REGISTRY-2024-YESCALLOP;GEO-2020-PFINAL-BAIDU
340800,安庆市,340000,安徽省,prefecture_city,117.051569779763,30.527605579171,2024-01-01,2024-12-31,ADMIN-2024-MCA;REGISTRY-2024-YESCALLOP;GEO-2020-PFINAL-BAIDU
341000,黄山市,340000,安徽省,prefecture_city,118.333797389079,29.718126452092,2024-01-01,2024-12-31,ADMIN-2024-MCA;REGISTRY-2024-YESCALLOP;GEO-2020-PFINAL-BAIDU
341100,滁州市,340000,安徽省,prefecture_city,118.327524980728,32.257073218772,2024-01-01,2024-12-31,ADMIN-2024-MCA;REGISTRY-2024-YESCALLOP;GEO-2020-PFINAL-BAIDU
341200,阜阳市,340000,安徽省,prefecture_city,115.808626998534,32.891756887603,2024-01-01,2024-12-31,ADMIN-2024-MCA;REGISTRY-2024-YESCALLOP;GEO-2020-PFINAL-BAIDU
341300,宿州市,340000,安徽省,prefecture_city,116.958596675776,33.64802678995,2024-01-01,2024-12-31,ADMIN-2024-MCA;REGISTRY-2024-YESCALLOP;GEO-2020-PFINAL-BAIDU
341500,六安市,340000,安徽省,prefecture_city,116.514819789442,31.737528197632,2024-01-01,2024-12-31,ADMIN-2024-MCA;REGISTRY-2024-YESCALLOP;GEO-2020-PFINAL-BAIDU
341600,亳州市,340000,安徽省,prefecture_city,115.772501197189,33.845816890792,2024-01-01,2024-12-31,ADMIN-2024-MCA;REGISTRY-2024-YESCALLOP;GEO-2020-PFINAL-BAIDU
341700,池州市,340000,安徽省,prefecture_city,117.486417394069,30.667232729506,2024-01-01,2024-12-31,ADMIN-2024-MCA;REGISTRY-2024-YESCALLOP;GEO-2020-PFINAL-BAIDU
341800,宣城市,340000,安徽省,prefecture_city,118.75383864559,30.943077091484,2024-01-01,2024-12-31,ADMIN-2024-MCA;REGISTRY-2024-YESCALLOP;GEO-2020-PFINAL-BAIDU
350100,福州市,350000,福建省,prefecture_city,119.292125298875,26.077752217836,2024-01-01,2024-12-31,ADMIN-2024-MCA;REGISTRY-2024-YESCALLOP;GEO-2020-PFINAL-BAIDU
350200,厦门市,350000,福建省,prefecture_city,118.085009529655,24.481711549354,2024-01-01,2024-12-31,ADMIN-2024-MCA;REGISTRY-2024-YESCALLOP;GEO-2020-PFINAL-BAIDU
350300,莆田市,350000,福建省,prefecture_city,119.003244671618,25.457022832668,2024-01-01,2024-12-31,ADMIN-2024-MCA;REGISTRY-2024-YESCALLOP;GEO-2020-PFINAL-BAIDU
350400,三明市,350000,福建省,prefecture_city,117.634146852623,26.267017681462,2024-01-01,2024-12-31,ADMIN-2024-MCA;REGISTRY-2024-YESCALLOP;GEO-2020-PFINAL-BAIDU
350500,泉州市,350000,福建省,prefecture_city,118.671361564637,24.877053929693,2024-01-01,2024-12-31,ADMIN-2024-MCA;REGISTRY-2024-YESCALLOP;GEO-2020-PFINAL-BAIDU
350600,漳州市,350000,福建省,prefecture_city,117.642310998306,24.515755105935,2024-01-01,2024-12-31,ADMIN-2024-MCA;REGISTRY-2024-YESCALLOP;GEO-2020-PFINAL-BAIDU
350700,南平市,350000,福建省,prefecture_city,118.172920513612,26.644755423728,2024-01-01,2024-12-31,ADMIN-2024-MCA;REGISTRY-2024-YESCALLOP;GEO-2020-PFINAL-BAIDU
350800,龙岩市,350000,福建省,prefecture_city,117.012021711503,25.078344463165,2024-01-01,2024-12-31,ADMIN-2024-MCA;REGISTRY-2024-YESCALLOP;GEO-2020-PFINAL-BAIDU
350900,宁德市,350000,福建省,prefecture_city,119.543410409534,26.669669554163,2024-01-01,2024-12-31,ADMIN-2024-MCA;REGISTRY-2024-YESCALLOP;GEO-2020-PFINAL-BAIDU
360100,南昌市,360000,江西省,prefecture_city,115.853238950839,28.686457775862,2024-01-01,2024-12-31,ADMIN-2024-MCA;REGISTRY-2024-YESCALLOP;GEO-2020-PFINAL-BAIDU
360200,景德镇市,360000,江西省,prefecture_city,117.17269011292,29.271180111865,2024-01-01,2024-12-31,ADMIN-2024-MCA;REGISTRY-2024-YESCALLOP;GEO-2020-PFINAL-BAIDU
360300,萍乡市,360000,江西省,prefecture_city,113.849775379851,27.625493829386,2024-01-01,2024-12-31,ADMIN-2024-MCA;REGISTRY-2024-YESCALLOP;GEO-2020-PFINAL-BAIDU
360400,九江市,360000,江西省,prefecture_city,115.99606178597,29.707552028141,2024-01-01,2024-12-31,ADMIN-2024-MCA;REGISTRY-2024-YESCALLOP;GEO-2020-PFINAL-BAIDU
360500,新余市,360000,江西省,prefecture_city,114.912121614148,27.821375521671,2024-01-01,2024-12-31,ADMIN-2024-MCA;REGISTRY-2024-YESCALLOP;GEO-2020-PFINAL-BAIDU
360600,鹰潭市,360000,江西省,prefecture_city,117.06371598811,28.263268731118,2024-01-01,2024-12-31,ADMIN-2024-MCA;REGISTRY-2024-YESCALLOP;GEO-2020-PFINAL-BAIDU
360700,赣州市,360000,江西省,prefecture_city,114.929219426988,25.83270636998,2024-01-01,2024-12-31,ADMIN-2024-MCA;REGISTRY-2024-YESCALLOP;GEO-2020-PFINAL-BAIDU
360800,吉安市,360000,江西省,prefecture_city,114.988965050501,27.117436401941,2024-01-01,2024-12-31,ADMIN-2024-MCA;REGISTRY-2024-YESCALLOP;GEO-2020-PFINAL-BAIDU
360900,宜春市,360000,江西省,prefecture_city,114.411785814409,27.817871028269,2024-01-01,2024-12-31,ADMIN-2024-MCA;REGISTRY-2024-YESCALLOP;GEO-2020-PFINAL-BAIDU
361000,抚州市,360000,江西省,prefecture_city,116.353080874266,27.951885326504,2024-01-01,2024-12-31,ADMIN-2024-MCA;REGISTRY-2024-YESCALLOP;GEO-2020-PFINAL-BAIDU
361100,上饶市,360000,江西省,prefecture_city,117.938052503222,28.457687393903,2024-01-01,2024-12-31,ADMIN-2024-MCA;REGISTRY-2024-YESCALLOP;GEO-2020-PFINAL-BAIDU
370100,济南市,370000,山东省,prefecture_city,117.113649847005,36.650441389431,2024-01-01,2024-12-31,ADMIN-2024-MCA;REGISTRY-2024-YESCALLOP;GEO-2020-PFINAL-BAIDU
370200,青岛市,370000,山东省,prefecture_city,120.37785948654,36.065824833876,2024-01-01,2024-12-31,ADMIN-2024-MCA;REGISTRY-2024-YESCALLOP;GEO-2020-PFINAL-BAIDU
370300,淄博市,370000,山东省,prefecture_city,118.048981982327,36.812222009738,2024-01-01,2024-12-31,ADMIN-2024-MCA;REGISTRY-2024-YESCALLOP;GEO-2020-PFINAL-BAIDU
370400,枣庄市,370000,山东省,prefecture_city,117.318081602062,34.810980663038,2024-01-01,2024-12-31,ADMIN-2024-MCA;REGISTRY-2024-YESCALLOP;GEO-2020-PFINAL-BAIDU
370500,东营市,370000,山东省,prefecture_city,118.66919115223,37.433166509237,2024-01-01,2024-12-31,ADMIN-2024-MCA;REGISTRY-2024-YESCALLOP;GEO-2020-PFINAL-BAIDU
370600,烟台市,370000,山东省,prefecture_city,121.442696994915,37.463123317267,2024-01-01,2024-12-31,ADMIN-2024-MCA;REGISTRY-2024-YESCALLOP;GEO-2020-PFINAL-BAIDU
370700,潍坊市,370000,山东省,prefecture_city,119.15587105772,36.706505196414,2024-01-01,2024-12-31,ADMIN-2024-MCA;REGISTRY-2024-YESCALLOP;GEO-2020-PFINAL-BAIDU
370800,济宁市,370000,山东省,prefecture_city,116.581808394557,35.414722605437,2024-01-01,2024-12-31,ADMIN-2024-MCA;REGISTRY-2024-YESCALLOP;GEO-2020-PFINAL-BAIDU
370900,泰安市,370000,山东省,prefecture_city,117.081819071102,36.199946446127,2024-01-01,2024-12-31,ADMIN-2024-MCA;REGISTRY-2024-YESCALLOP;GEO-2020-PFINAL-BAIDU
371000,威海市,370000,山东省,prefecture_city,122.116102079339,37.509061135971,2024-01-01,2024-12-31,ADMIN-2024-MCA;REGISTRY-2024-YESCALLOP;GEO-2020-PFINAL-BAIDU
371100,日照市,370000,山东省,prefecture_city,119.521493689056,35.417086854543,2024-01-01,2024-12-31,ADMIN-2024-MCA;REGISTRY-2024-YESCALLOP;GEO-2020-PFINAL-BAIDU
371300,临沂市,370000,山东省,prefecture_city,118.351339004612,35.104919441427,2024-01-01,2024-12-31,ADMIN-2024-MCA;REGISTRY-2024-YESCALLOP;GEO-2020-PFINAL-BAIDU
371400,德州市,370000,山东省,prefecture_city,116.353230989602,37.434305809569,2024-01-01,2024-12-31,ADMIN-2024-MCA;REGISTRY-2024-YESCALLOP;GEO-2020-PFINAL-BAIDU
371500,聊城市,370000,山东省,prefecture_city,115.979516155648,36.45633428034,2024-01-01,2024-12-31,ADMIN-2024-MCA;REGISTRY-2024-YESCALLOP;GEO-2020-PFINAL-BAIDU
371600,滨州市,370000,山东省,prefecture_city,117.965145590051,37.381215028464,2024-01-01,2024-12-31,ADMIN-2024-MCA;REGISTRY-2024-YESCALLOP;GEO-2020-PFINAL-BAIDU
371700,菏泽市,370000,山东省,prefecture_city,115.475184924529,35.233812436123,2024-01-01,2024-12-31,ADMIN-2024-MCA;REGISTRY-2024-YESCALLOP;GEO-2020-PFINAL-BAIDU
410100,郑州市,410000,河南省,prefecture_city,113.618903205215,34.74849139698,2024-01-01,2024-12-31,ADMIN-2024-MCA;REGISTRY-2024-YESCALLOP;GEO-2020-PFINAL-BAIDU
410200,开封市,410000,河南省,prefecture_city,114.302303858937,34.797589421418,2024-01-01,2024-12-31,ADMIN-2024-MCA;REGISTRY-2024-YESCALLOP;GEO-2020-PFINAL-BAIDU
410300,洛阳市,410000,河南省,prefecture_city,112.446650302677,34.619218934,2024-01-01,2024-12-31,ADMIN-2024-MCA;REGISTRY-2024-YESCALLOP;GEO-2020-PFINAL-BAIDU
410400,平顶山市,410000,河南省,prefecture_city,113.186677760363,33.767758799755,2024-01-01,2024-12-31,ADMIN-2024-MCA;REGISTRY-2024-YESCALLOP;GEO-2020-PFINAL-BAIDU
410500,安阳市,410000,河南省,prefecture_city,114.386941052141,36.099654716684,2024-01-01,2024-12-31,ADMIN-2024-MCA;REGISTRY-2024-YESCALLOP;GEO-2020-PFINAL-BAIDU
410600,鹤壁市,410000,河南省,prefecture_city,114.291249186011,35.74623599336,2024-01-01,2024-12-31,ADMIN-2024-MCA;REGISTRY-2024-YESCALLOP;GEO-2020-PFINAL-BAIDU
410700,新乡市,410000,河南省,prefecture_city,113.92131614287,35.303902047563,2024-01-01,2024-12-31,ADMIN-2024-MCA;REGISTRY-2024-YESCALLOP;GEO-2020-PFINAL-BAIDU
410800,焦作市,410000,河南省,prefecture_city,113.235616156748,35.215722505512,2024-01-01,2024-12-31,ADMIN-2024-MCA;REGISTRY-2024-YESCALLOP;GEO-2020-PFINAL-BAIDU
410900,濮阳市,410000,河南省,prefecture_city,115.023135177174,35.7619613742,2024-01-01,2024-12-31,ADMIN-2024-MCA;REGISTRY-2024-YESCALLOP;GEO-2020-PFINAL-BAIDU
411000,许昌市,410000,河南省,prefecture_city,113.84617508164,34.036673012271,2024-01-01,2024-12-31,ADMIN-2024-MCA;REGISTRY-2024-YESCALLOP;GEO-2020-PFINAL-BAIDU
411100,漯河市,410000,河南省,prefecture_city,114.01112952007,33.582877468047,2024-01-01,2024-12-31,ADMIN-2024-MCA;REGISTRY-2024-YESCALLOP;GEO-2020-PFINAL-BAIDU
411200,三门峡市,410000,河南省,prefecture_city,111.193935214462,34.773569518435,2024-01-01,2024-12-31,ADMIN-2024-MCA;REGISTRY-2024-YESCALLOP;GEO-2020-PFINAL-BAIDU
411300,南阳市,410000,河南省,prefecture_city,112.52212925778,32.99257277126,2024-01-01,2024-12-31,ADMIN-2024-MCA;REGISTRY-2024-YESCALLOP;GEO-2020-PFINAL-BAIDU
411400,商丘市,410000,河南省,prefecture_city,115.650481409377,34.415409168096,2024-01-01,2024-12-31,ADMIN-2024-MCA;REGISTRY-2024-YESCALLOP;GEO-2020-PFINAL-BAIDU
411500,信阳市,410000,河南省,prefecture_city,114.085178272329,32.148631120862,2024-01-01,2024-12-31,ADMIN-2024-MCA;REGISTRY-2024-YESCALLOP;GEO-2020-PFINAL-BAIDU
411600,周口市,410000,河南省,prefecture_city,114.691478266751,33.627599774796,2024-01-01,2024-12-31,ADMIN-2024-MCA;REGISTRY-2024-YESCALLOP;GEO-2020-PFINAL-BAIDU
411700,驻马店市,410000,河南省,prefecture_city,114.01620211505,33.013329562052,2024-01-01,2024-12-31,ADMIN-2024-MCA;REGISTRY-2024-YESCALLOP;GEO-2020-PFINAL-BAIDU
420100,武汉市,420000,湖北省,prefecture_city,114.299678419313,30.594683075738,2024-01-01,2024-12-31,ADMIN-2024-MCA;REGISTRY-2024-YESCALLOP;GEO-2020-PFINAL-BAIDU
420200,黄石市,420000,湖北省,prefecture_city,115.033559156564,30.201982226386,2024-01-01,2024-12-31,ADMIN-2024-MCA;REGISTRY-2024-YESCALLOP;GEO-2020-PFINAL-BAIDU
420300,十堰市,420000,湖北省,prefecture_city,110.792607965329,32.631504997853,2024-01-01,2024-12-31,ADMIN-2024-MCA;REGISTRY-2024-YESCALLOP;GEO-2020-PFINAL-BAIDU
420500,宜昌市,420000,湖北省,prefecture_city,111.280329113148,30.694095277846,2024-01-01,2024-12-31,ADMIN-2024-MCA;REGISTRY-2024-YESCALLOP;GEO-2020-PFINAL-BAIDU
420600,襄阳市,420000,湖北省,prefecture_city,112.116037159092,32.010436480145,2024-01-01,2024-12-31,ADMIN-2024-MCA;REGISTRY-2024-YESCALLOP;GEO-2020-PFINAL-BAIDU
420700,鄂州市,420000,湖北省,prefecture_city,114.889960245875,30.393587016957,2024-01-01,2024-12-31,ADMIN-2024-MCA;REGISTRY-2024-YESCALLOP;GEO-2020-PFINAL-BAIDU
420800,荆门市,420000,湖北省,prefecture_city,112.194131574292,31.037665796624,2024-01-01,2024-12-31,ADMIN-2024-MCA;REGISTRY-2024-YESCALLOP;GEO-2020-PFINAL-BAIDU
420900,孝感市,420000,湖北省,prefecture_city,113.910610051565,30.926839293819,2024-01-01,2024-12-31,ADMIN-2024-MCA;REGISTRY-2024-YESCALLOP;GEO-2020-PFINAL-BAIDU
421000,荆州市,420000,湖北省,prefecture_city,112.233357181904,30.337144656936,2024-01-01,2024-12-31,ADMIN-2024-MCA;REGISTRY-2024-YESCALLOP;GEO-2020-PFINAL-BAIDU
421100,黄冈市,420000,湖北省,prefecture_city,114.866817428041,30.456329053674,2024-01-01,2024-12-31,ADMIN-2024-MCA;REGISTRY-2024-YESCALLOP;GEO-2020-PFINAL-BAIDU
421200,咸宁市,420000,湖北省,prefecture_city,114.316678371642,29.843352744465,2024-01-01,2024-12-31,ADMIN-2024-MCA;REGISTRY-2024-YESCALLOP;GEO-2020-PFINAL-BAIDU
421300,随州市,420000,湖北省,prefecture_city,113.376719845442,31.692522757489,2024-01-01,2024-12-31,ADMIN-2024-MCA;REGISTRY-2024-YESCALLOP;GEO-2020-PFINAL-BAIDU
422800,恩施土家族苗族自治州,420000,湖北省,autonomous_prefecture,109.483189582329,30.274502199564,2024-01-01,2024-12-31,ADMIN-2024-MCA;REGISTRY-2024-YESCALLOP;GEO-2020-PFINAL-BAIDU
430100,长沙市,430000,湖南省,prefecture_city,112.933438029159,28.23273453191,2024-01-01,2024-12-31,ADMIN-2024-MCA;REGISTRY-2024-YESCALLOP;GEO-2020-PFINAL-BAIDU
430200,株洲市,430000,湖南省,prefecture_city,113.128068609151,27.831014052977,2024-01-01,2024-12-31,ADMIN-2024-MCA;REGISTRY-2024-YESCALLOP;GEO-2020-PFINAL-BAIDU
430300,湘潭市,430000,湖南省,prefecture_city,112.93847384572,27.833497458239,2024-01-01,2024-12-31,ADMIN-2024-MCA;REGISTRY-2024-YESCALLOP;GEO-2020-PFINAL-BAIDU
430400,衡阳市,430000,湖南省,prefecture_city,112.566680541489,26.897228352857,2024-01-01,2024-12-31,ADMIN-2024-MCA;REGISTRY-2024-YESCALLOP;GEO-2020-PFINAL-BAIDU
430500,邵阳市,430000,湖南省,prefecture_city,111.462361085093,27.242537390988,2024-01-01,2024-12-31,ADMIN-2024-MCA;REGISTRY-2024-YESCALLOP;GEO-2020-PFINAL-BAIDU
430600,岳阳市,430000,湖南省,prefecture_city,113.122955464161,29.360041934547,2024-01-01,2024-12-31,ADMIN-2024-MCA;REGISTRY-2024-YESCALLOP;GEO-2020-PFINAL-BAIDU
430700,常德市,430000,湖南省,prefecture_city,111.693405486568,29.034585391682,2024-01-01,2024-12-31,ADMIN-2024-MCA;REGISTRY-2024-YESCALLOP;GEO-2020-PFINAL-BAIDU
430800,张家界市,430000,湖南省,prefecture_city,110.474088556669,29.119644014514,2024-01-01,2024-12-31,ADMIN-2024-MCA;REGISTRY-2024-YESCALLOP;GEO-2020-PFINAL-BAIDU
430900,益阳市,430000,湖南省,prefecture_city,112.349335734279,28.556716197672,2024-01-01,2024-12-31,ADMIN-2024-MCA;REGISTRY-2024-YESCALLOP;GEO-2020-PFINAL-BAIDU
431000,郴州市,430000,湖南省,prefecture_city,113.009407152728,25.774001033865,2024-01-01,2024-12-31,ADMIN-2024-MCA;REGISTRY-2024-YESCALLOP;GEO-2020-PFINAL-BAIDU
431100,永州市,430000,湖南省,prefecture_city,111.607722235567,26.423333775018,2024-01-01,2024-12-31,ADMIN-2024-MCA;REGISTRY-2024-YESCALLOP;GEO-2020-PFINAL-BAIDU
431200,怀化市,430000,湖南省,prefecture_city,109.997439432392,27.57215634435,2024-01-01,2024-12-31,ADMIN-2024-MCA;REGISTRY-2024-YESCALLOP;GEO-2020-PFINAL-BAIDU
431300,娄底市,430000,湖南省,prefecture_city,111.989600448078,27.700204665524,2024-01-01,2024-12-31,ADMIN-2024-MCA;REGISTRY-2024-YESCALLOP;GEO-2020-PFINAL-BAIDU
433100,湘西土家族苗族自治州,430000,湖南省,autonomous_prefecture,109.734388919432,28.31453265817,2024-01-01,2024-12-31,ADMIN-2024-MCA;REGISTRY-2024-YESCALLOP;GEO-2020-PFINAL-BAIDU
440100,广州市,440000,广东省,prefecture_city,113.259565356467,23.132244244213,2024-01-01,2024-12-31,ADMIN-2024-MCA;REGISTRY-2024-YESCALLOP;GEO-2020-PFINAL-BAIDU
440200,韶关市,440000,广东省,prefecture_city,113.591845824946,24.812836255372,2024-01-01,2024-12-31,ADMIN-2024-MCA;REGISTRY-2024-YESCALLOP;GEO-2020-PFINAL-BAIDU
440300,深圳市,440000,广东省,prefecture_city,114.05299102077,22.54484247397,2024-01-01,2024-12-31,ADMIN-2024-MCA;REGISTRY-2024-YESCALLOP;GEO-2020-PFINAL-BAIDU
440400,珠海市,440000,广东省,prefecture_city,113.571008004137,22.273491255435,2024-01-01,2024-12-31,ADMIN-2024-MCA;REGISTRY-2024-YESCALLOP;GEO-2020-PFINAL-BAIDU
440500,汕头市,440000,广东省,prefecture_city,116.677550612181,23.355949672426,2024-01-01,2024-12-31,ADMIN-2024-MCA;REGISTRY-2024-YESCALLOP;GEO-2020-PFINAL-BAIDU
440600,佛山市,440000,广东省,prefecture_city,113.116462923231,23.024621263842,2024-01-01,2024-12-31,ADMIN-2024-MCA;REGISTRY-2024-YESCALLOP;GEO-2020-PFINAL-BAIDU
440700,江门市,440000,广东省,prefecture_city,113.076527989748,22.581623299774,2024-01-01,2024-12-31,ADMIN-2024-MCA;REGISTRY-2024-YESCALLOP;GEO-2020-PFINAL-BAIDU
440800,湛江市,440000,广东省,prefecture_city,110.354609235762,21.272974052404,2024-01-01,2024-12-31,ADMIN-2024-MCA;REGISTRY-2024-YESCALLOP;GEO-2020-PFINAL-BAIDU
440900,茂名市,440000,广东省,prefecture_city,110.920493355924,21.666172573791,2024-01-01,2024-12-31,ADMIN-2024-MCA;REGISTRY-2024-YESCALLOP;GEO-2020-PFINAL-BAIDU
441200,肇庆市,440000,广东省,prefecture_city,112.459730221056,23.049459250666,2024-01-01,2024-12-31,ADMIN-2024-MCA;REGISTRY-2024-YESCALLOP;GEO-2020-PFINAL-BAIDU
441300,惠州市,440000,广东省,prefecture_city,114.412110594814,23.112767112651,2024-01-01,2024-12-31,ADMIN-2024-MCA;REGISTRY-2024-YESCALLOP;GEO-2020-PFINAL-BAIDU
441400,梅州市,440000,广东省,prefecture_city,116.118257830692,24.290475792399,2024-01-01,2024-12-31,ADMIN-2024-MCA;REGISTRY-2024-YESCALLOP;GEO-2020-PFINAL-BAIDU
441500,汕尾市,440000,广东省,prefecture_city,115.370079209929,22.788032975661,2024-01-01,2024-12-31,ADMIN-2024-MCA;REGISTRY-2024-YESCALLOP;GEO-2020-PFINAL-BAIDU
441600,河源市,440000,广东省,prefecture_city,114.696225188125,23.746548271766,2024-01-01,2024-12-31,ADMIN-2024-MCA;REGISTRY-2024-YESCALLOP;GEO-2020-PFINAL-BAIDU
441700,阳江市,440000,广东省,prefecture_city,111.977002611143,21.860753044566,2024-01-01,2024-12-31,ADMIN-2024-MCA;REGISTRY-2024-YESCALLOP;GEO-2020-PFINAL-BAIDU
441800,清远市,440000,广东省,prefecture_city,113.050446032898,23.685039518197,2024-01-01,2024-12-31,ADMIN-2024-MCA;REGISTRY-2024-YESCALLOP;GEO-2020-PFINAL-BAIDU
441900,东莞市,440000,广东省,prefecture_city,113.746774879725,23.023787336539,2024-01-01,2024-12-31,ADMIN-2024-MCA;REGISTRY-2024-YESCALLOP;GEO-2020-PFINAL-BAIDU
442000,中山市,440000,广东省,prefecture_city,113.387400529866,22.519115146473,2024-01-01,2024-12-31,ADMIN-2024-MCA;REGISTRY-2024-YESCALLOP;GEO-2020-PFINAL-BAIDU
445100,潮州市,440000,广东省,prefecture_city,116.61860038165,23.659508694458,2024-01-01,2024-12-31,ADMIN-2024-MCA;REGISTRY-2024-YESCALLOP;GEO-2020-PFINAL-BAIDU
445200,揭阳市,440000,广东省,prefecture_city,116.367356490601,23.552011945193,2024-01-01,2024-12-31,ADMIN-2024-MCA;REGISTRY-2024-YESCALLOP;GEO-2020-PFINAL-BAIDU
445300,云浮市,440000,广东省,prefecture_city,112.039765923517,22.917245929831,2024-01-01,2024-12-31,ADMIN-2024-MCA;REGISTRY-2024-YESCALLOP;GEO-2020-PFINAL-BAIDU
450100,南宁市,450000,广西壮族自治区,prefecture_city,108.362901466892,22.81916286209,2024-01-01,2024-12-31,ADMIN-2024-MCA;REGISTRY-2024-YESCALLOP;GEO-2020-PFINAL-BAIDU
450200,柳州市,450000,广西壮族自治区,prefecture_city,109.42328494114,24.328727547043,2024-01-01,2024-12-31,ADMIN-2024-MCA;REGISTRY-2024-YESCALLOP;GEO-2020-PFINAL-BAIDU
450300,桂林市,450000,广西壮族自治区,prefecture_city,110.192520341311,25.239427696012,2024-01-01,2024-12-31,ADMIN-2024-MCA;REGISTRY-2024-YESCALLOP;GEO-2020-PFINAL-BAIDU
450400,梧州市,450000,广西壮族自治区,prefecture_city,111.273892172602,23.479559390375,2024-01-01,2024-12-31,ADMIN-2024-MCA;REGISTRY-2024-YESCALLOP;GEO-2020-PFINAL-BAIDU
450500,北海市,450000,广西壮族自治区,prefecture_city,109.115698504988,21.483529115698,2024-01-01,2024-12-31,ADMIN-2024-MCA;REGISTRY-2024-YESCALLOP;GEO-2020-PFINAL-BAIDU
450600,防城港市,450000,广西壮族自治区,prefecture_city,108.3499764646,21.689359017773,2024-01-01,2024-12-31,ADMIN-2024-MCA;REGISTRY-2024-YESCALLOP;GEO-2020-PFINAL-BAIDU
450700,钦州市,450000,广西壮族自治区,prefecture_city,108.650301978422,21.983639084028,2024-01-01,2024-12-31,ADMIN-2024-MCA;REGISTRY-2024-YESCALLOP;GEO-2020-PFINAL-BAIDU
450800,贵港市,450000,广西壮族自治区,prefecture_city,109.594857730759,23.114249111121,2024-01-01,2024-12-31,ADMIN-2024-MCA;REGISTRY-2024-YESCALLOP;GEO-2020-PFINAL-BAIDU
450900,玉林市,450000,广西壮族自治区,prefecture_city,110.177518623476,22.656344378354,2024-01-01,2024-12-31,ADMIN-2024-MCA;REGISTRY-2024-YESCALLOP;GEO-2020-PFINAL-BAIDU
451000,百色市,450000,广西壮族自治区,prefecture_city,106.614663213402,23.905210953643,2024-01-01,2024-12-31,ADMIN-2024-MCA;REGISTRY-2024-YESCALLOP;GEO-2020-PFINAL-BAIDU
451100,贺州市,450000,广西壮族自治区,prefecture_city,111.561902847001,24.406406714231,2024-01-01,2024-12-31,ADMIN-2024-MCA;REGISTRY-2024-YESCALLOP;GEO-2020-PFINAL-BAIDU
451200,河池市,450000,广西壮族自治区,prefecture_city,108.08080414661,24.695350488535,2024-01-01,2024-12-31,ADMIN-2024-MCA;REGISTRY-2024-YESCALLOP;GEO-2020-PFINAL-BAIDU
451300,来宾市,450000,广西壮族自治区,prefecture_city,109.216612194598,23.753436186367,2024-01-01,2024-12-31,ADMIN-2024-MCA;REGISTRY-2024-YESCALLOP;GEO-2020-PFINAL-BAIDU
451400,崇左市,450000,广西壮族自治区,prefecture_city,107.360826331694,22.380001577084,2024-01-01,2024-12-31,ADMIN-2024-MCA;REGISTRY-2024-YESCALLOP;GEO-2020-PFINAL-BAIDU
460100,海口市,460000,海南省,prefecture_city,110.31472050275,20.039955618203,2024-01-01,2024-12-31,ADMIN-2024-MCA;REGISTRY-2024-YESCALLOP;GEO-2020-PFINAL-BAIDU
460200,三亚市,460000,海南省,prefecture_city,109.507949028703,18.254415491214,2024-01-01,2024-12-31,ADMIN-2024-MCA;REGISTRY-2024-YESCALLOP;GEO-2020-PFINAL-BAIDU
460300,三沙市,460000,海南省,prefecture_city,112.24941992727,30.312894641266,2024-01-01,2024-12-31,ADMIN-2024-MCA;REGISTRY-2024-YESCALLOP;GEO-2020-PFINAL-BAIDU
460400,儋州市,460000,海南省,prefecture_city,109.163299362538,19.638820506166,2024-01-01,2024-12-31,ADMIN-2024-MCA;REGISTRY-2024-YESCALLOP;GEO-2020-PFINAL-BAIDU
500000,重庆市,500000,重庆市,municipality,106.548214636825,29.565894217379,2024-01-01,2024-12-31,ADMIN-2024-MCA;REGISTRY-2024-YESCALLOP;GEO-2020-PFINAL-BAIDU
510100,成都市,510000,四川省,prefecture_city,104.072587000304,30.65192846169,2024-01-01,2024-12-31,ADMIN-2024-MCA;REGISTRY-2024-YESCALLOP;GEO-2020-PFINAL-BAIDU
510300,自贡市,510000,四川省,prefecture_city,104.775201843091,29.342684695872,2024-01-01,2024-12-31,ADMIN-2024-MCA;REGISTRY-2024-YESCALLOP;GEO-2020-PFINAL-BAIDU
510400,攀枝花市,510000,四川省,prefecture_city,101.717499787977,26.585404083856,2024-01-01,2024-12-31,ADMIN-2024-MCA;REGISTRY-2024-YESCALLOP;GEO-2020-PFINAL-BAIDU
510500,泸州市,510000,四川省,prefecture_city,105.43840500356,28.874752565483,2024-01-01,2024-12-31,ADMIN-2024-MCA;REGISTRY-2024-YESCALLOP;GEO-2020-PFINAL-BAIDU
510600,德阳市,510000,四川省,prefecture_city,104.395276374734,31.129158921182,2024-01-01,2024-12-31,ADMIN-2024-MCA;REGISTRY-2024-YESCALLOP;GEO-2020-PFINAL-BAIDU
510700,绵阳市,510000,四川省,prefecture_city,104.676422404023,31.470117054059,2024-01-01,2024-12-31,ADMIN-2024-MCA;REGISTRY-2024-YESCALLOP;GEO-2020-PFINAL-BAIDU
510800,广元市,510000,四川省,prefecture_city,105.840278803732,32.437724145892,2024-01-01,2024-12-31,ADMIN-2024-MCA;REGISTRY-2024-YESCALLOP;GEO-2020-PFINAL-BAIDU
510900,遂宁市,510000,四川省,prefecture_city,105.589520117715,30.53579351444,2024-01-01,2024-12-31,ADMIN-2024-MCA;REGISTRY-2024-YESCALLOP;GEO-2020-PFINAL-BAIDU
511000,内江市,510000,四川省,prefecture_city,105.05480373393,29.582783633988,2024-01-01,2024-12-31,ADMIN-2024-MCA;REGISTRY-2024-YESCALLOP;GEO-2020-PFINAL-BAIDU
511100,乐山市,510000,四川省,prefecture_city,103.763912784111,29.554469739459,2024-01-01,2024-12-31,ADMIN-2024-MCA;REGISTRY-2024-YESCALLOP;GEO-2020-PFINAL-BAIDU
511300,南充市,510000,四川省,prefecture_city,106.107059534277,30.839760076561,2024-01-01,2024-12-31,ADMIN-2024-MCA;REGISTRY-2024-YESCALLOP;GEO-2020-PFINAL-BAIDU
511400,眉山市,510000,四川省,prefecture_city,103.84803646618,30.079068004538,2024-01-01,2024-12-31,ADMIN-2024-MCA;REGISTRY-2024-YESCALLOP;GEO-2020-PFINAL-BAIDU
511500,宜宾市,510000,四川省,prefecture_city,104.640476880649,28.755569543556,2024-01-01,2024-12-31,ADMIN-2024-MCA;REGISTRY-2024-YESCALLOP;GEO-2020-PFINAL-BAIDU
511600,广安市,510000,四川省,prefecture_city,106.629213001399,30.458651335041,2024-01-01,2024-12-31,ADMIN-2024-MCA;REGISTRY-2024-YESCALLOP;GEO-2020-PFINAL-BAIDU
511700,达州市,510000,四川省,prefecture_city,107.463428353702,31.210477462269,2024-01-01,2024-12-31,ADMIN-2024-MCA;REGISTRY-2024-YESCALLOP;GEO-2020-PFINAL-BAIDU
511800,雅安市,510000,四川省,prefecture_city,103.040977886435,30.01368378035,2024-01-01,2024-12-31,ADMIN-2024-MCA;REGISTRY-2024-YESCALLOP;GEO-2020-PFINAL-BAIDU
511900,巴中市,510000,四川省,prefecture_city,106.740888271489,31.869297141194,2024-01-01,2024-12-31,ADMIN-2024-MCA;REGISTRY-2024-YESCALLOP;GEO-2020-PFINAL-BAIDU
512000,资阳市,510000,四川省,prefecture_city,104.625492903262,30.13192667326,2024-01-01,2024-12-31,ADMIN-2024-MCA;REGISTRY-2024-YESCALLOP;GEO-2020-PFINAL-BAIDU
513200,阿坝藏族羌族自治州,510000,四川省,autonomous_prefecture,101.705392506407,32.904221154998,2024-01-01,2024-12-31,ADMIN-2024-MCA;REGISTRY-2024-YESCALLOP;GEO-2020-PFINAL-BAIDU
513300,甘孜藏族自治州,510000,四川省,autonomous_prefecture,101.96061823693,30.051799033593,2024-01-01,2024-12-31,ADMIN-2024-MCA;REGISTRY-2024-YESCALLOP;GEO-2020-PFINAL-BAIDU
513400,凉山彝族自治州,510000,四川省,autonomous_prefecture,102.265571861277,27.884982875718,2024-01-01,2024-12-31,ADMIN-2024-MCA;REGISTRY-2024-YESCALLOP;GEO-2020-PFINAL-BAIDU
520100,贵阳市,520000,贵州省,prefecture_city,106.626465714376,26.651121529002,2024-01-01,2024-12-31,ADMIN-2024-MCA;REGISTRY-2024-YESCALLOP;GEO-2020-PFINAL-BAIDU
520200,六盘水市,520000,贵州省,prefecture_city,104.828427260681,26.596716126267,2024-01-01,2024-12-31,ADMIN-2024-MCA;REGISTRY-2024-YESCALLOP;GEO-2020-PFINAL-BAIDU
520300,遵义市,520000,贵州省,prefecture_city,106.923046270381,27.729552942348,2024-01-01,2024-12-31,ADMIN-2024-MCA;REGISTRY-2024-YESCALLOP;GEO-2020-PFINAL-BAIDU
520400,安顺市,520000,贵州省,prefecture_city,105.944621957027,26.256472759805,2024-01-01,2024-12-31,ADMIN-2024-MCA;REGISTRY-2024-YESCALLOP;GEO-2020-PFINAL-BAIDU
520500,毕节市,520000,贵州省,prefecture_city,105.28882418326,27.287782351438,2024-01-01,2024-12-31,ADMIN-2024-MCA;REGISTRY-2024-YESCALLOP;GEO-2020-PFINAL-BAIDU
520600,铜仁市,520000,贵州省,prefecture_city,109.185299153713,27.735326008871,2024-01-01,2024-12-31,ADMIN-2024-MCA;REGISTRY-2024-YESCALLOP;GEO-2020-PFINAL-BAIDU
522300,黔西南布依族苗族自治州,520000,贵州省,autonomous_prefecture,106.02848724865,27.01140588881,2024-01-01,2024-12-31,ADMIN-2024-MCA;REGISTRY-2024-YESCALLOP;GEO-2020-PFINAL-BAIDU
522600,黔东南苗族侗族自治州,520000,贵州省,autonomous_prefecture,107.978881821187,26.586922534899,2024-01-01,2024-12-31,ADMIN-2024-MCA;REGISTRY-2024-YESCALLOP;GEO-2020-PFINAL-BAIDU
522700,黔南布依族苗族自治州,520000,贵州省,autonomous_prefecture,107.517716446184,26.258019549107,2024-01-01,2024-12-31,ADMIN-2024-MCA;REGISTRY-2024-YESCALLOP;GEO-2020-PFINAL-BAIDU
530100,昆明市,530000,云南省,prefecture_city,102.844475099267,24.871360969352,2024-01-01,2024-12-31,ADMIN-2024-MCA;REGISTRY-2024-YESCALLOP;GEO-2020-PFINAL-BAIDU
530300,曲靖市,530000,云南省,prefecture_city,103.793989125609,25.493161402121,2024-01-01,2024-12-31,ADMIN-2024-MCA;REGISTRY-2024-YESCALLOP;GEO-2020-PFINAL-BAIDU
530400,玉溪市,530000,云南省,prefecture_city,102.545777260295,24.354815856283,2024-01-01,2024-12-31,ADMIN-2024-MCA;REGISTRY-2024-YESCALLOP;GEO-2020-PFINAL-BAIDU
530500,保山市,530000,云南省,prefecture_city,99.169807430229,25.136166952217,2024-01-01,2024-12-31,ADMIN-2024-MCA;REGISTRY-2024-YESCALLOP;GEO-2020-PFINAL-BAIDU
530600,昭通市,530000,云南省,prefecture_city,103.714990993968,27.341319454147,2024-01-01,2024-12-31,ADMIN-2024-MCA;REGISTRY-2024-YESCALLOP;GEO-2020-PFINAL-BAIDU
530700,丽江市,530000,云南省,prefecture_city,100.224882647087,26.857971065271,2024-01-01,2024-12-31,ADMIN-2024-MCA;REGISTRY-2024-YESCALLOP;GEO-2020-PFINAL-BAIDU
530800,普洱市,530000,云南省,prefecture_city,100.964820112384,22.828272753789,2024-01-01,2024-12-31,ADMIN-2024-MCA;REGISTRY-2024-YESCALLOP;GEO-2020-PFINAL-BAIDU
530900,临沧市,530000,云南省,prefecture_city,100.087764840944,23.886770428756,2024-01-01,2024-12-31,ADMIN-2024-MCA;REGISTRY-2024-YESCALLOP;GEO-2020-PFINAL-BAIDU
532300,楚雄彝族自治州,530000,云南省,autonomous_prefecture,101.52644728016,25.048781112234,2024-01-01,2024-12-31,ADMIN-2024-MCA;REGISTRY-2024-YESCALLOP;GEO-2020-PFINAL-BAIDU
532500,红河哈尼族彝族自治州,530000,云南省,autonomous_prefecture,102.41954436322,23.37092821342,2024-01-01,2024-12-31,ADMIN-2024-MCA;REGISTRY-2024-YESCALLOP;GEO-2020-PFINAL-BAIDU
532600,文山壮族苗族自治州,530000,云南省,autonomous_prefecture,104.214039251625,23.402403372039,2024-01-01,2024-12-31,ADMIN-2024-MCA;REGISTRY-2024-YESCALLOP;GEO-2020-PFINAL-BAIDU
532800,西双版纳傣族自治州,530000,云南省,autonomous_prefecture,100.795768274913,22.010702945655,2024-01-01,2024-12-31,ADMIN-2024-MCA;REGISTRY-2024-YESCALLOP;GEO-2020-PFINAL-BAIDU
532900,大理白族自治州,530000,云南省,autonomous_prefecture,100.22899610275,25.594410287219,2024-01-01,2024-12-31,ADMIN-2024-MCA;REGISTRY-2024-YESCALLOP;GEO-2020-PFINAL-BAIDU
533100,德宏傣族景颇族自治州,530000,云南省,autonomous_prefecture,98.584668045769,24.435255818395,2024-01-01,2024-12-31,ADMIN-2024-MCA;REGISTRY-2024-YESCALLOP;GEO-2020-PFINAL-BAIDU
533300,怒江傈僳族自治州,530000,云南省,autonomous_prefecture,98.856336457044,25.821295002905,2024-01-01,2024-12-31,ADMIN-2024-MCA;REGISTRY-2024-YESCALLOP;GEO-2020-PFINAL-BAIDU
533400,迪庆藏族自治州,530000,云南省,autonomous_prefecture,99.701997488525,27.822505896187,2024-01-01,2024-12-31,ADMIN-2024-MCA;REGISTRY-2024-YESCALLOP;GEO-2020-PFINAL-BAIDU
540100,拉萨市,540000,西藏自治区,prefecture_city,91.112694027124,29.647006490936,2024-01-01,2024-12-31,ADMIN-2024-MCA;REGISTRY-2024-YESCALLOP;GEO-2020-PFINAL-BAIDU
540200,日喀则市,540000,西藏自治区,prefecture_city,88.885103451278,29.273177235077,2024-01-01,2024-12-31,ADMIN-2024-MCA;REGISTRY-2024-YESCALLOP;GEO-2020-PFINAL-BAIDU
540300,昌都市,540000,西藏自治区,prefecture_city,97.172476869445,31.143923948541,2024-01-01,2024-12-31,ADMIN-2024-MCA;REGISTRY-2024-YESCALLOP;GEO-2020-PFINAL-BAIDU
540400,林芝市,540000,西藏自治区,prefecture_city,94.360448813227,29.650619331901,2024-01-01,2024-12-31,ADMIN-2024-MCA;REGISTRY-2024-YESCALLOP;GEO-2020-PFINAL-BAIDU
540500,山南市,540000,西藏自治区,prefecture_city,91.771039884565,29.239903325683,2024-01-01,2024-12-31,ADMIN-2024-MCA;REGISTRY-2024-YESCALLOP;GEO-2020-PFINAL-BAIDU
540600,那曲市,540000,西藏自治区,prefecture_city,92.049674079901,31.47841435692,2024-01-01,2024-12-31,ADMIN-2024-MCA;REGISTRY-2024-YESCALLOP;GEO-2020-PFINAL-BAIDU
542500,阿里地区,540000,西藏自治区,prefecture,80.104133645898,32.503112474117,2024-01-01,2024-12-31,ADMIN-2024-MCA;REGISTRY-2024-YESCALLOP;GEO-2020-PFINAL-BAIDU
610100,西安市,610000,陕西省,prefecture_city,108.93520350674,34.343146576582,2024-01-01,2024-12-31,ADMIN-2024-MCA;REGISTRY-2024-YESCALLOP;GEO-2020-PFINAL-BAIDU
610200,铜川市,610000,陕西省,prefecture_city,108.941090116842,34.898047909741,2024-01-01,2024-12-31,ADMIN-2024-MCA;REGISTRY-2024-YESCALLOP;GEO-2020-PFINAL-BAIDU
610300,宝鸡市,610000,陕西省,prefecture_city,107.233289614177,34.364561926323,2024-01-01,2024-12-31,ADMIN-2024-MCA;REGISTRY-2024-YESCALLOP;GEO-2020-PFINAL-BAIDU
610400,咸阳市,610000,陕西省,prefecture_city,108.704180720853,34.331118756687,2024-01-01,2024-12-31,ADMIN-2024-MCA;REGISTRY-2024-YESCALLOP;GEO-2020-PFINAL-BAIDU
610500,渭南市,610000,陕西省,prefecture_city,109.504914084839,34.501011251143,2024-01-01,2024-12-31,ADMIN-2024-MCA;REGISTRY-2024-YESCALLOP;GEO-2020-PFINAL-BAIDU
610600,延安市,610000,陕西省,prefecture_city,109.484639994252,36.585003395045,2024-01-01,2024-12-31,ADMIN-2024-MCA;REGISTRY-2024-YESCALLOP;GEO-2020-PFINAL-BAIDU
610700,汉中市,610000,陕西省,prefecture_city,107.018333934365,33.070020432983,2024-01-01,2024-12-31,ADMIN-2024-MCA;REGISTRY-2024-YESCALLOP;GEO-2020-PFINAL-BAIDU
610800,榆林市,610000,陕西省,prefecture_city,109.729599613014,38.28414225786,2024-01-01,2024-12-31,ADMIN-2024-MCA;REGISTRY-2024-YESCALLOP;GEO-2020-PFINAL-BAIDU
610900,安康市,610000,陕西省,prefecture_city,109.024141412292,32.686916936034,2024-01-01,2024-12-31,ADMIN-2024-MCA;REGISTRY-2024-YESCALLOP;GEO-2020-PFINAL-BAIDU
611000,商洛市,610000,陕西省,prefecture_city,109.913070212651,33.874023266752,2024-01-01,2024-12-31,ADMIN-2024-MCA;REGISTRY-2024-YESCALLOP;GEO-2020-PFINAL-BAIDU
620100,兰州市,620000,甘肃省,prefecture_city,103.831702803384,36.061285719624,2024-01-01,2024-12-31,ADMIN-2024-MCA;REGISTRY-2024-YESCALLOP;GEO-2020-PFINAL-BAIDU
620200,嘉峪关市,620000,甘肃省,prefecture_city,98.28918995612,39.770951776803,2024-01-01,2024-12-31,ADMIN-2024-MCA;REGISTRY-2024-YESCALLOP;GEO-2020-PFINAL-BAIDU
620300,金昌市,620000,甘肃省,prefecture_city,102.186189186268,38.519117719768,2024-01-01,2024-12-31,ADMIN-2024-MCA;REGISTRY-2024-YESCALLOP;GEO-2020-PFINAL-BAIDU
620400,白银市,620000,甘肃省,prefecture_city,104.135209355103,36.544439293626,2024-01-01,2024-12-31,ADMIN-2024-MCA;REGISTRY-2024-YESCALLOP;GEO-2020-PFINAL-BAIDU
620500,天水市,620000,甘肃省,prefecture_city,105.721034983611,34.582520452395,2024-01-01,2024-12-31,ADMIN-2024-MCA;REGISTRY-2024-YESCALLOP;GEO-2020-PFINAL-BAIDU
620600,武威市,620000,甘肃省,prefecture_city,102.636297813948,37.928225263007,2024-01-01,2024-12-31,ADMIN-2024-MCA;REGISTRY-2024-YESCALLOP;GEO-2020-PFINAL-BAIDU
620700,张掖市,620000,甘肃省,prefecture_city,100.448219831226,38.925375939046,2024-01-01,2024-12-31,ADMIN-2024-MCA;REGISTRY-2024-YESCALLOP;GEO-2020-PFINAL-BAIDU
620800,平凉市,620000,甘肃省,prefecture_city,106.660697949239,35.543870514267,2024-01-01,2024-12-31,ADMIN-2024-MCA;REGISTRY-2024-YESCALLOP;GEO-2020-PFINAL-BAIDU
620900,酒泉市,620000,甘肃省,prefecture_city,98.493564214735,39.731644382683,2024-01-01,2024-12-31,ADMIN-2024-MCA;REGISTRY-2024-YESCALLOP;GEO-2020-PFINAL-BAIDU
621000,庆阳市,620000,甘肃省,prefecture_city,107.638213986791,35.709485050345,2024-01-01,2024-12-31,ADMIN-2024-MCA;REGISTRY-2024-YESCALLOP;GEO-2020-PFINAL-BAIDU
621100,定西市,620000,甘肃省,prefecture_city,104.623233454674,35.581506189861,2024-01-01,2024-12-31,ADMIN-2024-MCA;REGISTRY-2024-YESCALLOP;GEO-2020-PFINAL-BAIDU
621200,陇南市,620000,甘肃省,prefecture_city,104.919119962064,33.402886210523,2024-01-01,2024-12-31,ADMIN-2024-MCA;REGISTRY-2024-YESCALLOP;GEO-2020-PFINAL-BAIDU
622900,临夏回族自治州,620000,甘肃省,autonomous_prefecture,103.240756897532,35.604512541742,2024-01-01,2024-12-31,ADMIN-2024-MCA;REGISTRY-2024-YESCALLOP;GEO-2020-PFINAL-BAIDU
623000,甘南藏族自治州,620000,甘肃省,autonomous_prefecture,102.909262159479,34.984573752035,2024-01-01,2024-12-31,ADMIN-2024-MCA;REGISTRY-2024-YESCALLOP;GEO-2020-PFINAL-BAIDU
630100,西宁市,630000,青海省,prefecture_city,101.776081246814,36.617223929341,2024-01-01,2024-12-31,ADMIN-2024-MCA;REGISTRY-2024-YESCALLOP;GEO-2020-PFINAL-BAIDU
630200,海东市,630000,青海省,prefecture_city,102.101957714946,36.502149478048,2024-01-01,2024-12-31,ADMIN-2024-MCA;REGISTRY-2024-YESCALLOP;GEO-2020-PFINAL-BAIDU
632200,海北藏族自治州,630000,青海省,autonomous_prefecture,100.899372734019,36.9549955108,2024-01-01,2024-12-31,ADMIN-2024-MCA;REGISTRY-2024-YESCALLOP;GEO-2020-PFINAL-BAIDU
632300,黄南藏族自治州,630000,青海省,autonomous_prefecture,102.014171590228,35.519922415382,2024-01-01,2024-12-31,ADMIN-2024-MCA;REGISTRY-2024-YESCALLOP;GEO-2020-PFINAL-BAIDU
632500,海南藏族自治州,630000,青海省,autonomous_prefecture,100.618791157758,36.28661184361,2024-01-01,2024-12-31,ADMIN-2024-MCA;REGISTRY-2024-YESCALLOP;GEO-2020-PFINAL-BAIDU
632600,果洛藏族自治州,630000,青海省,autonomous_prefecture,100.243806607819,34.472449979656,2024-01-01,2024-12-31,ADMIN-2024-MCA;REGISTRY-2024-YESCALLOP;GEO-2020-PFINAL-BAIDU
632700,玉树藏族自治州,630000,青海省,autonomous_prefecture,97.006151904702,33.007409273255,2024-01-01,2024-12-31,ADMIN-2024-MCA;REGISTRY-2024-YESCALLOP;GEO-2020-PFINAL-BAIDU
632800,海西蒙古族藏族自治州,630000,青海省,autonomous_prefecture,97.368971127147,37.376395194004,2024-01-01,2024-12-31,ADMIN-2024-MCA;REGISTRY-2024-YESCALLOP;GEO-2020-PFINAL-BAIDU
640100,银川市,640000,宁夏回族自治区,prefecture_city,106.227659864546,38.485753793407,2024-01-01,2024-12-31,ADMIN-2024-MCA;REGISTRY-2024-YESCALLOP;GEO-2020-PFINAL-BAIDU
640200,石嘴山市,640000,宁夏回族自治区,prefecture_city,106.379435495755,38.982731233047,2024-01-01,2024-12-31,ADMIN-2024-MCA;REGISTRY-2024-YESCALLOP;GEO-2020-PFINAL-BAIDU
640300,吴忠市,640000,宁夏回族自治区,prefecture_city,106.19455775592,37.996904708649,2024-01-01,2024-12-31,ADMIN-2024-MCA;REGISTRY-2024-YESCALLOP;GEO-2020-PFINAL-BAIDU
640400,固原市,640000,宁夏回族自治区,prefecture_city,106.237958675424,36.015568889174,2024-01-01,2024-12-31,ADMIN-2024-MCA;REGISTRY-2024-YESCALLOP;GEO-2020-PFINAL-BAIDU
640500,中卫市,640000,宁夏回族自治区,prefecture_city,105.193227238057,37.499405016026,2024-01-01,2024-12-31,ADMIN-2024-MCA;REGISTRY-2024-YESCALLOP;GEO-2020-PFINAL-BAIDU
650100,乌鲁木齐市,650000,新疆维吾尔自治区,prefecture_city,87.615148679209,43.823467358518,2024-01-01,2024-12-31,ADMIN-2024-MCA;REGISTRY-2024-YESCALLOP;GEO-2020-PFINAL-BAIDU
650200,克拉玛依市,650000,新疆维吾尔自治区,prefecture_city,84.886883345428,45.579118384751,2024-01-01,2024-12-31,ADMIN-2024-MCA;REGISTRY-2024-YESCALLOP;GEO-2020-PFINAL-BAIDU
650400,吐鲁番市,650000,新疆维吾尔自治区,prefecture_city,89.187841711688,42.949649406278,2024-01-01,2024-12-31,ADMIN-2024-MCA;REGISTRY-2024-YESCALLOP;GEO-2020-PFINAL-BAIDU
650500,哈密市,650000,新疆维吾尔自治区,prefecture_city,93.51310616506,42.81828889791,2024-01-01,2024-12-31,ADMIN-2024-MCA;REGISTRY-2024-YESCALLOP;GEO-2020-PFINAL-BAIDU
652300,昌吉回族自治州,650000,新疆维吾尔自治区,autonomous_prefecture,87.305323569374,44.009689334257,2024-01-01,2024-12-31,ADMIN-2024-MCA;REGISTRY-2024-YESCALLOP;GEO-2020-PFINAL-BAIDU
652700,博尔塔拉蒙古自治州,650000,新疆维吾尔自治区,autonomous_prefecture,82.063265136989,44.904936193983,2024-01-01,2024-12-31,ADMIN-2024-MCA;REGISTRY-2024-YESCALLOP;GEO-2020-PFINAL-BAIDU
652800,巴音郭楞蒙古自治州,650000,新疆维吾尔自治区,autonomous_prefecture,86.142679650906,41.762552821909,2024-01-01,2024-12-31,ADMIN-2024-MCA;REGISTRY-2024-YESCALLOP;GEO-2020-PFINAL-BAIDU
652900,阿克苏地区,650000,新疆维吾尔自治区,prefecture,80.258369601664,41.167889715584,2024-01-01,2024-12-31,ADMIN-2024-MCA;REGISTRY-2024-YESCALLOP;GEO-2020-PFINAL-BAIDU
653000,克孜勒苏柯尔克孜自治州,650000,新疆维吾尔自治区,autonomous_prefecture,76.164878043124,39.713862032169,2024-01-01,2024-12-31,ADMIN-2024-MCA;REGISTRY-2024-YESCALLOP;GEO-2020-PFINAL-BAIDU
653100,喀什地区,650000,新疆维吾尔自治区,prefecture,75.987080547759,39.46965940023,2024-01-01,2024-12-31,ADMIN-2024-MCA;REGISTRY-2024-YESCALLOP;GEO-2020-PFINAL-BAIDU
653200,和田地区,650000,新疆维吾尔自治区,prefecture,79.920205693041,37.11455897951,2024-01-01,2024-12-31,ADMIN-2024-MCA;REGISTRY-2024-YESCALLOP;GEO-2020-PFINAL-BAIDU
654000,伊犁哈萨克自治州,650000,新疆维吾尔自治区,autonomous_prefecture,81.320934346195,43.915607336026,2024-01-01,2024-12-31,ADMIN-2024-MCA;REGISTRY-2024-YESCALLOP;GEO-2020-PFINAL-BAIDU
654200,塔城地区,650000,新疆维吾尔自治区,prefecture,82.977431755427,46.744487979758,2024-01-01,2024-12-31,ADMIN-2024-MCA;REGISTRY-2024-YESCALLOP;GEO-2020-PFINAL-BAIDU
654300,阿勒泰地区,650000,新疆维吾尔自治区,prefecture,88.138203396497,47.843185708126,2024-01-01,2024-12-31,ADMIN-2024-MCA;REGISTRY-2024-YESCALLOP;GEO-2020-PFINAL-BAIDU
