alias,city_code,canonical_city_name,province_name,resolution_method,evidence_note,review_status
北京,110000,北京市,北京市,audited_alias,Audited short form for municipality Beijing.,approved
苏州(苏州,320500,苏州市,江苏省,audited_alias,Audited malformed legacy source label; exact lookup only.,approved
乌鲁木齐,650100,乌鲁木齐市,新疆维吾尔自治区,audited_alias,Audited suffix-free form for Urumqi.,approved
七台河市,230900,七台河市,黑龙江省,canonical,Exact canonical name from frozen 2024 city master.,approved
三亚市,460200,三亚市,海南省,canonical,Exact canonical name from frozen 2024 city master.,approved
三明市,350400,三明市,福建省,canonical,Exact canonical name from frozen 2024 city master.,approved
三沙市,460300,三沙市,海南省,canonical,Exact canonical name from frozen 2024 city master.,approved
三门峡市,411200,三门峡市,河南省,canonical,Exact canonical name from frozen 2024 city master.,approved
上海市,310000,上海市,上海市,canonical,Exact canonical name from frozen 2024 city master.,approved
上饶市,361100,上饶市,江西省,canonical,Exact canonical name from frozen 2024 city master.,approved
东莞市,441900,东莞市,广东省,canonical,Exact canonical name from frozen 2024 city master.,approved
东营市,370500,东营市,山东省,canonical,Exact canonical name from frozen 2024 city master.,approved
中卫市,640500,中卫市,宁夏回族自治区,canonical,Exact canonical name from frozen 2024 city master.,approved
中山市,442000,中山市,广东省,canonical,Exact canonical name from frozen 2024 city master.,approved
临夏回族自治州,622900,临夏回族自治州,甘肃省,canonical,Exact canonical name from frozen 2024 city master.,approved
临汾市,141000,临汾市,山西省,canonical,Exact canonical name from frozen 2024 city master.,approved
临沂市,371300,临沂市,山东省,canonical,Exact canonical name from frozen 2024 city master.,approved
临沧市,530900,临沧市,云南省,canonical,Exact canonical name from frozen 2024 city master.,approved
丹东市,210600,丹东市,辽宁省,canonical,Exact canonical name from frozen 2024 city master.,approved
丽水市,331100,丽水市,浙江省,canonical,Exact canonical name from frozen 2024 city master.,approved
丽江市,530700,丽江市,云南省,canonical,Exact canonical name from frozen 2024 city master.,approved
乌兰察布市,150900,乌兰察布市,内蒙古自治区,canonical,Exact canonical name from frozen 2024 city master.,approved
乌海市,150300,乌海市,内蒙古自治区,canonical,Exact canonical name from frozen 2024 city master.,approved
乌鲁木齐市,650100,乌鲁木齐市,新疆维吾尔自治区,canonical,Exact canonical name from frozen 2024 city master.,approved
乐山市,511100,乐山市,四川省,canonical,Exact canonical name from frozen 2024 city master.,approved
九江市,360400,九江市,江西省,canonical,Exact canonical name from frozen 2024 city master.,approved
云浮市,445300,云浮市,广东省,canonical,Exact canonical name from frozen 2024 city master.,approved
亳州市,341600,亳州市,安徽省,canonical,Exact canonical name from frozen 2024 city master.,approved
伊春市,230700,伊春市,黑龙江省,canonical,Exact canonical name from frozen 2024 city master.,approved
伊犁哈萨克自治州,654000,伊犁哈萨克自治州,新疆维吾尔自治区,canonical,Exact canonical name from frozen 2024 city master.,approved
佛山市,440600,佛山市,广东省,canonical,Exact canonical name from frozen 2024 city master.,approved
佳木斯市,230800,佳木斯市,黑龙江省,canonical,Exact canonical name from frozen 2024 city master.,approved
保定市,130600,保定市,河北省,canonical,Exact canonical name from frozen 2024 city master.,approved
保山市,530500,保山市,云南省,canonical,Exact canonical name from frozen 2024 city master.,approved
信阳市,411500,信阳市,河南省,canonical,Exact canonical name from frozen 2024 city master.,approved
儋州市,460400,儋州市,海南省,canonical,Exact canonical name from frozen 2024 city master.,approved
克孜勒苏柯尔克孜自治州,653000,克孜勒苏柯尔克孜自治州,新疆维吾尔自治区,canonical,Exact canonical name from frozen 2024 city master.,approved
克拉玛依市,650200,克拉玛依市,新疆维吾尔自治区,canonical,Exact canonical name from frozen 2024 city master.,approved
六安市,341500,六安市,安徽省,canonical,Exact canonical name from frozen 2024 city master.,approved
六盘水市,520200,六盘水市,贵州省,canonical,Exact canonical name from frozen 2024 city master.,approved
兰州市,620100,兰州市,甘肃省,canonical,Exact canonical name from frozen 2024 city master.,approved
兴安盟,152200,兴安盟,内蒙古自治区,canonical,Exact canonical name from frozen 2024 city master.,approved
内江市,511000,内江市,四川省,canonical,Exact canonical name from frozen 2024 city master.,approved
凉山彝族自治州,513400,凉山彝族自治州,四川省,canonical,Exact canonical name from frozen 2024 city master.,approved
包头市,150200,包头市,内蒙古自治区,canonical,Exact canonical name from frozen 2024 city master.,approved
北京市,110000,北京市,北京市,canonical,Exact canonical name from frozen 2024 city master.,approved
北海市,450500,北海市,广西壮族自治区,canonical,Exact canonical name from frozen 2024 city master.,approved
十堰市,420300,十堰市,湖北省,canonical,Exact canonical name from frozen 2024 city master.,approved
南京市,320100,南京市,江苏省,canonical,Exact canonical name from frozen 2024 city master.,approved
南充市,511300,南充市,四川省,canonical,Exact canonical name from frozen 2024 city master.,approved
南宁市,450100,南宁市,广西壮族自治区,canonical,Exact canonical name from frozen 2024 city master.,approved
南平市,350700,南平市,福建省,canonical,Exact canonical name from frozen 2024 city master.,approved
南昌市,360100,南昌市,江西省,canonical,Exact canonical name from frozen 2024 city master.,approved
南通市,320600,南通市,江苏省,canonical,Exact canonical name from frozen 2024 city master.,approved
南阳市,411300,南阳市,河南省,canonical,Exact canonical name from frozen 2024 city master.,approved
博尔塔拉蒙古自治州,652700,博尔塔拉蒙古自治州,新疆维吾尔自治区,canonical,Exact canonical name from frozen 2024 city master.,approved
厦门市,350200,厦门市,福建省,canonical,Exact canonical name from frozen 2024 city master.,approved
双鸭山市,230500,双鸭山市,黑龙江省,canonical,Exact canonical name from frozen 2024 city master.,approved
台州市,331000,台州市,浙江省,canonical,Exact canonical name from frozen 2024 city master.,approved
合肥市,340100,合肥市,安徽省,canonical,Exact canonical name from frozen 2024 city master.,approved
吉安市,360800,吉安市,江西省,canonical,Exact canonical name from frozen 2024 city master.,approved
吉林市,220200,吉林市,吉林省,canonical,Exact canonical name from frozen 2024 city master.,approved
吐鲁番市,650400,吐鲁番市,新疆维吾尔自治区,canonical,Exact canonical name from frozen 2024 city master.,approved
吕梁市,141100,吕梁市,山西省,canonical,Exact canonical name from frozen 2024 city master.,approved
吴忠市,640300,吴忠市,宁夏回族自治区,canonical,Exact canonical name from frozen 2024 city master.,approved
周口市,411600,周口市,河南省,canonical,Exact canonical name from frozen 2024 city master.,approved
呼伦贝尔市,150700,呼伦贝尔市,内蒙古自治区,canonical,Exact canonical name from frozen 2024 city master.,approved
呼和浩特市,150100,呼和浩特市,内蒙古自治区,canonical,Exact canonical name from frozen 2024 city master.,approved
和田地区,653200,和田地区,新疆维吾尔自治区,canonical,Exact canonical name from frozen 2024 city master.,approved
咸宁市,421200,咸宁市,湖北省,canonical,Exact canonical name from frozen 2024 city master.,approved
咸阳市,610400,咸阳市,陕西省,canonical,Exact canonical name from frozen 2024 city master.,approved
哈密市,650500,哈密市,新疆维吾尔自治区,canonical,Exact canonical name from frozen 2024 city master.,approved
哈尔滨市,230100,哈尔滨市,黑龙江省,canonical,Exact canonical name from frozen 2024 city master.,approved
唐山市,130200,唐山市,河北省,canonical,Exact canonical name from frozen 2024 city master.,approved
商丘市,411400,商丘市,河南省,canonical,Exact canonical name from frozen 2024 city master.,approved
商洛市,611000,商洛市,陕西省,canonical,Exact canonical name from frozen 2024 city master.,approved
喀什地区,653100,喀什地区,新疆维吾尔自治区,canonical,Exact canonical name from frozen 2024 city master.,approved
嘉兴市,330400,嘉兴市,浙江省,canonical,Exact canonical name from frozen 2024 city master.,approved
嘉峪关市,620200,嘉峪关市,甘肃省,canonical,Exact canonical name from frozen 2024 city master.,approved
四平市,220300,四平市,吉林省,canonical,Exact canonical name from frozen 2024 city master.,approved
固原市,640400,固原市,宁夏回族自治区,canonical,Exact canonical name from frozen 2024 city master.,approved
塔城地区,654200,塔城地区,新疆维吾尔自治区,canonical,Exact canonical name from frozen 2024 city master.,approved
大兴安岭地区,232700,大兴安岭地区,黑龙江省,canonical,Exact canonical name from frozen 2024 city master.,approved
大同市,140200,大同市,山西省,canonical,Exact canonical name from frozen 2024 city master.,approved
大庆市,230600,大庆市,黑龙江省,canonical,Exact canonical name from frozen 2024 city master.,approved
大理白族自治州,532900,大理白族自治州,云南省,canonical,Exact canonical name from frozen 2024 city master.,approved
大连市,210200,大连市,辽宁省,canonical,Exact canonical name from frozen 2024 city master.,approved
天水市,620500,天水市,甘肃省,canonical,Exact canonical name from frozen 2024 city master.,approved
天津市,120000,天津市,天津市,canonical,Exact canonical name from frozen 2024 city master.,approved
太原市,140100,太原市,山西省,canonical,Exact canonical name from frozen 2024 city master.,approved
威海市,371000,威海市,山东省,canonical,Exact canonical name from frozen 2024 city master.,approved
娄底市,431300,娄底市,湖南省,canonical,Exact canonical name from frozen 2024 city master.,approved
孝感市,420900,孝感市,湖北省,canonical,Exact canonical name from frozen 2024 city master.,approved
宁德市,350900,宁德市,福建省,canonical,Exact canonical name from frozen 2024 city master.,approved
宁波市,330200,宁波市,浙江省,canonical,Exact canonical name from frozen 2024 city master.,approved
安庆市,340800,安庆市,安徽省,canonical,Exact canonical name from frozen 2024 city master.,approved
安康市,610900,安康市,陕西省,canonical,Exact canonical name from frozen 2024 city master.,approved
安阳市,410500,安阳市,河南省,canonical,Exact canonical name from frozen 2024 city master.,approved
安顺市,520400,安顺市,贵州省,canonical,Exact canonical name from frozen 2024 city master.,approved
定西市,621100,定西市,甘肃省,canonical,Exact canonical name from frozen 2024 city master.,approved
宜宾市,511500,宜宾市,四川省,canonical,Exact canonical name from frozen 2024 city master.,approved
宜昌市,420500,宜昌市,湖北省,canonical,Exact canonical name from frozen 2024 city master.,approved
宜春市,360900,宜春市,江西省,canonical,Exact canonical name from frozen 2024 city master.,approved
宝鸡市,610300,宝鸡市,陕西省,canonical,Exact canonical name from frozen 2024 city master.,approved
宣城市,341800,宣城市,安徽省,canonical,Exact canonical name from frozen 2024 city master.,approved
宿州市,341300,宿州市,安徽省,canonical,Exact canonical name from frozen 2024 city master.,approved
宿迁市,321300,宿迁市,江苏省,canonical,Exact canonical name from frozen 2024 city master.,approved
山南市,540500,山南市,西藏自治区,canonical,Exact canonical name from frozen 2024 city master.,approved
岳阳市,430600,岳阳市,湖南省,canonical,Exact canonical name from frozen 2024 city master.,approved
崇左市,451400,崇左市,广西壮族自治区,canonical,Exact canonical name from frozen 2024 city master.,approved
巴中市,511900,巴中市,四川省,canonical,Exact canonical name from frozen 2024 city master.,approved
巴彦淖尔市,150800,巴彦淖尔市,内蒙古自治区,canonical,Exact canonical name from frozen 2024 city master.,approved
巴音郭楞蒙古自治州,652800,巴音郭楞蒙古自治州,新疆维吾尔自治区,canonical,Exact canonical name from frozen 2024 city master.,approved
常州市,320400,常州市,江苏省,canonical,Exact canonical name from frozen 2024 city master.,approved
常德市,430700,常德市,湖南省,canonical,Exact canonical name from frozen 2024 city master.,approved
平凉市,620800,平凉市,甘肃省,canonical,Exact canonical name from frozen 2024 city master.,approved
平顶山市,410400,平顶山市,河南省,canonical,Exact canonical name from frozen 2024 city master.,approved
广元市,510800,广元市,四川省,canonical,Exact canonical name from frozen 2024 city master.,approved
广安市,511600,广安市,四川省,canonical,Exact canonical name from frozen 2024 city master.,approved
广州市,440100,广州市,广东省,canonical,Exact canonical name from frozen 2024 city master.,approved
庆阳市,621000,庆阳市,甘肃省,canonical,Exact canonical name from frozen 2024 city master.,approved
廊坊市,131000,廊坊市,河北省,canonical,Exact canonical name from frozen 2024 city master.,approved
延安市,610600,延安市,陕西省,canonical,Exact canonical name from frozen 2024 city master.,approved
延边朝鲜族自治州,222400,延边朝鲜族自治州,吉林省,canonical,Exact canonical name from frozen 2024 city master.,approved
开封市,410200,开封市,河南省,canonical,Exact canonical name from frozen 2024 city master.,approved
张家口市,130700,张家口市,河北省,canonical,Exact canonical name from frozen 2024 city master.,approved
张家界市,430800,张家界市,湖南省,canonical,Exact canonical name from frozen 2024 city master.,approved
张掖市,620700,张掖市,甘肃省,canonical,Exact canonical name from frozen 2024 city master.,approved
徐州市,320300,徐州市,江苏省,canonical,Exact canonical name from frozen 2024 city master.,approved
德宏傣族景颇族自治州,533100,德宏傣族景颇族自治州,云南省,canonical,Exact canonical name from frozen 2024 city master.,approved
德州市,371400,德州市,山东省,canonical,Exact canonical name from frozen 2024 city master.,approved
德阳市,510600,德阳市,四川省,canonical,Exact canonical name from frozen 2024 city master.,approved
忻州市,140900,忻州市,山西省,canonical,Exact canonical name from frozen 2024 city master.,approved
怀化市,431200,怀化市,湖南省,canonical,Exact canonical name from frozen 2024 city master.,approved
怒江傈僳族自治州,533300,怒江傈僳族自治州,云南省,canonical,Exact canonical name from frozen 2024 city master.,approved
恩施土家族苗族自治州,422800,恩施土家族苗族自治州,湖北省,canonical,Exact canonical name from frozen 2024 city master.,approved
惠州市,441300,惠州市,广东省,canonical,Exact canonical name from frozen 2024 city master.,approved
成都市,510100,成都市,四川省,canonical,Exact canonical name from frozen 2024 city master.,approved
扬州市,321000,扬州市,江苏省,canonical,Exact canonical name from frozen 2024 city master.,approved
承德市,130800,承德市,河北省,canonical,Exact canonical name from frozen 2024 city master.,approved
抚州市,361000,抚州市,江西省,canonical,Exact canonical name from frozen 2024 city master.,approved
抚顺市,210400,抚顺市,辽宁省,canonical,Exact canonical name from frozen 2024 city master.,approved
拉萨市,540100,拉萨市,西藏自治区,canonical,Exact canonical name from frozen 2024 city master.,approved
揭阳市,445200,揭阳市,广东省,canonical,Exact canonical name from frozen 2024 city master.,approved
攀枝花市,510400,攀枝花市,四川省,canonical,Exact canonical name from frozen 2024 city master.,approved
文山壮族苗族自治州,532600,文山壮族苗族自治州,云南省,canonical,Exact canonical name from frozen 2024 city master.,approved
新乡市,410700,新乡市,河南省,canonical,Exact canonical name from frozen 2024 city master.,approved
新余市,360500,新余市,江西省,canonical,Exact canonical name from frozen 2024 city master.,approved
无锡市,320200,无锡市,江苏省,canonical,Exact canonical name from frozen 2024 city master.,approved
日喀则市,540200,日喀则市,西藏自治区,canonical,Exact canonical name from frozen 2024 city master.,approved
日照市,371100,日照市,山东省,canonical,Exact canonical name from frozen 2024 city master.,approved
昆明市,530100,昆明市,云南省,canonical,Exact canonical name from frozen 2024 city master.,approved
昌吉回族自治州,652300,昌吉回族自治州,新疆维吾尔自治区,canonical,Exact canonical name from frozen 2024 city master.,approved
昌都市,540300,昌都市,西藏自治区,canonical,Exact canonical name from frozen 2024 city master.,approved
昭通市,530600,昭通市,云南省,canonical,Exact canonical name from frozen 2024 city master.,approved
晋中市,140700,晋中市,山西省,canonical,Exact canonical name from frozen 2024 city master.,approved
晋城市,140500,晋城市,山西省,canonical,Exact canonical name from frozen 2024 city master.,approved
普洱市,530800,普洱市,云南省,canonical,Exact canonical name from frozen 2024 city master.,approved
景德镇市,360200,景德镇市,江西省,canonical,Exact canonical name from frozen 2024 city master.,approved
曲靖市,530300,曲靖市,云南省,canonical,Exact canonical name from frozen 2024 city master.,approved
朔州市,140600,朔州市,山西省,canonical,Exact canonical name from frozen 2024 city master.,approved
朝阳市,211300,朝阳市,辽宁省,canonical,Exact canonical name from frozen 2024 city master.,approved
本溪市,210500,本溪市,辽宁省,canonical,Exact canonical name from frozen 2024 city master.,approved
来宾市,451300,来宾市,广西壮族自治区,canonical,Exact canonical name from frozen 2024 city master.,approved
杭州市,330100,杭州市,浙江省,canonical,Exact canonical name from frozen 2024 city master.,approved
松原市,220700,松原市,吉林省,canonical,Exact canonical name from frozen 2024 city master.,approved
林芝市,540400,林芝市,西藏自治区,canonical,Exact canonical name from frozen 2024 city master.,approved
果洛藏族自治州,632600,果洛藏族自治州,青海省,canonical,Exact canonical name from frozen 2024 city master.,approved
枣庄市,370400,枣庄市,山东省,canonical,Exact canonical name from frozen 2024 city master.,approved
柳州市,450200,柳州市,广西壮族自治区,canonical,Exact canonical name from frozen 2024 city master.,approved
株洲市,430200,株洲市,湖南省,canonical,Exact canonical name from frozen 2024 city master.,approved
桂林市,450300,桂林市,广西壮族自治区,canonical,Exact canonical name from frozen 2024 city master.,approved
梅州市,441400,梅州市,广东省,canonical,Exact canonical name from frozen 2024 city master.,approved
梧州市,450400,梧州市,广西壮族自治区,canonical,Exact canonical name from frozen 2024 city master.,approved
楚雄彝族自治州,532300,楚雄彝族自治州,云南省,canonical,Exact canonical name from frozen 2024 city master.,approved
榆林市,610800,榆林市,陕西省,canonical,Exact canonical name from frozen 2024 city master.,approved
武威市,620600,武威市,甘肃省,canonical,Exact canonical name from frozen 2024 city master.,approved
武汉市,420100,武汉市,湖北省,canonical,Exact canonical name from frozen 2024 city master.,approved
毕节市,520500,毕节市,贵州省,canonical,Exact canonical name from frozen 2024 city master.,approved
永州市,431100,永州市,湖南省,canonical,Exact canonical name from frozen 2024 city master.,approved
汉中市,610700,汉中市,陕西省,canonical,Exact canonical name from frozen 2024 city master.,approved
汕头市,440500,汕头市,广东省,canonical,Exact canonical name from frozen 2024 city master.,approved
汕尾市,441500,汕尾市,广东省,canonical,Exact canonical name from frozen 2024 city master.,approved
江门市,440700,江门市,广东省,canonical,Exact canonical name from frozen 2024 city master.,approved
池州市,341700,池州市,安徽省,canonical,Exact canonical name from frozen 2024 city master.,approved
沈阳市,210100,沈阳市,辽宁省,canonical,Exact canonical name from frozen 2024 city master.,approved
沧州市,130900,沧州市,河北省,canonical,Exact canonical name from frozen 2024 city master.,approved
河池市,451200,河池市,广西壮族自治区,canonical,Exact canonical name from frozen 2024 city master.,approved
河源市,441600,河源市,广东省,canonical,Exact canonical name from frozen 2024 city master.,approved
泉州市,350500,泉州市,福建省,canonical,Exact canonical name from frozen 2024 city master.,approved
泰安市,370900,泰安市,山东省,canonical,Exact canonical name from frozen 2024 city master.,approved
泰州市,321200,泰州市,江苏省,canonical,Exact canonical name from frozen 2024 city master.,approved
泸州市,510500,泸州市,四川省,canonical,Exact canonical name from frozen 2024 city master.,approved
洛阳市,410300,洛阳市,河南省,canonical,Exact canonical name from frozen 2024 city master.,approved
济南市,370100,济南市,山东省,canonical,Exact canonical name from frozen 2024 city master.,approved
济宁市,370800,济宁市,山东省,canonical,Exact canonical name from frozen 2024 city master.,approved
海东市,630200,海东市,青海省,canonical,Exact canonical name from frozen 2024 city master.,approved
海北藏族自治州,632200,海北藏族自治州,青海省,canonical,Exact canonical name from frozen 2024 city master.,approved
海南藏族自治州,632500,海南藏族自治州,青海省,canonical,Exact canonical name from frozen 2024 city master.,approved
海口市,460100,海口市,海南省,canonical,Exact canonical name from frozen 2024 city master.,approved
海西蒙古族藏族自治州,632800,海西蒙古族藏族自治州,青海省,canonical,Exact canonical name from frozen 2024 city master.,approved
淄博市,370300,淄博市,山东省,canonical,Exact canonical name from frozen 2024 city master.,approved
淮北市,340600,淮北市,安徽省,canonical,Exact canonical name from frozen 2024 city master.,approved
淮南市,340400,淮南市,安徽省,canonical,Exact canonical name from frozen 2024 city master.,approved
淮安市,320800,淮安市,江苏省,canonical,Exact canonical name from frozen 2024 city master.,approved
深圳市,440300,深圳市,广东省,canonical,Exact canonical name from frozen 2024 city master.,approved
清远市,441800,清远市,广东省,canonical,Exact canonical name from frozen 2024 city master.,approved
温州市,330300,温州市,浙江省,canonical,Exact canonical name from frozen 2024 city master.,approved
渭南市,610500,渭南市,陕西省,canonical,Exact canonical name from frozen 2024 city master.,approved
湖州市,330500,湖州市,浙江省,canonical,Exact canonical name from frozen 2024 city master.,approved
湘潭市,430300,湘潭市,湖南省,canonical,Exact canonical name from frozen 2024 city master.,approved
湘西土家族苗族自治州,433100,湘西土家族苗族自治州,湖南省,canonical,Exact canonical name from frozen 2024 city master.,approved
湛江市,440800,湛江市,广东省,canonical,Exact canonical name from frozen 2024 city master.,approved
滁州市,341100,滁州市,安徽省,canonical,Exact canonical name from frozen 2024 city master.,approved
滨州市,371600,滨州市,山东省,canonical,Exact canonical name from frozen 2024 city master.,approved
漯河市,411100,漯河市,河南省,canonical,Exact canonical name from frozen 2024 city master.,approved
漳州市,350600,漳州市,福建省,canonical,Exact canonical name from frozen 2024 city master.,approved
潍坊市,370700,潍坊市,山东省,canonical,Exact canonical name from frozen 2024 city master.,approved
潮州市,445100,潮州市,广东省,canonical,Exact canonical name from frozen 2024 city master.,approved
濮阳市,410900,濮阳市,河南省,canonical,Exact canonical name from frozen 2024 city master.,approved
烟台市,370600,烟台市,山东省,canonical,Exact canonical name from frozen 2024 city master.,approved
焦作市,410800,焦作市,河南省,canonical,Exact canonical name from frozen 2024 city master.,approved
牡丹江市,231000,牡丹江市,黑龙江省,canonical,Exact canonical name from frozen 2024 city master.,approved
玉林市,450900,玉林市,广西壮族自治区,canonical,Exact canonical name from frozen 2024 city master.,approved
玉树藏族自治州,632700,玉树藏族自治州,青海省,canonical,Exact canonical name from frozen 2024 city master.,approved
玉溪市,530400,玉溪市,云南省,canonical,Exact canonical name from frozen 2024 city master.,approved
珠海市,440400,珠海市,广东省,canonical,Exact canonical name from frozen 2024 city master.,approved
甘南藏族自治州,623000,甘南藏族自治州,甘肃省,canonical,Exact canonical name from frozen 2024 city master.,approved
甘孜藏族自治州,513300,甘孜藏族自治州,四川省,canonical,Exact canonical name from frozen 2024 city master.,approved
白城市,220800,白城市,吉林省,canonical,Exact canonical name from frozen 2024 city master.,approved
白山市,220600,白山市,吉林省,canonical,Exact canonical name from frozen 2024 city master.,approved
白银市,620400,白银市,甘肃省,canonical,Exact canonical name from frozen 2024 city master.,approved
百色市,451000,百色市,广西壮族自治区,canonical,Exact canonical name from frozen 2024 city master.,approved
益阳市,430900,益阳市,湖南省,canonical,Exact canonical name from frozen 2024 city master.,approved
盐城市,320900,盐城市,江苏省,canonical,Exact canonical name from frozen 2024 city master.,approved
盘锦市,211100,盘锦市,辽宁省,canonical,Exact canonical name from frozen 2024 city master.,approved
眉山市,511400,眉山市,四川省,canonical,Exact canonical name from frozen 2024 city master.,approved
石嘴山市,640200,石嘴山市,宁夏回族自治区,canonical,Exact canonical name from frozen 2024 city master.,approved
石家庄市,130100,石家庄市,河北省,canonical,Exact canonical name from frozen 2024 city master.,approved
福州市,350100,福州市,福建省,canonical,Exact canonical name from frozen 2024 city master.,approved
秦皇岛市,130300,秦皇岛市,河北省,canonical,Exact canonical name from frozen 2024 city master.,approved
红河哈尼族彝族自治州,532500,红河哈尼族彝族自治州,云南省,canonical,Exact canonical name from frozen 2024 city master.,approved
绍兴市,330600,绍兴市,浙江省,canonical,Exact canonical name from frozen 2024 city master.,approved
绥化市,231200,绥化市,黑龙江省,canonical,Exact canonical name from frozen 2024 city master.,approved
绵阳市,510700,绵阳市,四川省,canonical,Exact canonical name from frozen 2024 city master.,approved
聊城市,371500,聊城市,山东省,canonical,Exact canonical name from frozen 2024 city master.,approved
肇庆市,441200,肇庆市,广东省,canonical,Exact canonical name from frozen 2024 city master.,approved
自贡市,510300,自贡市,四川省,canonical,Exact canonical name from frozen 2024 city master.,approved
舟山市,330900,舟山市,浙江省,canonical,Exact canonical name from frozen 2024 city master.,approved
芜湖市,340200,芜湖市,安徽省,canonical,Exact canonical name from frozen 2024 city master.,approved
苏州市,320500,苏州市,江苏省,canonical,Exact canonical name from frozen 2024 city master.,approved
茂名市,440900,茂名市,广东省,canonical,Exact canonical name from frozen 2024 city master.,approved
荆州市,421000,荆州市,湖北省,canonical,Exact canonical name from frozen 2024 city master.,approved
荆门市,420800,荆门市,湖北省,canonical,Exact canonical name from frozen 2024 city master.,approved
莆田市,350300,莆田市,福建省,canonical,Exact canonical name from frozen 2024 city master.,approved
菏泽市,371700,菏泽市,山东省,canonical,Exact canonical name from frozen 2024 city master.,approved
萍乡市,360300,萍乡市,江西省,canonical,Exact canonical name from frozen 2024 city master.,approved
营口市,210800,营口市,辽宁省,canonical,Exact canonical name from frozen 2024 city master.,approved
葫芦岛市,211400,葫芦岛市,辽宁省,canonical,Exact canonical name from frozen 2024 city master.,approved
蚌埠市,340300,蚌埠市,安徽省,canonical,Exact canonical name from frozen 2024 city master.,approved
衡水市,131100,衡水市,河北省,canonical,Exact canonical name from frozen 2024 city master.,approved
衡阳市,430400,衡阳市,湖南省,canonical,Exact canonical name from frozen 2024 city master.,approved
衢州市,330800,衢州市,浙江省,canonical,Exact canonical name from frozen 2024 city master.,approved
襄阳市,420600,襄阳市,湖北省,canonical,Exact canonical name from frozen 2024 city master.,approved
西双版纳傣族自治州,532800,西双版纳傣族自治州,云南省,canonical,Exact canonical name from frozen 2024 city master.,approved
西宁市,630100,西宁市,青海省,canonical,Exact canonical name from frozen 2024 city master.,approved
西安市,610100,西安市,陕西省,canonical,Exact canonical name from frozen 2024 city master.,approved
许昌市,411000,许昌市,河南省,canonical,Exact canonical name from frozen 2024 city master.,approved
贵港市,450800,贵港市,广西壮族自治区,canonical,Exact canonical name from frozen 2024 city master.,approved
贵阳市,520100,贵阳市,贵州省,canonical,Exact canonical name from frozen 2024 city master.,approved
贺州市,451100,贺州市,广西壮族自治区,canonical,Exact canonical name from frozen 2024 city master.,approved
资阳市,512000,资阳市,四川省,canonical,Exact canonical name from frozen 2024 city master.,approved
赣州市,360700,赣州市,江西省,canonical,Exact canonical name from frozen 2024 city master.,approved
赤峰市,150400,赤峰市,内蒙古自治区,canonical,Exact canonical name from frozen 2024 city master.,approved
辽源市,220400,辽源市,吉林省,canonical,Exact canonical name from frozen 2024 city master.,approved
辽阳市,211000,辽阳市,辽宁省,canonical,Exact canonical name from frozen 2024 city master.,approved
达州市,511700,达州市,四川省,canonical,Exact canonical name from frozen 2024 city master.,approved
运城市,140800,运城市,山西省,canonical,Exact canonical name from frozen 2024 city master.,approved
连云港市,320700,连云港市,江苏省,canonical,Exact canonical name from frozen 2024 city master.,approved
迪庆藏族自治州,533400,迪庆藏族自治州,云南省,canonical,Exact canonical name from frozen 2024 city master.,approved
通化市,220500,通化市,吉林省,canonical,Exact canonical name from frozen 2024 city master.,approved
通辽市,150500,通辽市,内蒙古自治区,canonical,Exact canonical name from frozen 2024 city master.,approved
遂宁市,510900,遂宁市,四川省,canonical,Exact canonical name from frozen 2024 city master.,approved
遵义市,520300,遵义市,贵州省,canonical,Exact canonical name from frozen 2024 city master.,approved
邢台市,130500,邢台市,河北省,canonical,Exact canonical name from frozen 2024 city master.,approved
那曲市,540600,那曲市,西藏自治区,canonical,Exact canonical name from frozen 2024 city master.,approved
邯郸市,130400,邯郸市,河北省,canonical,Exact canonical name from frozen 2024 city master.,approved
邵阳市,430500,邵阳市,湖南省,canonical,Exact canonical name from frozen 2024 city master.,approved
郑州市,410100,郑州市,河南省,canonical,Exact canonical name from frozen 2024 city master.,approved
郴州市,431000,郴州市,湖南省,canonical,Exact canonical name from frozen 2024 city master.,approved
鄂尔多斯市,150600,鄂尔多斯市,内蒙古自治区,canonical,Exact canonical name from frozen 2024 city master.,approved
鄂州市,420700,鄂州市,湖北省,canonical,Exact canonical name from frozen 2024 city master.,approved
酒泉市,620900,酒泉市,甘肃省,canonical,Exact canonical name from frozen 2024 city master.,approved
重庆市,500000,重庆市,重庆市,canonical,Exact canonical name from frozen 2024 city master.,approved
金华市,330700,金华市,浙江省,canonical,Exact canonical name from frozen 2024 city master.,approved
金昌市,620300,金昌市,甘肃省,canonical,Exact canonical name from frozen 2024 city master.,approved
钦州市,450700,钦州市,广西壮族自治区,canonical,Exact canonical name from frozen 2024 city master.,approved
铁岭市,211200,铁岭市,辽宁省,canonical,Exact canonical name from frozen 2024 city master.,approved
铜仁市,520600,铜仁市,贵州省,canonical,Exact canonical name from frozen 2024 city master.,approved
铜川市,610200,铜川市,陕西省,canonical,Exact canonical name from frozen 2024 city master.,approved
铜陵市,340700,铜陵市,安徽省,canonical,Exact canonical name from frozen 2024 city master.,approved
银川市,640100,银川市,宁夏回族自治区,canonical,Exact canonical name from frozen 2024 city master.,approved
锡林郭勒盟,152500,锡林郭勒盟,内蒙古自治区,canonical,Exact canonical name from frozen 2024 city master.,approved
锦州市,210700,锦州市,辽宁省,canonical,Exact canonical name from frozen 2024 city master.,approved
镇江市,321100,镇江市,江苏省,canonical,Exact canonical name from frozen 2024 city master.,approved
长春市,220100,长春市,吉林省,canonical,Exact canonical name from frozen 2024 city master.,approved
长沙市,430100,长沙市,湖南省,canonical,Exact canonical name from frozen 2024 city master.,approved
长治市,140400,长治市,山西省,canonical,Exact canonical name from frozen 2024 city master.,approved
阜新市,210900,阜新市,辽宁省,canonical,Exact canonical name from frozen 2024 city master.,approved
阜阳市,341200,阜阳市,安徽省,canonical,Exact canonical name from frozen 2024 city master.,approved
防城港市,450600,防城港市,广西壮族自治区,canonical,Exact canonical name from frozen 2024 city master.,approved
阳江市,441700,阳江市,广东省,canonical,Exact canonical name from frozen 2024 city master.,approved
阳泉市,140300,阳泉市,山西省,canonical,Exact canonical name from frozen 2024 city master.,approved
阿克苏地区,652900,阿克苏地区,新疆维吾尔自治区,canonical,Exact canonical name from frozen 2024 city master.,approved
阿勒泰地区,654300,阿勒泰地区,新疆维吾尔自治区,canonical,Exact canonical name from frozen 2024 city master.,approved
阿坝藏族羌族自治州,513200,阿坝藏族羌族自治州,四川省,canonical,Exact canonical name from frozen 2024 city master.,approved
阿拉善盟,152900,阿拉善盟,内蒙古自治区,canonical,Exact canonical name from frozen 2024 city master.,approved
阿里地区,542500,阿里地区,西藏自治区,canonical,Exact canonical name from frozen 2024 city master.,approved
陇南市,621200,陇南市,甘肃省,canonical,Exact canonical name from frozen 2024 city master.,approved
随州市,421300,随州市,湖北省,canonical,Exact canonical name from frozen 2024 city master.,approved
雅安市,511800,雅安市,四川省,canonical,Exact canonical name from frozen 2024 city master.,approved
青岛市,370200,青岛市,山东省,canonical,Exact canonical name from frozen 2024 city master.,approved
鞍山市,210300,鞍山市,辽宁省,canonical,Exact canonical name from frozen 2024 city master.,approved
韶关市,440200,韶关市,广东省,canonical,Exact canonical name from frozen 2024 city master.,approved
马鞍山市,340500,马鞍山市,安徽省,canonical,Exact canonical name from frozen 2024 city master.,approved
驻马店市,411700,驻马店市,河南省,canonical,Exact canonical name from frozen 2024 city master.,approved
鸡西市,230300,鸡西市,黑龙江省,canonical,Exact canonical name from frozen 2024 city master.,approved
鹤壁市,410600,鹤壁市,河南省,canonical,Exact canonical name from frozen 2024 city master.,approved
鹤岗市,230400,鹤岗市,黑龙江省,canonical,Exact canonical name from frozen 2024 city master.,approved
鹰潭市,360600,鹰潭市,江西省,canonical,Exact canonical name from frozen 2024 city master.,approved
黄冈市,421100,黄冈市,湖北省,canonical,Exact canonical name from frozen 2024 city master.,approved
黄南藏族自治州,632300,黄南藏族自治州,青海省,canonical,Exact canonical name from frozen 2024 city master.,approved
黄山市,341000,黄山市,安徽省,canonical,Exact canonical name from frozen 2024 city master.,approved
黄石市,420200,黄石市,湖北省,canonical,Exact canonical name from frozen 2024 city master.,approved
黑河市,231100,黑河市,黑龙江省,canonical,Exact canonical name from frozen 2024 city master.,approved
黔东南苗族侗族自治州,522600,黔东南苗族侗族自治州,贵州省,canonical,Exact canonical name from frozen 2024 city master.,approved
黔南布依族苗族自治州,522700,黔南布依族苗族自治州,贵州省,canonical,Exact canonical name from frozen 2024 city master.,approved
黔西南布依族苗族自治州,522300,黔西南布依族苗族自治州,贵州省,canonical,Exact canonical name from frozen 2024 city master.,approved
齐齐哈尔市,230200,齐齐哈尔市,黑龙江省,canonical,Exact canonical name from frozen 2024 city master.,approved
龙岩市,350800,龙岩市,福建省,canonical,Exact canonical name from frozen 2024 city master.,approved
