candidate_id,from_node_id,to_node_id,distance_km,capacity_10kt,candidate_types,from_name,to_name,from_province,to_province,from_component,to_component
C0001,N002,N142,1.0,364.35,local_gap_le_120km;nearest_3_le_350km;reverse_existing_direction,七里山,长岭,湖南省,湖南省,1,1
C0002,N003,N027,1.0,364.35,local_gap_le_120km;nearest_3_le_350km,三水,南海,广东省,广东省,11,5
C0003,N005,N107,1.0,364.35,local_gap_le_120km;nearest_3_le_350km,东孚,石湖山,福建省,福建省,6,6
C0004,N006,N095,1.0,364.35,closest_component_bridge_le_800km;local_gap_le_120km;nearest_3_le_350km,东海岛,湛江,广东省,广东省,2,27
C0005,N009,N102,1.0,364.35,local_gap_le_120km;nearest_3_le_350km,乌鲁木齐,王家沟,新疆维吾尔自治区,新疆维吾尔自治区,1,1
C0006,N015,N100,1.0,364.35,local_gap_le_120km;nearest_3_le_350km,克拉玛依,独山子,新疆维吾尔自治区,新疆维吾尔自治区,1,1
C0007,N016,N065,1.0,364.35,local_gap_le_120km;nearest_3_le_350km,兖州,曲阜,山东省,山东省,1,1
C0008,N016,N090,1.0,364.35,local_gap_le_120km;nearest_3_le_350km,兖州,济宁,山东省,山东省,1,1
C0009,N021,N060,1.0,364.35,closest_component_bridge_le_800km;local_gap_le_120km;nearest_3_le_350km,北沙,斗门,广东省,广东省,13,5
C0010,N022,N023,1.0,364.35,closest_component_bridge_le_800km;local_gap_le_120km;nearest_3_le_350km,南京(南京,南京(扬子,江苏省,江苏省,7,8
C0011,N023,N022,1.0,364.35,closest_component_bridge_le_800km;local_gap_le_120km;nearest_3_le_350km,南京(扬子,南京(南京,江苏省,江苏省,8,7
C0012,N026,N115,1.0,364.35,closest_component_bridge_le_800km;local_gap_le_120km;nearest_3_le_350km,南沙,花都,广东省,广东省,5,11
C0013,N026,N150,1.0,364.35,local_gap_le_120km;nearest_3_le_350km;reverse_existing_direction,南沙,黄埔,广东省,广东省,5,5
C0014,N027,N003,1.0,364.35,local_gap_le_120km;nearest_3_le_350km,南海,三水,广东省,广东省,5,11
C0015,N028,N037,1.0,364.35,closest_component_bridge_le_800km;local_gap_le_120km;nearest_3_le_350km,南疆(天津,大港,天津市,天津市,14,1
C0016,N037,N028,1.0,364.35,closest_component_bridge_le_800km;local_gap_le_120km;nearest_3_le_350km,大港,南疆(天津,天津市,天津市,1,14
C0017,N037,N079,1.0,364.35,local_gap_le_120km;nearest_3_le_350km,大港,武清,天津市,天津市,1,14
C0018,N041,N039,1.0,364.35,local_gap_le_120km;nearest_3_le_350km;reverse_existing_direction,妈湾,大鹏湾,广东省,广东省,16,16
C0019,N043,N110,1.0,364.35,local_gap_le_120km;nearest_3_le_350km;reverse_existing_direction,宁海,算山,浙江省,浙江省,3,3
C0020,N044,N062,1.0,364.35,closest_component_bridge_le_800km;local_gap_le_120km;nearest_3_le_350km,安宁,昆东,云南省,云南省,2,20
C0021,N044,N063,1.0,364.35,local_gap_le_120km;nearest_3_le_350km,安宁,昆明,云南省,云南省,2,2
C0022,N044,N108,1.0,364.35,local_gap_le_120km;nearest_3_le_350km,安宁,秋田冲,云南省,云南省,2,20
C0023,N044,N141,1.0,364.35,local_gap_le_120km,安宁,长坡,云南省,云南省,2,2
C0024,N047,N044,1.0,364.35,local_gap_le_120km;nearest_3_le_350km;reverse_existing_direction,寻甸,安宁,云南省,云南省,2,2
C0025,N047,N062,1.0,364.35,local_gap_le_120km;nearest_3_le_350km,寻甸,昆东,云南省,云南省,2,20
C0026,N047,N108,1.0,364.35,local_gap_le_120km;nearest_3_le_350km,寻甸,秋田冲,云南省,云南省,2,20
C0027,N047,N141,1.0,364.35,local_gap_le_120km,寻甸,长坡,云南省,云南省,2,2
C0028,N051,N050,1.0,364.35,local_gap_le_120km;nearest_3_le_350km;reverse_existing_direction,广水武胜关镇,广水,湖北省,湖北省,18,18
C0029,N053,N054,1.0,364.35,closest_component_bridge_le_800km;local_gap_le_120km;nearest_3_le_350km,徐州,徐州(新沂,江苏省,江苏省,1,8
C0030,N054,N053,1.0,364.35,closest_component_bridge_le_800km;local_gap_le_120km;nearest_3_le_350km,徐州(新沂,徐州,江苏省,江苏省,8,1
C0031,N057,N109,1.0,364.35,closest_component_bridge_le_800km;local_gap_le_120km;nearest_3_le_350km,成都,简阳,四川省,四川省,1,2
C0032,N060,N021,1.0,364.35,closest_component_bridge_le_800km;local_gap_le_120km;nearest_3_le_350km,斗门,北沙,广东省,广东省,5,13
C0033,N060,N103,1.0,364.35,local_gap_le_120km;nearest_3_le_350km,斗门,珠海,广东省,广东省,5,13
C0034,N062,N044,1.0,364.35,closest_component_bridge_le_800km;local_gap_le_120km;nearest_3_le_350km,昆东,安宁,云南省,云南省,20,2
C0035,N062,N047,1.0,364.35,local_gap_le_120km;nearest_3_le_350km,昆东,寻甸,云南省,云南省,20,2
C0036,N062,N063,1.0,364.35,local_gap_le_120km;nearest_3_le_350km,昆东,昆明,云南省,云南省,20,2
C0037,N062,N108,1.0,364.35,local_gap_le_120km;reverse_existing_direction,昆东,秋田冲,云南省,云南省,20,20
C0038,N062,N141,1.0,364.35,local_gap_le_120km,昆东,长坡,云南省,云南省,20,2
C0039,N063,N044,1.0,364.35,local_gap_le_120km;nearest_3_le_350km,昆明,安宁,云南省,云南省,2,2
C0040,N063,N047,1.0,364.35,local_gap_le_120km;nearest_3_le_350km;reverse_existing_direction,昆明,寻甸,云南省,云南省,2,2
C0041,N063,N062,1.0,364.35,local_gap_le_120km;nearest_3_le_350km,昆明,昆东,云南省,云南省,2,20
C0042,N063,N108,1.0,364.35,local_gap_le_120km,昆明,秋田冲,云南省,云南省,2,20
C0043,N063,N141,1.0,364.35,local_gap_le_120km,昆明,长坡,云南省,云南省,2,2
C0044,N065,N016,1.0,364.35,local_gap_le_120km;nearest_3_le_350km,曲阜,兖州,山东省,山东省,1,1
C0045,N070,N069,1.0,364.35,local_gap_le_120km;nearest_3_le_350km;reverse_existing_direction,柳库,柳州,广西壮族自治区,广西壮族自治区,2,2
C0046,N074,N120,1.0,364.35,closest_component_bridge_le_800km;local_gap_le_120km;nearest_3_le_350km,桐庐,萧山,浙江省,浙江省,21,22
C0047,N079,N028,1.0,364.35,local_gap_le_120km;nearest_3_le_350km;reverse_existing_direction,武清,南疆(天津,天津市,天津市,14,14
C0048,N079,N037,1.0,364.35,local_gap_le_120km;nearest_3_le_350km,武清,大港,天津市,天津市,14,1
C0049,N083,N002,1.0,364.35,local_gap_le_120km;nearest_3_le_350km;reverse_existing_direction,汨罗,七里山,湖南省,湖南省,1,1
C0050,N083,N142,1.0,364.35,local_gap_le_120km;nearest_3_le_350km,汨罗,长岭,湖南省,湖南省,1,1
C0051,N086,N114,1.0,364.35,local_gap_le_120km;nearest_3_le_350km,泰安,肥城,山东省,山东省,1,1
C0052,N090,N016,1.0,364.35,local_gap_le_120km;nearest_3_le_350km,济宁,兖州,山东省,山东省,1,1
C0053,N090,N065,1.0,364.35,local_gap_le_120km;nearest_3_le_350km;reverse_existing_direction,济宁,曲阜,山东省,山东省,1,1
C0054,N091,N152,1.0,364.35,local_gap_le_120km;nearest_3_le_350km;reverse_existing_direction,淄博,齐鲁,山东省,山东省,1,1
C0055,N095,N006,1.0,364.35,closest_component_bridge_le_800km;local_gap_le_120km;nearest_3_le_350km,湛江,东海岛,广东省,广东省,27,2
C0056,N100,N015,1.0,364.35,local_gap_le_120km;nearest_3_le_350km,独山子,克拉玛依,新疆维吾尔自治区,新疆维吾尔自治区,1,1
C0057,N102,N009,1.0,364.35,local_gap_le_120km;nearest_3_le_350km,王家沟,乌鲁木齐,新疆维吾尔自治区,新疆维吾尔自治区,1,1
C0058,N103,N021,1.0,364.35,local_gap_le_120km;nearest_3_le_350km;reverse_existing_direction,珠海,北沙,广东省,广东省,13,13
C0059,N103,N060,1.0,364.35,local_gap_le_120km;nearest_3_le_350km,珠海,斗门,广东省,广东省,13,5
C0060,N104,N099,1.0,364.35,local_gap_le_120km;nearest_3_le_350km;reverse_existing_direction,瑞安,灵昆,浙江省,浙江省,3,3
C0061,N107,N005,1.0,364.35,local_gap_le_120km;nearest_3_le_350km,石湖山,东孚,福建省,福建省,6,6
C0062,N108,N044,1.0,364.35,local_gap_le_120km;nearest_3_le_350km,秋田冲,安宁,云南省,云南省,20,2
C0063,N108,N047,1.0,364.35,local_gap_le_120km;nearest_3_le_350km,秋田冲,寻甸,云南省,云南省,20,2
C0064,N108,N063,1.0,364.35,local_gap_le_120km;nearest_3_le_350km,秋田冲,昆明,云南省,云南省,20,2
C0065,N108,N141,1.0,364.35,local_gap_le_120km,秋田冲,长坡,云南省,云南省,20,2
C0066,N109,N057,1.0,364.35,closest_component_bridge_le_800km;local_gap_le_120km;nearest_3_le_350km,简阳,成都,四川省,四川省,2,1
C0067,N111,N126,1.0,364.35,local_gap_le_120km;nearest_3_le_350km,绍兴,诸暨,浙江省,浙江省,22,21
C0068,N112,N123,1.0,364.35,closest_component_bridge_le_800km;local_gap_le_120km;nearest_3_le_350km;reverse_existing_direction,耒阳,衡阳,湖南省,湖南省,23,1
C0069,N114,N086,1.0,364.35,local_gap_le_120km;nearest_3_le_350km,肥城,泰安,山东省,山东省,1,1
C0070,N115,N026,1.0,364.35,closest_component_bridge_le_800km;local_gap_le_120km;nearest_3_le_350km,花都,南沙,广东省,广东省,11,5
C0071,N115,N150,1.0,364.35,local_gap_le_120km;nearest_3_le_350km,花都,黄埔,广东省,广东省,11,5
C0072,N120,N074,1.0,364.35,closest_component_bridge_le_800km;local_gap_le_120km;nearest_3_le_350km,萧山,桐庐,浙江省,浙江省,22,21
C0073,N126,N111,1.0,364.35,local_gap_le_120km;nearest_3_le_350km,诸暨,绍兴,浙江省,浙江省,21,22
C0074,N133,N048,1.0,364.35,local_gap_le_120km;nearest_3_le_350km;reverse_existing_direction,郑州,巩义,河南省,河南省,1,1
C0075,N136,N068,1.0,364.35,local_gap_le_120km;nearest_3_le_350km;reverse_existing_direction,酒泉,柳园,甘肃省,甘肃省,1,1
C0076,N137,N080,1.0,364.35,local_gap_le_120km;nearest_3_le_350km;reverse_existing_direction,重庆,江津,重庆市,重庆市,1,1
C0077,N141,N044,1.0,364.35,local_gap_le_120km;nearest_3_le_350km,长坡,安宁,云南省,云南省,2,2
C0078,N141,N047,1.0,364.35,local_gap_le_120km;nearest_3_le_350km,长坡,寻甸,云南省,云南省,2,2
C0079,N141,N062,1.0,364.35,local_gap_le_120km;nearest_3_le_350km,长坡,昆东,云南省,云南省,2,20
C0080,N141,N063,1.0,364.35,local_gap_le_120km,长坡,昆明,云南省,云南省,2,2
C0081,N141,N108,1.0,364.35,local_gap_le_120km,长坡,秋田冲,云南省,云南省,2,20
C0082,N142,N083,1.0,364.35,local_gap_le_120km;nearest_3_le_350km,长岭,汨罗,湖南省,湖南省,1,1
C0083,N149,N106,1.0,364.35,local_gap_le_120km;nearest_3_le_350km;reverse_existing_direction,高庄,石家庄,河北省,河北省,1,1
C0084,N150,N115,1.0,364.35,local_gap_le_120km;nearest_3_le_350km,黄埔,花都,广东省,广东省,5,11
C0085,N151,N024,1.0,364.35,local_gap_le_120km;nearest_3_le_350km;reverse_existing_direction,黎塘,南宁,广西壮族自治区,广西壮族自治区,2,2
C0086,N071,N094,18.492,364.35,local_gap_le_120km;nearest_3_le_350km;reverse_existing_direction,株洲,湘潭,湖南省,湖南省,1,1
C0087,N003,N026,19.099,364.35,local_gap_le_120km;nearest_3_le_350km,三水,南沙,广东省,广东省,11,5
C0088,N003,N150,19.099,364.35,local_gap_le_120km;nearest_3_le_350km,三水,黄埔,广东省,广东省,11,5
C0089,N026,N003,19.099,364.35,local_gap_le_120km;nearest_3_le_350km,南沙,三水,广东省,广东省,5,11
C0090,N027,N026,19.099,364.35,local_gap_le_120km;nearest_3_le_350km;reverse_existing_direction,南海,南沙,广东省,广东省,5,5
C0091,N027,N115,19.099,364.35,local_gap_le_120km;nearest_3_le_350km,南海,花都,广东省,广东省,5,11
C0092,N027,N150,19.099,364.35,local_gap_le_120km,南海,黄埔,广东省,广东省,5,5
C0093,N115,N003,19.099,364.35,local_gap_le_120km;nearest_3_le_350km;reverse_existing_direction,花都,三水,广东省,广东省,11,11
C0094,N115,N027,19.099,364.35,local_gap_le_120km,花都,南海,广东省,广东省,11,5
C0095,N150,N003,19.099,364.35,local_gap_le_120km;nearest_3_le_350km,黄埔,三水,广东省,广东省,5,11
C0096,N150,N027,19.099,364.35,local_gap_le_120km;nearest_3_le_350km,黄埔,南海,广东省,广东省,5,5
C0097,N040,N064,27.194,364.35,local_gap_le_120km;nearest_3_le_350km;reverse_existing_direction,太原,晋中,山西省,山西省,1,1
C0098,N001,N102,32.217,364.35,local_gap_le_120km;nearest_3_le_350km,703,王家沟,新疆维吾尔自治区,新疆维吾尔自治区,1,1
C0099,N009,N001,32.217,364.35,local_gap_le_120km;nearest_3_le_350km;reverse_existing_direction,乌鲁木齐,703,新疆维吾尔自治区,新疆维吾尔自治区,1,1
C0100,N102,N001,32.217,364.35,local_gap_le_120km;nearest_3_le_350km,王家沟,703,新疆维吾尔自治区,新疆维吾尔自治区,1,1
C0101,N074,N111,42.278,364.35,local_gap_le_120km;nearest_3_le_350km,桐庐,绍兴,浙江省,浙江省,21,22
C0102,N074,N126,42.278,364.35,local_gap_le_120km;nearest_3_le_350km;reverse_existing_direction,桐庐,诸暨,浙江省,浙江省,21,21
C0103,N111,N074,42.278,364.35,local_gap_le_120km;nearest_3_le_350km,绍兴,桐庐,浙江省,浙江省,22,21
C0104,N120,N111,42.278,364.35,local_gap_le_120km;nearest_3_le_350km;reverse_existing_direction,萧山,绍兴,浙江省,浙江省,22,22
C0105,N120,N126,42.278,364.35,local_gap_le_120km;nearest_3_le_350km,萧山,诸暨,浙江省,浙江省,22,21
C0106,N126,N120,42.278,364.35,local_gap_le_120km;nearest_3_le_350km,诸暨,萧山,浙江省,浙江省,21,22
C0107,N094,N144,44.309,364.35,local_gap_le_120km;nearest_3_le_350km;reverse_existing_direction,湘潭,长沙,湖南省,湖南省,1,1
C0108,N071,N144,48.143,364.35,local_gap_le_120km;nearest_3_le_350km,株洲,长沙,湖南省,湖南省,1,1
C0109,N144,N071,48.143,364.35,local_gap_le_120km;nearest_3_le_350km,长沙,株洲,湖南省,湖南省,1,1
C0110,N131,N132,49.401,364.35,local_gap_le_120km;nearest_3_le_350km;reverse_existing_direction,邢台,邯郸,河北省,河北省,1,1
C0111,N003,N081,49.406,364.35,closest_component_bridge_le_800km;local_gap_le_120km,三水,江门,广东省,广东省,11,2
C0112,N027,N081,49.406,364.35,closest_component_bridge_le_800km;local_gap_le_120km,南海,江门,广东省,广东省,5,2
C0113,N081,N003,49.406,364.35,closest_component_bridge_le_800km;local_gap_le_120km;nearest_3_le_350km,江门,三水,广东省,广东省,2,11
C0114,N081,N027,49.406,364.35,closest_component_bridge_le_800km;local_gap_le_120km;nearest_3_le_350km,江门,南海,广东省,广东省,2,5
C0115,N122,N092,50.353,364.35,local_gap_le_120km;nearest_3_le_350km;reverse_existing_direction,蚌埠,淮南,安徽省,安徽省,4,4
C0116,N086,N089,50.398,364.35,local_gap_le_120km;nearest_3_le_350km;reverse_existing_direction,泰安,济南,山东省,山东省,1,1
C0117,N089,N114,50.398,364.35,local_gap_le_120km;nearest_3_le_350km,济南,肥城,山东省,山东省,1,1
C0118,N114,N089,50.398,364.35,local_gap_le_120km;nearest_3_le_350km,肥城,济南,山东省,山东省,1,1
C0119,N096,N125,53.053,364.35,local_gap_le_120km;nearest_3_le_350km;reverse_existing_direction,漯河,许昌,河南省,河南省,1,1
C0120,N021,N039,58.104,364.35,closest_component_bridge_le_800km;local_gap_le_120km;nearest_3_le_350km,北沙,大鹏湾,广东省,广东省,13,16
C0121,N021,N041,58.104,364.35,local_gap_le_120km;nearest_3_le_350km,北沙,妈湾,广东省,广东省,13,16
C0122,N039,N021,58.104,364.35,closest_component_bridge_le_800km;local_gap_le_120km;nearest_3_le_350km,大鹏湾,北沙,广东省,广东省,16,13
C0123,N039,N060,58.104,364.35,closest_component_bridge_le_800km;local_gap_le_120km;nearest_3_le_350km,大鹏湾,斗门,广东省,广东省,16,5
C0124,N039,N103,58.104,364.35,local_gap_le_120km;nearest_3_le_350km,大鹏湾,珠海,广东省,广东省,16,13
C0125,N041,N021,58.104,364.35,local_gap_le_120km;nearest_3_le_350km,妈湾,北沙,广东省,广东省,16,13
C0126,N041,N060,58.104,364.35,local_gap_le_120km;nearest_3_le_350km,妈湾,斗门,广东省,广东省,16,5
C0127,N041,N103,58.104,364.35,local_gap_le_120km,妈湾,珠海,广东省,广东省,16,13
C0128,N060,N039,58.104,364.35,closest_component_bridge_le_800km;local_gap_le_120km;nearest_3_le_350km,斗门,大鹏湾,广东省,广东省,5,16
C0129,N060,N041,58.104,364.35,local_gap_le_120km,斗门,妈湾,广东省,广东省,5,16
C0130,N103,N039,58.104,364.35,local_gap_le_120km;nearest_3_le_350km,珠海,大鹏湾,广东省,广东省,13,16
C0131,N103,N041,58.104,364.35,local_gap_le_120km,珠海,妈湾,广东省,广东省,13,16
C0132,N132,N082,61.029,364.35,local_gap_le_120km;nearest_3_le_350km;reverse_existing_direction,邯郸,汤阴,河北省,河南省,1,1
C0133,N021,N081,61.59,364.35,closest_component_bridge_le_800km;local_gap_le_120km,北沙,江门,广东省,广东省,13,2
C0134,N060,N081,61.59,364.35,local_gap_le_120km,斗门,江门,广东省,广东省,5,2
C0135,N081,N021,61.59,364.35,closest_component_bridge_le_800km;local_gap_le_120km;nearest_3_le_350km,江门,北沙,广东省,广东省,2,13
C0136,N081,N060,61.59,364.35,local_gap_le_120km,江门,斗门,广东省,广东省,2,5
C0137,N081,N103,61.59,364.35,local_gap_le_120km,江门,珠海,广东省,广东省,2,13
C0138,N103,N081,61.59,364.35,local_gap_le_120km,珠海,江门,广东省,广东省,13,2
C0139,N116,N035,63.576,364.35,local_gap_le_120km;nearest_3_le_350km;reverse_existing_direction,苏州(苏州,嘉兴(陈山,江苏省,浙江省,7,7
C0140,N148,N096,63.786,364.35,local_gap_le_120km;nearest_3_le_350km;reverse_existing_direction,驻马店,漯河,河南省,河南省,1,1
C0141,N026,N081,64.18,364.35,local_gap_le_120km,南沙,江门,广东省,广东省,5,2
C0142,N081,N026,64.18,364.35,local_gap_le_120km,江门,南沙,广东省,广东省,2,5
C0143,N081,N115,64.18,364.35,local_gap_le_120km,江门,花都,广东省,广东省,2,11
C0144,N081,N150,64.18,364.35,local_gap_le_120km,江门,黄埔,广东省,广东省,2,5
C0145,N115,N081,64.18,364.35,local_gap_le_120km,花都,江门,广东省,广东省,11,2
C0146,N150,N081,64.18,364.35,local_gap_le_120km,黄埔,江门,广东省,广东省,5,2
C0147,N093,N116,65.921,364.35,local_gap_le_120km;nearest_3_le_350km,湖州(湖州,苏州(苏州,浙江省,江苏省,7,7
C0148,N116,N093,65.921,364.35,local_gap_le_120km;nearest_3_le_350km,苏州(苏州,湖州(湖州,江苏省,浙江省,7,7
C0149,N093,N035,65.949,364.35,local_gap_le_120km;nearest_3_le_350km;reverse_existing_direction,湖州(湖州,嘉兴(陈山,浙江省,浙江省,7,7
C0150,N028,N036,67.225,364.35,local_gap_le_120km;nearest_3_le_350km,南疆(天津,固安,天津市,河北省,14,1
C0151,N036,N028,67.225,364.35,local_gap_le_120km;nearest_3_le_350km,固安,南疆(天津,河北省,天津市,1,14
C0152,N036,N037,67.225,364.35,local_gap_le_120km;nearest_3_le_350km,固安,大港,河北省,天津市,1,1
C0153,N036,N079,67.225,364.35,local_gap_le_120km;nearest_3_le_350km,固安,武清,河北省,天津市,1,14
C0154,N037,N036,67.225,364.35,local_gap_le_120km;nearest_3_le_350km,大港,固安,天津市,河北省,1,1
C0155,N079,N036,67.225,364.35,local_gap_le_120km;nearest_3_le_350km,武清,固安,天津市,河北省,14,1
C0156,N048,N061,67.65,364.35,local_gap_le_120km;nearest_3_le_350km,巩义,新乡,河南省,河南省,1,1
C0157,N061,N048,67.65,364.35,local_gap_le_120km;nearest_3_le_350km,新乡,巩义,河南省,河南省,1,1
C0158,N133,N061,67.65,364.35,local_gap_le_120km;nearest_3_le_350km;reverse_existing_direction,郑州,新乡,河南省,河南省,1,1
C0159,N053,N067,67.884,364.35,local_gap_le_120km;nearest_3_le_350km;reverse_existing_direction,徐州,枣庄,江苏省,山东省,1,1
C0160,N054,N067,67.884,364.35,local_gap_le_120km;nearest_3_le_350km,徐州(新沂,枣庄,江苏省,山东省,8,1
C0161,N067,N054,67.884,364.35,local_gap_le_120km;nearest_3_le_350km,枣庄,徐州(新沂,山东省,江苏省,1,8
C0162,N017,N029,67.919,364.35,local_gap_le_120km;nearest_3_le_350km;reverse_existing_direction,六安,合肥,安徽省,安徽省,4,4
C0163,N046,N053,68.276,364.35,local_gap_le_120km;nearest_3_le_350km;reverse_existing_direction,宿州,徐州,安徽省,江苏省,1,1
C0164,N046,N054,68.276,364.35,local_gap_le_120km;nearest_3_le_350km,宿州,徐州(新沂,安徽省,江苏省,1,8
C0165,N054,N046,68.276,364.35,local_gap_le_120km;nearest_3_le_350km,徐州(新沂,宿州,江苏省,安徽省,8,1
C0166,N082,N098,70.403,364.35,local_gap_le_120km;nearest_3_le_350km;reverse_existing_direction,汤阴,濮阳,河南省,河南省,1,1
C0167,N006,N117,71.644,364.35,local_gap_le_120km;nearest_3_le_350km,东海岛,茂名,广东省,广东省,2,2
C0168,N117,N006,71.644,364.35,local_gap_le_120km;nearest_3_le_350km,茂名,东海岛,广东省,广东省,2,2
C0169,N117,N095,71.644,364.35,local_gap_le_120km;nearest_3_le_350km;reverse_existing_direction,茂名,湛江,广东省,广东省,2,27
C0170,N074,N093,72.577,364.35,closest_component_bridge_le_800km;local_gap_le_120km,桐庐,湖州(湖州,浙江省,浙江省,21,7
C0171,N093,N074,72.577,364.35,closest_component_bridge_le_800km;local_gap_le_120km;nearest_3_le_350km,湖州(湖州,桐庐,浙江省,浙江省,7,21
C0172,N093,N120,72.577,364.35,closest_component_bridge_le_800km;local_gap_le_120km,湖州(湖州,萧山,浙江省,浙江省,7,22
C0173,N120,N093,72.577,364.35,closest_component_bridge_le_800km;local_gap_le_120km,萧山,湖州(湖州,浙江省,浙江省,22,7
C0174,N039,N056,72.86,364.35,local_gap_le_120km,大鹏湾,惠州,广东省,广东省,16,5
C0175,N041,N056,72.86,364.35,local_gap_le_120km,妈湾,惠州,广东省,广东省,16,5
C0176,N056,N039,72.86,364.35,local_gap_le_120km;nearest_3_le_350km,惠州,大鹏湾,广东省,广东省,5,16
C0177,N056,N041,72.86,364.35,local_gap_le_120km;nearest_3_le_350km,惠州,妈湾,广东省,广东省,5,16
C0178,N005,N085,74.531,364.35,local_gap_le_120km;nearest_3_le_350km;reverse_existing_direction,东孚,泉港,福建省,福建省,6,6
C0179,N107,N085,74.531,364.35,local_gap_le_120km;nearest_3_le_350km;reverse_existing_direction,石湖山,泉港,福建省,福建省,6,6
C0180,N035,N074,76.119,364.35,local_gap_le_120km;nearest_3_le_350km,嘉兴(陈山,桐庐,浙江省,浙江省,7,21
C0181,N035,N120,76.119,364.35,local_gap_le_120km;nearest_3_le_350km,嘉兴(陈山,萧山,浙江省,浙江省,7,22
C0182,N074,N035,76.119,364.35,local_gap_le_120km,桐庐,嘉兴(陈山,浙江省,浙江省,21,7
C0183,N120,N035,76.119,364.35,local_gap_le_120km,萧山,嘉兴(陈山,浙江省,浙江省,22,7
C0184,N064,N146,76.481,364.35,local_gap_le_120km;nearest_3_le_350km;reverse_existing_direction,晋中,阳泉,山西省,山西省,1,1
C0185,N118,N119,77.708,364.35,local_gap_le_120km;nearest_3_le_350km;reverse_existing_direction,荆州,荆门,湖北省,湖北省,10,10
C0186,N035,N111,79.191,364.35,local_gap_le_120km;nearest_3_le_350km,嘉兴(陈山,绍兴,浙江省,浙江省,7,22
C0187,N035,N126,79.191,364.35,local_gap_le_120km,嘉兴(陈山,诸暨,浙江省,浙江省,7,21
C0188,N111,N035,79.191,364.35,local_gap_le_120km;nearest_3_le_350km,绍兴,嘉兴(陈山,浙江省,浙江省,22,7
C0189,N126,N035,79.191,364.35,local_gap_le_120km;nearest_3_le_350km,诸暨,嘉兴(陈山,浙江省,浙江省,21,7
C0190,N048,N125,81.388,364.35,local_gap_le_120km;nearest_3_le_350km,巩义,许昌,河南省,河南省,1,1
C0191,N125,N048,81.388,364.35,local_gap_le_120km;nearest_3_le_350km,许昌,巩义,河南省,河南省,1,1
C0192,N125,N133,81.388,364.35,local_gap_le_120km;nearest_3_le_350km;reverse_existing_direction,许昌,郑州,河南省,河南省,1,1
C0193,N106,N146,83.399,364.35,local_gap_le_120km;nearest_3_le_350km,石家庄,阳泉,河北省,山西省,1,1
C0194,N146,N106,83.399,364.35,local_gap_le_120km;nearest_3_le_350km,阳泉,石家庄,山西省,河北省,1,1
C0195,N146,N149,83.399,364.35,local_gap_le_120km;nearest_3_le_350km;reverse_existing_direction,阳泉,高庄,山西省,河北省,1,1
C0196,N014,N050,84.123,364.35,closest_component_bridge_le_800km;local_gap_le_120km;nearest_3_le_350km,信阳,广水,河南省,湖北省,1,18
C0197,N014,N051,84.123,364.35,local_gap_le_120km;nearest_3_le_350km,信阳,广水武胜关镇,河南省,湖北省,1,18
C0198,N050,N014,84.123,364.35,closest_component_bridge_le_800km;local_gap_le_120km;nearest_3_le_350km,广水,信阳,湖北省,河南省,18,1
C0199,N051,N014,84.123,364.35,local_gap_le_120km;nearest_3_le_350km,广水武胜关镇,信阳,湖北省,河南省,18,1
C0200,N047,N101,84.161,364.35,local_gap_le_120km,寻甸,玉溪,云南省,云南省,2,2
C0201,N062,N101,84.161,364.35,local_gap_le_120km,昆东,玉溪,云南省,云南省,20,2
C0202,N063,N101,84.161,364.35,local_gap_le_120km,昆明,玉溪,云南省,云南省,2,2
C0203,N101,N044,84.161,364.35,local_gap_le_120km;nearest_3_le_350km;reverse_existing_direction,玉溪,安宁,云南省,云南省,2,2
C0204,N101,N047,84.161,364.35,local_gap_le_120km;nearest_3_le_350km,玉溪,寻甸,云南省,云南省,2,2
C0205,N101,N062,84.161,364.35,local_gap_le_120km;nearest_3_le_350km,玉溪,昆东,云南省,云南省,2,20
C0206,N101,N063,84.161,364.35,local_gap_le_120km,玉溪,昆明,云南省,云南省,2,2
C0207,N101,N108,84.161,364.35,local_gap_le_120km,玉溪,秋田冲,云南省,云南省,2,20
C0208,N101,N141,84.161,364.35,local_gap_le_120km,玉溪,长坡,云南省,云南省,2,2
C0209,N108,N101,84.161,364.35,local_gap_le_120km,秋田冲,玉溪,云南省,云南省,20,2
C0210,N141,N101,84.161,364.35,local_gap_le_120km,长坡,玉溪,云南省,云南省,2,2
C0211,N092,N029,87.175,364.35,local_gap_le_120km;nearest_3_le_350km;reverse_existing_direction,淮南,合肥,安徽省,安徽省,4,4
C0212,N046,N122,90.117,364.35,closest_component_bridge_le_800km;local_gap_le_120km;nearest_3_le_350km,宿州,蚌埠,安徽省,安徽省,1,4
C0213,N122,N046,90.117,364.35,closest_component_bridge_le_800km;local_gap_le_120km;nearest_3_le_350km,蚌埠,宿州,安徽省,安徽省,4,1
C0214,N130,N058,90.667,364.35,local_gap_le_120km;nearest_3_le_350km;reverse_existing_direction,辽阳,抚顺,辽宁省,辽宁省,1,1
C0215,N040,N146,91.973,364.35,local_gap_le_120km;nearest_3_le_350km,太原,阳泉,山西省,山西省,1,1
C0216,N146,N040,91.973,364.35,local_gap_le_120km;nearest_3_le_350km,阳泉,太原,山西省,山西省,1,1
C0217,N113,N089,93.216,364.35,local_gap_le_120km;nearest_3_le_350km;reverse_existing_direction,聊城,济南,山东省,山东省,1,1
C0218,N042,N094,94.398,364.35,local_gap_le_120km;nearest_3_le_350km;reverse_existing_direction,娄底,湘潭,湖南省,湖南省,1,1
C0219,N016,N067,94.479,364.35,local_gap_le_120km;nearest_3_le_350km,兖州,枣庄,山东省,山东省,1,1
C0220,N067,N016,94.479,364.35,local_gap_le_120km;nearest_3_le_350km,枣庄,兖州,山东省,山东省,1,1
C0221,N067,N065,94.479,364.35,local_gap_le_120km;nearest_3_le_350km;reverse_existing_direction,枣庄,曲阜,山东省,山东省,1,1
C0222,N067,N090,94.479,364.35,local_gap_le_120km,枣庄,济宁,山东省,山东省,1,1
C0223,N090,N067,94.479,364.35,local_gap_le_120km;nearest_3_le_350km,济宁,枣庄,山东省,山东省,1,1
C0224,N014,N148,95.726,364.35,local_gap_le_120km;nearest_3_le_350km;reverse_existing_direction,信阳,驻马店,河南省,河南省,1,1
C0225,N003,N021,95.773,364.35,closest_component_bridge_le_800km;local_gap_le_120km,三水,北沙,广东省,广东省,11,13
C0226,N003,N060,95.773,364.35,local_gap_le_120km,三水,斗门,广东省,广东省,11,5
C0227,N003,N103,95.773,364.35,local_gap_le_120km,三水,珠海,广东省,广东省,11,13
C0228,N021,N003,95.773,364.35,closest_component_bridge_le_800km;local_gap_le_120km,北沙,三水,广东省,广东省,13,11
C0229,N021,N027,95.773,364.35,local_gap_le_120km,北沙,南海,广东省,广东省,13,5
C0230,N027,N021,95.773,364.35,local_gap_le_120km,南海,北沙,广东省,广东省,5,13
C0231,N027,N060,95.773,364.35,local_gap_le_120km,南海,斗门,广东省,广东省,5,5
C0232,N027,N103,95.773,364.35,local_gap_le_120km,南海,珠海,广东省,广东省,5,13
C0233,N060,N003,95.773,364.35,local_gap_le_120km,斗门,三水,广东省,广东省,5,11
C0234,N060,N027,95.773,364.35,local_gap_le_120km,斗门,南海,广东省,广东省,5,5
C0235,N103,N003,95.773,364.35,local_gap_le_120km,珠海,三水,广东省,广东省,13,11
C0236,N103,N027,95.773,364.35,local_gap_le_120km,珠海,南海,广东省,广东省,13,5
C0237,N089,N091,95.826,364.35,local_gap_le_120km;nearest_3_le_350km;reverse_existing_direction,济南,淄博,山东省,山东省,1,1
C0238,N089,N152,95.826,364.35,local_gap_le_120km;nearest_3_le_350km,济南,齐鲁,山东省,山东省,1,1
C0239,N152,N089,95.826,364.35,local_gap_le_120km;nearest_3_le_350km,齐鲁,济南,山东省,山东省,1,1
C0240,N061,N082,96.658,364.35,local_gap_le_120km;nearest_3_le_350km;reverse_existing_direction,新乡,汤阴,河南省,河南省,1,1
C0241,N140,N129,96.974,364.35,local_gap_le_120km;nearest_3_le_350km;reverse_existing_direction,锦州,辽河,辽宁省,辽宁省,1,1
C0242,N076,N030,97.07,364.35,local_gap_le_120km;nearest_3_le_350km;reverse_existing_direction,樟树,吉安长塘,江西省,江西省,3,3
C0243,N024,N138,97.627,364.35,local_gap_le_120km;nearest_3_le_350km;reverse_existing_direction,南宁,钦州,广西壮族自治区,广西壮族自治区,2,2
C0244,N138,N151,97.627,364.35,local_gap_le_120km;nearest_3_le_350km,钦州,黎塘,广西壮族自治区,广西壮族自治区,2,2
C0245,N151,N138,97.627,364.35,local_gap_le_120km;nearest_3_le_350km,黎塘,钦州,广西壮族自治区,广西壮族自治区,2,2
C0246,N016,N086,98.008,364.35,local_gap_le_120km,兖州,泰安,山东省,山东省,1,1
C0247,N065,N086,98.008,364.35,local_gap_le_120km;nearest_3_le_350km;reverse_existing_direction,曲阜,泰安,山东省,山东省,1,1
C0248,N065,N114,98.008,364.35,local_gap_le_120km;nearest_3_le_350km,曲阜,肥城,山东省,山东省,1,1
C0249,N086,N016,98.008,364.35,local_gap_le_120km;nearest_3_le_350km,泰安,兖州,山东省,山东省,1,1
C0250,N086,N090,98.008,364.35,local_gap_le_120km,泰安,济宁,山东省,山东省,1,1
C0251,N090,N086,98.008,364.35,local_gap_le_120km,济宁,泰安,山东省,山东省,1,1
C0252,N090,N114,98.008,364.35,local_gap_le_120km,济宁,肥城,山东省,山东省,1,1
C0253,N114,N016,98.008,364.35,local_gap_le_120km;nearest_3_le_350km;reverse_existing_direction,肥城,兖州,山东省,山东省,1,1
C0254,N114,N065,98.008,364.35,local_gap_le_120km,肥城,曲阜,山东省,山东省,1,1
C0255,N114,N090,98.008,364.35,local_gap_le_120km,肥城,济宁,山东省,山东省,1,1
C0256,N028,N084,98.154,364.35,local_gap_le_120km;nearest_3_le_350km,南疆(天津,沧州,天津市,河北省,14,1
C0257,N079,N084,98.154,364.35,local_gap_le_120km,武清,沧州,天津市,河北省,14,1
C0258,N084,N028,98.154,364.35,local_gap_le_120km;nearest_3_le_350km,沧州,南疆(天津,河北省,天津市,1,14
C0259,N084,N037,98.154,364.35,local_gap_le_120km;nearest_3_le_350km;reverse_existing_direction,沧州,大港,河北省,天津市,1,1
C0260,N084,N079,98.154,364.35,local_gap_le_120km;nearest_3_le_350km,沧州,武清,河北省,天津市,1,14
C0261,N143,N031,98.792,364.35,local_gap_le_120km;nearest_3_le_350km;reverse_existing_direction,长春,吉林,吉林省,吉林省,15,15
C0262,N091,N097,98.995,364.35,local_gap_le_120km;nearest_3_le_350km,淄博,潍坊,山东省,山东省,1,1
C0263,N097,N091,98.995,364.35,local_gap_le_120km;nearest_3_le_350km,潍坊,淄博,山东省,山东省,1,1
C0264,N097,N152,98.995,364.35,local_gap_le_120km;nearest_3_le_350km,潍坊,齐鲁,山东省,山东省,1,1
C0265,N152,N097,98.995,364.35,local_gap_le_120km;nearest_3_le_350km,齐鲁,潍坊,山东省,山东省,1,1
C0266,N007,N067,99.711,364.35,local_gap_le_120km;nearest_3_le_350km;reverse_existing_direction,临沂,枣庄,山东省,山东省,1,1
C0267,N039,N081,100.775,364.35,closest_component_bridge_le_800km;local_gap_le_120km,大鹏湾,江门,广东省,广东省,16,2
C0268,N041,N081,100.775,364.35,local_gap_le_120km,妈湾,江门,广东省,广东省,16,2
C0269,N081,N039,100.775,364.35,closest_component_bridge_le_800km;local_gap_le_120km,江门,大鹏湾,广东省,广东省,2,16
C0270,N081,N041,100.775,364.35,local_gap_le_120km,江门,妈湾,广东省,广东省,2,16
C0271,N021,N026,100.805,364.35,local_gap_le_120km,北沙,南沙,广东省,广东省,13,5
C0272,N021,N115,100.805,364.35,local_gap_le_120km,北沙,花都,广东省,广东省,13,11
C0273,N021,N150,100.805,364.35,local_gap_le_120km,北沙,黄埔,广东省,广东省,13,5
C0274,N026,N021,100.805,364.35,local_gap_le_120km,南沙,北沙,广东省,广东省,5,13
C0275,N026,N103,100.805,364.35,local_gap_le_120km,南沙,珠海,广东省,广东省,5,13
C0276,N060,N026,100.805,364.35,local_gap_le_120km;reverse_existing_direction,斗门,南沙,广东省,广东省,5,5
C0277,N060,N115,100.805,364.35,local_gap_le_120km,斗门,花都,广东省,广东省,5,11
C0278,N060,N150,100.805,364.35,local_gap_le_120km,斗门,黄埔,广东省,广东省,5,5
C0279,N103,N026,100.805,364.35,local_gap_le_120km,珠海,南沙,广东省,广东省,13,5
C0280,N103,N115,100.805,364.35,local_gap_le_120km,珠海,花都,广东省,广东省,13,11
C0281,N103,N150,100.805,364.35,local_gap_le_120km,珠海,黄埔,广东省,广东省,13,5
C0282,N115,N021,100.805,364.35,local_gap_le_120km,花都,北沙,广东省,广东省,11,13
C0283,N115,N060,100.805,364.35,local_gap_le_120km,花都,斗门,广东省,广东省,11,5
C0284,N115,N103,100.805,364.35,local_gap_le_120km,花都,珠海,广东省,广东省,11,13
C0285,N150,N021,100.805,364.35,local_gap_le_120km,黄埔,北沙,广东省,广东省,5,13
C0286,N150,N060,100.805,364.35,local_gap_le_120km,黄埔,斗门,广东省,广东省,5,5
C0287,N150,N103,100.805,364.35,local_gap_le_120km,黄埔,珠海,广东省,广东省,5,13
C0288,N087,N105,101.846,364.35,local_gap_le_120km;nearest_3_le_350km,泰州(泰州,盐城(盐城,江苏省,江苏省,8,8
C0289,N105,N087,101.846,364.35,local_gap_le_120km;nearest_3_le_350km,盐城(盐城,泰州(泰州,江苏省,江苏省,8,8
C0290,N008,N104,102.252,364.35,local_gap_le_120km;nearest_3_le_350km,临海,瑞安,浙江省,浙江省,3,3
C0291,N099,N008,102.252,364.35,local_gap_le_120km;nearest_3_le_350km;reverse_existing_direction,灵昆,临海,浙江省,浙江省,3,3
C0292,N104,N008,102.252,364.35,local_gap_le_120km;nearest_3_le_350km,瑞安,临海,浙江省,浙江省,3,3
C0293,N043,N111,102.596,364.35,closest_component_bridge_le_800km;local_gap_le_120km;nearest_3_le_350km,宁海,绍兴,浙江省,浙江省,3,22
C0294,N043,N126,102.596,364.35,closest_component_bridge_le_800km;local_gap_le_120km;nearest_3_le_350km,宁海,诸暨,浙江省,浙江省,3,21
C0295,N110,N111,102.596,364.35,local_gap_le_120km;nearest_3_le_350km,算山,绍兴,浙江省,浙江省,3,22
C0296,N110,N126,102.596,364.35,local_gap_le_120km;nearest_3_le_350km,算山,诸暨,浙江省,浙江省,3,21
C0297,N111,N043,102.596,364.35,closest_component_bridge_le_800km;local_gap_le_120km,绍兴,宁海,浙江省,浙江省,22,3
C0298,N111,N110,102.596,364.35,local_gap_le_120km,绍兴,算山,浙江省,浙江省,22,3
C0299,N126,N043,102.596,364.35,closest_component_bridge_le_800km;local_gap_le_120km,诸暨,宁海,浙江省,浙江省,21,3
C0300,N126,N110,102.596,364.35,local_gap_le_120km,诸暨,算山,浙江省,浙江省,21,3
C0301,N086,N113,102.632,364.35,local_gap_le_120km,泰安,聊城,山东省,山东省,1,1
C0302,N113,N086,102.632,364.35,local_gap_le_120km;nearest_3_le_350km,聊城,泰安,山东省,山东省,1,1
C0303,N113,N114,102.632,364.35,local_gap_le_120km;nearest_3_le_350km,聊城,肥城,山东省,山东省,1,1
C0304,N114,N113,102.632,364.35,local_gap_le_120km,肥城,聊城,山东省,山东省,1,1
C0305,N026,N039,104.454,364.35,local_gap_le_120km,南沙,大鹏湾,广东省,广东省,5,16
C0306,N026,N041,104.454,364.35,local_gap_le_120km,南沙,妈湾,广东省,广东省,5,16
C0307,N039,N026,104.454,364.35,local_gap_le_120km,大鹏湾,南沙,广东省,广东省,16,5
C0308,N039,N115,104.454,364.35,closest_component_bridge_le_800km;local_gap_le_120km,大鹏湾,花都,广东省,广东省,16,11
C0309,N039,N150,104.454,364.35,local_gap_le_120km,大鹏湾,黄埔,广东省,广东省,16,5
C0310,N041,N026,104.454,364.35,local_gap_le_120km,妈湾,南沙,广东省,广东省,16,5
C0311,N041,N115,104.454,364.35,local_gap_le_120km,妈湾,花都,广东省,广东省,16,11
C0312,N041,N150,104.454,364.35,local_gap_le_120km,妈湾,黄埔,广东省,广东省,16,5
C0313,N115,N039,104.454,364.35,closest_component_bridge_le_800km;local_gap_le_120km,花都,大鹏湾,广东省,广东省,11,16
C0314,N115,N041,104.454,364.35,local_gap_le_120km,花都,妈湾,广东省,广东省,11,16
C0315,N150,N039,104.454,364.35,local_gap_le_120km,黄埔,大鹏湾,广东省,广东省,5,16
C0316,N150,N041,104.454,364.35,local_gap_le_120km,黄埔,妈湾,广东省,广东省,5,16
C0317,N089,N055,104.776,364.35,local_gap_le_120km;reverse_existing_direction,济南,德州,山东省,山东省,1,1
C0318,N093,N111,105.207,364.35,local_gap_le_120km,湖州(湖州,绍兴,浙江省,浙江省,7,22
C0319,N093,N126,105.207,364.35,local_gap_le_120km,湖州(湖州,诸暨,浙江省,浙江省,7,21
C0320,N111,N093,105.207,364.35,local_gap_le_120km,绍兴,湖州(湖州,浙江省,浙江省,22,7
C0321,N126,N093,105.207,364.35,local_gap_le_120km,诸暨,湖州(湖州,浙江省,浙江省,21,7
C0322,N098,N132,105.439,364.35,local_gap_le_120km;nearest_3_le_350km,濮阳,邯郸,河南省,河北省,1,1
C0323,N132,N098,105.439,364.35,local_gap_le_120km;nearest_3_le_350km,邯郸,濮阳,河北省,河南省,1,1
C0324,N042,N112,105.916,364.35,local_gap_le_120km;nearest_3_le_350km,娄底,耒阳,湖南省,湖南省,1,23
C0325,N042,N123,105.916,364.35,local_gap_le_120km;nearest_3_le_350km,娄底,衡阳,湖南省,湖南省,1,1
C0326,N112,N042,105.916,364.35,local_gap_le_120km;nearest_3_le_350km,耒阳,娄底,湖南省,湖南省,23,1
C0327,N123,N042,105.916,364.35,local_gap_le_120km;nearest_3_le_350km,衡阳,娄底,湖南省,湖南省,1,1
C0328,N004,N153,106.245,364.35,closest_component_bridge_le_800km;local_gap_le_120km;nearest_3_le_350km,上饶,龙游,江西省,浙江省,24,3
C0329,N153,N004,106.245,364.35,closest_component_bridge_le_800km;local_gap_le_120km;nearest_3_le_350km,龙游,上饶,浙江省,江西省,3,24
C0330,N011,N145,106.267,364.35,local_gap_le_120km;nearest_3_le_350km;reverse_existing_direction,亳州,阜阳,安徽省,安徽省,12,12
C0331,N017,N092,106.286,364.35,local_gap_le_120km;nearest_3_le_350km,六安,淮南,安徽省,安徽省,4,4
C0332,N092,N017,106.286,364.35,local_gap_le_120km;nearest_3_le_350km,淮南,六安,安徽省,安徽省,4,4
C0333,N055,N084,106.87,364.35,local_gap_le_120km;nearest_3_le_350km;reverse_existing_direction,德州,沧州,山东省,河北省,1,1
C0334,N106,N131,108.064,364.35,local_gap_le_120km;nearest_3_le_350km;reverse_existing_direction,石家庄,邢台,河北省,河北省,1,1
C0335,N131,N149,108.064,364.35,local_gap_le_120km;nearest_3_le_350km,邢台,高庄,河北省,河北省,1,1
C0336,N149,N131,108.064,364.35,local_gap_le_120km;nearest_3_le_350km,高庄,邢台,河北省,河北省,1,1
C0337,N129,N130,108.305,364.35,local_gap_le_120km;nearest_3_le_350km;reverse_existing_direction,辽河,辽阳,辽宁省,辽宁省,1,1
C0338,N124,N119,108.525,364.35,local_gap_le_120km;nearest_3_le_350km;reverse_existing_direction,襄阳,荆门,湖北省,湖北省,10,10
C0339,N025,N010,108.61,364.35,local_gap_le_120km;nearest_3_le_350km;reverse_existing_direction,南昌,九江,江西省,江西省,3,3
C0340,N082,N131,108.91,364.35,local_gap_le_120km;nearest_3_le_350km,汤阴,邢台,河南省,河北省,1,1
C0341,N131,N082,108.91,364.35,local_gap_le_120km;nearest_3_le_350km,邢台,汤阴,河北省,河南省,1,1
C0342,N042,N144,109.794,364.35,local_gap_le_120km,娄底,长沙,湖南省,湖南省,1,1
C0343,N144,N042,109.794,364.35,local_gap_le_120km;nearest_3_le_350km,长沙,娄底,湖南省,湖南省,1,1
C0344,N003,N039,110.098,364.35,local_gap_le_120km,三水,大鹏湾,广东省,广东省,11,16
C0345,N003,N041,110.098,364.35,local_gap_le_120km,三水,妈湾,广东省,广东省,11,16
C0346,N027,N039,110.098,364.35,local_gap_le_120km,南海,大鹏湾,广东省,广东省,5,16
C0347,N027,N041,110.098,364.35,local_gap_le_120km,南海,妈湾,广东省,广东省,5,16
C0348,N039,N003,110.098,364.35,local_gap_le_120km,大鹏湾,三水,广东省,广东省,16,11
C0349,N039,N027,110.098,364.35,local_gap_le_120km,大鹏湾,南海,广东省,广东省,16,5
C0350,N041,N003,110.098,364.35,local_gap_le_120km,妈湾,三水,广东省,广东省,16,11
C0351,N041,N027,110.098,364.35,local_gap_le_120km,妈湾,南海,广东省,广东省,16,5
C0352,N086,N091,110.327,364.35,local_gap_le_120km,泰安,淄博,山东省,山东省,1,1
C0353,N086,N152,110.327,364.35,local_gap_le_120km,泰安,齐鲁,山东省,山东省,1,1
C0354,N091,N086,110.327,364.35,local_gap_le_120km;nearest_3_le_350km,淄博,泰安,山东省,山东省,1,1
C0355,N091,N114,110.327,364.35,local_gap_le_120km,淄博,肥城,山东省,山东省,1,1
C0356,N114,N091,110.327,364.35,local_gap_le_120km,肥城,淄博,山东省,山东省,1,1
C0357,N114,N152,110.327,364.35,local_gap_le_120km,肥城,齐鲁,山东省,山东省,1,1
C0358,N152,N086,110.327,364.35,local_gap_le_120km;nearest_3_le_350km,齐鲁,泰安,山东省,山东省,1,1
C0359,N152,N114,110.327,364.35,local_gap_le_120km,齐鲁,肥城,山东省,山东省,1,1
C0360,N094,N112,110.384,364.35,local_gap_le_120km;nearest_3_le_350km,湘潭,耒阳,湖南省,湖南省,1,23
C0361,N112,N094,110.384,364.35,local_gap_le_120km;nearest_3_le_350km,耒阳,湘潭,湖南省,湖南省,23,1
C0362,N123,N094,110.384,364.35,local_gap_le_120km;nearest_3_le_350km;reverse_existing_direction,衡阳,湘潭,湖南省,湖南省,1,1
C0363,N011,N046,111.671,364.35,closest_component_bridge_le_800km;local_gap_le_120km;nearest_3_le_350km,亳州,宿州,安徽省,安徽省,12,1
C0364,N046,N011,111.671,364.35,closest_component_bridge_le_800km;local_gap_le_120km,宿州,亳州,安徽省,安徽省,1,12
C0365,N048,N088,111.832,364.35,local_gap_le_120km;nearest_3_le_350km;reverse_existing_direction,巩义,洛阳,河南省,河南省,1,1
C0366,N088,N133,111.832,364.35,local_gap_le_120km;nearest_3_le_350km,洛阳,郑州,河南省,河南省,1,1
C0367,N133,N088,111.832,364.35,local_gap_le_120km;nearest_3_le_350km,郑州,洛阳,河南省,河南省,1,1
C0368,N061,N098,112.323,364.35,local_gap_le_120km;nearest_3_le_350km,新乡,濮阳,河南省,河南省,1,1
C0369,N098,N061,112.323,364.35,local_gap_le_120km;nearest_3_le_350km,濮阳,新乡,河南省,河南省,1,1
C0370,N042,N071,112.718,364.35,local_gap_le_120km,娄底,株洲,湖南省,湖南省,1,1
C0371,N071,N042,112.718,364.35,local_gap_le_120km;nearest_3_le_350km,株洲,娄底,湖南省,湖南省,1,1
C0372,N135,N020,113.579,364.35,local_gap_le_120km;nearest_3_le_350km;reverse_existing_direction,鄂尔多斯,包头,内蒙古自治区,内蒙古自治区,9,9
C0373,N055,N113,114.102,364.35,local_gap_le_120km;nearest_3_le_350km,德州,聊城,山东省,山东省,1,1
C0374,N113,N055,114.102,364.35,local_gap_le_120km,聊城,德州,山东省,山东省,1,1
C0375,N022,N087,114.483,364.35,local_gap_le_120km;nearest_3_le_350km,南京(南京,泰州(泰州,江苏省,江苏省,7,8
C0376,N087,N022,114.483,364.35,local_gap_le_120km;nearest_3_le_350km,泰州(泰州,南京(南京,江苏省,江苏省,8,7
C0377,N087,N023,114.483,364.35,local_gap_le_120km;nearest_3_le_350km;reverse_existing_direction,泰州(泰州,南京(扬子,江苏省,江苏省,8,8
C0378,N044,N066,114.933,364.35,local_gap_le_120km,安宁,曲靖,云南省,云南省,2,2
C0379,N062,N066,114.933,364.35,local_gap_le_120km,昆东,曲靖,云南省,云南省,20,2
C0380,N063,N066,114.933,364.35,local_gap_le_120km,昆明,曲靖,云南省,云南省,2,2
C0381,N066,N044,114.933,364.35,local_gap_le_120km;nearest_3_le_350km,曲靖,安宁,云南省,云南省,2,2
C0382,N066,N047,114.933,364.35,local_gap_le_120km;nearest_3_le_350km;reverse_existing_direction,曲靖,寻甸,云南省,云南省,2,2
C0383,N066,N062,114.933,364.35,local_gap_le_120km;nearest_3_le_350km,曲靖,昆东,云南省,云南省,2,20
C0384,N066,N063,114.933,364.35,local_gap_le_120km,曲靖,昆明,云南省,云南省,2,2
C0385,N066,N108,114.933,364.35,local_gap_le_120km,曲靖,秋田冲,云南省,云南省,2,20
C0386,N066,N141,114.933,364.35,local_gap_le_120km;reverse_existing_direction,曲靖,长坡,云南省,云南省,2,2
C0387,N108,N066,114.933,364.35,local_gap_le_120km,秋田冲,曲靖,云南省,云南省,20,2
C0388,N098,N113,115.193,364.35,local_gap_le_120km;nearest_3_le_350km;reverse_existing_direction,濮阳,聊城,河南省,山东省,1,1
C0389,N125,N148,115.634,364.35,local_gap_le_120km;nearest_3_le_350km,许昌,驻马店,河南省,河南省,1,1
C0390,N148,N125,115.634,364.35,local_gap_le_120km;nearest_3_le_350km,驻马店,许昌,河南省,河南省,1,1
C0391,N145,N092,117.779,364.35,closest_component_bridge_le_800km;local_gap_le_120km;nearest_3_le_350km;reverse_existing_direction,阜阳,淮南,安徽省,安徽省,12,4
C0392,N131,N146,117.893,364.35,local_gap_le_120km,邢台,阳泉,河北省,山西省,1,1
C0393,N146,N131,117.893,364.35,local_gap_le_120km,阳泉,邢台,山西省,河北省,1,1
C0394,N026,N056,117.905,364.35,local_gap_le_120km,南沙,惠州,广东省,广东省,5,5
C0395,N056,N026,117.905,364.35,local_gap_le_120km;nearest_3_le_350km,惠州,南沙,广东省,广东省,5,5
C0396,N056,N115,117.905,364.35,local_gap_le_120km,惠州,花都,广东省,广东省,5,11
C0397,N056,N150,117.905,364.35,local_gap_le_120km;reverse_existing_direction,惠州,黄埔,广东省,广东省,5,5
C0398,N115,N056,117.905,364.35,local_gap_le_120km,花都,惠州,广东省,广东省,11,5
C0399,N071,N112,117.921,364.35,local_gap_le_120km,株洲,耒阳,湖南省,湖南省,1,23
C0400,N071,N123,117.921,364.35,local_gap_le_120km,株洲,衡阳,湖南省,湖南省,1,1
C0401,N112,N071,117.921,364.35,local_gap_le_120km,耒阳,株洲,湖南省,湖南省,23,1
C0402,N123,N071,117.921,364.35,local_gap_le_120km;nearest_3_le_350km,衡阳,株洲,湖南省,湖南省,1,1
C0403,N046,N092,118.179,364.35,local_gap_le_120km,宿州,淮南,安徽省,安徽省,1,4
C0404,N092,N046,118.179,364.35,local_gap_le_120km;nearest_3_le_350km,淮南,宿州,安徽省,安徽省,4,1
C0405,N116,N074,122.389,364.35,nearest_3_le_350km,苏州(苏州,桐庐,江苏省,浙江省,7,21
C0406,N029,N122,122.787,364.35,nearest_3_le_350km,合肥,蚌埠,安徽省,安徽省,4,4
C0407,N122,N029,122.787,364.35,nearest_3_le_350km,蚌埠,合肥,安徽省,安徽省,4,4
C0408,N012,N106,123.837,364.35,nearest_3_le_350km,保定,石家庄,河北省,河北省,1,1
C0409,N012,N149,123.837,364.35,nearest_3_le_350km,保定,高庄,河北省,河北省,1,1
C0410,N106,N012,123.837,364.35,nearest_3_le_350km,石家庄,保定,河北省,河北省,1,1
C0411,N149,N012,123.837,364.35,nearest_3_le_350km,高庄,保定,河北省,河北省,1,1
C0412,N013,N038,124.131,364.35,closest_component_bridge_le_800km;nearest_3_le_350km;reverse_existing_direction,保山,大理,云南省,云南省,25,2
C0413,N050,N124,124.2,364.35,closest_component_bridge_le_800km;nearest_3_le_350km,广水,襄阳,湖北省,湖北省,18,10
C0414,N051,N124,124.2,364.35,nearest_3_le_350km,广水武胜关镇,襄阳,湖北省,湖北省,18,10
C0415,N124,N050,124.2,364.35,closest_component_bridge_le_800km;nearest_3_le_350km,襄阳,广水,湖北省,湖北省,10,18
C0416,N124,N051,124.2,364.35,nearest_3_le_350km,襄阳,广水武胜关镇,湖北省,湖北省,10,18
C0417,N071,N076,126.45,364.35,closest_component_bridge_le_800km,株洲,樟树,湖南省,江西省,1,3
C0418,N076,N071,126.45,364.35,closest_component_bridge_le_800km;nearest_3_le_350km,樟树,株洲,江西省,湖南省,3,1
C0419,N012,N036,128.623,364.35,nearest_3_le_350km;reverse_existing_direction,保定,固安,河北省,河北省,1,1
C0420,N035,N043,129.492,364.35,closest_component_bridge_le_800km,嘉兴(陈山,宁海,浙江省,浙江省,7,3
C0421,N043,N035,129.492,364.35,closest_component_bridge_le_800km,宁海,嘉兴(陈山,浙江省,浙江省,3,7
C0422,N110,N035,129.492,364.35,nearest_3_le_350km,算山,嘉兴(陈山,浙江省,浙江省,3,7
C0423,N132,N113,130.474,364.35,nearest_3_le_350km,邯郸,聊城,河北省,山东省,1,1
C0424,N097,N147,130.679,364.35,nearest_3_le_350km;reverse_existing_direction,潍坊,青岛,山东省,山东省,1,1
C0425,N134,N112,132.578,364.35,nearest_3_le_350km;reverse_existing_direction,郴州,耒阳,湖南省,湖南省,23,23
C0426,N134,N123,132.578,364.35,nearest_3_le_350km,郴州,衡阳,湖南省,湖南省,23,1
C0427,N050,N119,133.832,364.35,nearest_3_le_350km,广水,荆门,湖北省,湖北省,18,10
C0428,N119,N050,133.832,364.35,nearest_3_le_350km,荆门,广水,湖北省,湖北省,10,18
C0429,N119,N051,133.832,364.35,nearest_3_le_350km,荆门,广水武胜关镇,湖北省,湖北省,10,18
C0430,N096,N048,134.403,364.35,nearest_3_le_350km,漯河,巩义,河南省,河南省,1,1
C0431,N096,N133,134.403,364.35,nearest_3_le_350km,漯河,郑州,河南省,河南省,1,1
C0432,N008,N043,134.905,364.35,nearest_3_le_350km;reverse_existing_direction,临海,宁海,浙江省,浙江省,3,3
C0433,N008,N110,134.905,364.35,nearest_3_le_350km,临海,算山,浙江省,浙江省,3,3
C0434,N145,N046,136.097,364.35,nearest_3_le_350km,阜阳,宿州,安徽省,安徽省,12,1
C0435,N070,N073,136.452,364.35,nearest_3_le_350km,柳库,桂林,广西壮族自治区,广西壮族自治区,2,2
C0436,N073,N069,136.452,364.35,nearest_3_le_350km;reverse_existing_direction,桂林,柳州,广西壮族自治区,广西壮族自治区,2,2
C0437,N073,N070,136.452,364.35,nearest_3_le_350km,桂林,柳库,广西壮族自治区,广西壮族自治区,2,2
C0438,N002,N118,137.829,364.35,closest_component_bridge_le_800km;nearest_3_le_350km,七里山,荆州,湖南省,湖北省,1,10
C0439,N083,N118,137.829,364.35,nearest_3_le_350km,汨罗,荆州,湖南省,湖北省,1,10
C0440,N118,N002,137.829,364.35,closest_component_bridge_le_800km;nearest_3_le_350km,荆州,七里山,湖北省,湖南省,10,1
C0441,N118,N083,137.829,364.35,nearest_3_le_350km,荆州,汨罗,湖北省,湖南省,10,1
C0442,N142,N118,137.829,364.35,nearest_3_le_350km,长岭,荆州,湖南省,湖北省,1,10
C0443,N121,N101,139.37,364.35,nearest_3_le_350km;reverse_existing_direction,蒙自,玉溪,云南省,云南省,2,2
C0444,N030,N128,140.186,364.35,nearest_3_le_350km,吉安长塘,赣州,江西省,江西省,3,3
C0445,N128,N030,140.186,364.35,nearest_3_le_350km,赣州,吉安长塘,江西省,江西省,3,3
C0446,N007,N053,140.418,364.35,nearest_3_le_350km,临沂,徐州,山东省,江苏省,1,1
C0447,N007,N054,140.418,364.35,nearest_3_le_350km,临沂,徐州(新沂,山东省,江苏省,1,8
C0448,N053,N007,140.418,364.35,nearest_3_le_350km,徐州,临沂,江苏省,山东省,1,1
C0449,N016,N089,141.845,364.35,reverse_existing_direction,兖州,济南,山东省,山东省,1,1
C0450,N002,N144,142.001,364.35,nearest_3_le_350km,七里山,长沙,湖南省,湖南省,1,1
C0451,N142,N144,142.001,364.35,nearest_3_le_350km,长岭,长沙,湖南省,湖南省,1,1
C0452,N144,N002,142.001,364.35,nearest_3_le_350km,长沙,七里山,湖南省,湖南省,1,1
C0453,N144,N083,142.001,364.35,reverse_existing_direction,长沙,汨罗,湖南省,湖南省,1,1
C0454,N054,N122,143.249,364.35,closest_component_bridge_le_800km,徐州(新沂,蚌埠,江苏省,安徽省,8,4
C0455,N122,N054,143.249,364.35,closest_component_bridge_le_800km,蚌埠,徐州(新沂,安徽省,江苏省,4,8
C0456,N029,N045,143.636,364.35,nearest_3_le_350km;reverse_existing_direction,合肥,安庆,安徽省,安徽省,4,4
C0457,N011,N053,143.771,364.35,nearest_3_le_350km,亳州,徐州,安徽省,江苏省,12,1
C0458,N011,N054,143.771,364.35,closest_component_bridge_le_800km,亳州,徐州(新沂,安徽省,江苏省,12,8
C0459,N054,N011,143.771,364.35,closest_component_bridge_le_800km,徐州(新沂,亳州,江苏省,安徽省,8,12
C0460,N017,N045,144.771,364.35,nearest_3_le_350km,六安,安庆,安徽省,安徽省,4,4
C0461,N045,N017,144.771,364.35,nearest_3_le_350km,安庆,六安,安徽省,安徽省,4,4
C0462,N076,N094,144.941,364.35,nearest_3_le_350km,樟树,湘潭,江西省,湖南省,3,1
C0463,N094,N076,144.941,364.35,nearest_3_le_350km,湘潭,樟树,湖南省,江西省,1,3
C0464,N145,N017,144.997,364.35,nearest_3_le_350km,阜阳,六安,安徽省,安徽省,12,4
C0465,N019,N085,146.978,364.35,nearest_3_le_350km;reverse_existing_direction,兴闽,泉港,福建省,福建省,6,6
C0466,N010,N045,147.978,364.35,closest_component_bridge_le_800km;nearest_3_le_350km,九江,安庆,江西省,安徽省,3,4
C0467,N045,N010,147.978,364.35,closest_component_bridge_le_800km;nearest_3_le_350km,安庆,九江,安徽省,江西省,4,3
C0468,N088,N125,148.181,364.35,nearest_3_le_350km,洛阳,许昌,河南省,河南省,1,1
C0469,N078,N050,150.256,364.35,nearest_3_le_350km,武汉,广水,湖北省,湖北省,1,18
C0470,N078,N051,150.256,364.35,nearest_3_le_350km,武汉,广水武胜关镇,湖北省,湖北省,1,18
C0471,N022,N029,150.543,364.35,closest_component_bridge_le_800km;nearest_3_le_350km,南京(南京,合肥,江苏省,安徽省,7,4
C0472,N023,N029,150.543,364.35,nearest_3_le_350km,南京(扬子,合肥,江苏省,安徽省,8,4
C0473,N029,N022,150.543,364.35,closest_component_bridge_le_800km;nearest_3_le_350km,合肥,南京(南京,安徽省,江苏省,4,7
C0474,N082,N113,150.719,364.35,nearest_3_le_350km,汤阴,聊城,河南省,山东省,1,1
C0475,N055,N086,152.169,364.35,nearest_3_le_350km,德州,泰安,山东省,山东省,1,1
C0476,N020,N032,153.099,364.35,nearest_3_le_350km;reverse_existing_direction,包头,呼和浩特,内蒙古自治区,内蒙古自治区,9,9
C0477,N067,N114,155.576,364.35,reverse_existing_direction,枣庄,肥城,山东省,山东省,1,1
C0478,N088,N061,156.489,364.35,nearest_3_le_350km,洛阳,新乡,河南省,河南省,1,1
C0479,N148,N050,158.488,364.35,nearest_3_le_350km,驻马店,广水,河南省,湖北省,1,18
C0480,N064,N106,159.862,364.35,nearest_3_le_350km,晋中,石家庄,山西省,河北省,1,1
C0481,N064,N149,159.862,364.35,nearest_3_le_350km,晋中,高庄,山西省,河北省,1,1
C0482,N078,N002,159.89,364.35,nearest_3_le_350km,武汉,七里山,湖北省,湖南省,1,1
C0483,N023,N122,163.083,364.35,nearest_3_le_350km,南京(扬子,蚌埠,江苏省,安徽省,8,4
C0484,N025,N076,170.932,364.35,nearest_3_le_350km,南昌,樟树,江西省,江西省,3,3
C0485,N040,N106,173.43,364.35,nearest_3_le_350km,太原,石家庄,山西省,河北省,1,1
C0486,N014,N078,173.95,364.35,reverse_existing_direction,信阳,武汉,河南省,湖北省,1,1
C0487,N130,N140,177.642,364.35,nearest_3_le_350km,辽阳,锦州,辽宁省,辽宁省,1,1
C0488,N140,N130,177.642,364.35,nearest_3_le_350km,锦州,辽阳,辽宁省,辽宁省,1,1
C0489,N116,N022,189.337,364.35,reverse_existing_direction,苏州(苏州,南京(南京,江苏省,江苏省,7,7
C0490,N010,N078,189.693,364.35,nearest_3_le_350km,九江,武汉,江西省,湖北省,3,1
C0491,N052,N068,190.682,364.35,nearest_3_le_350km,张掖,柳园,甘肃省,甘肃省,1,1
C0492,N052,N136,190.682,364.35,nearest_3_le_350km;reverse_existing_direction,张掖,酒泉,甘肃省,甘肃省,1,1
C0493,N068,N052,190.682,364.35,nearest_3_le_350km,柳园,张掖,甘肃省,甘肃省,1,1
C0494,N105,N022,191.861,364.35,nearest_3_le_350km,盐城(盐城,南京(南京,江苏省,江苏省,8,7
C0495,N105,N023,191.861,364.35,nearest_3_le_350km;reverse_existing_direction,盐城(盐城,南京(扬子,江苏省,江苏省,8,8
C0496,N128,N134,192.214,364.35,closest_component_bridge_le_800km;nearest_3_le_350km,赣州,郴州,江西省,湖南省,3,23
C0497,N134,N128,192.214,364.35,closest_component_bridge_le_800km;nearest_3_le_350km,郴州,赣州,湖南省,江西省,23,3
C0498,N089,N097,192.562,364.35,reverse_existing_direction,济南,潍坊,山东省,山东省,1,1
C0499,N153,N074,192.695,364.35,nearest_3_le_350km,龙游,桐庐,浙江省,浙江省,3,21
C0500,N153,N120,192.695,364.35,nearest_3_le_350km,龙游,萧山,浙江省,浙江省,3,22
C0501,N006,N138,196.225,364.35,nearest_3_le_350km,东海岛,钦州,广东省,广西壮族自治区,2,2
C0502,N095,N138,196.225,364.35,nearest_3_le_350km,湛江,钦州,广东省,广西壮族自治区,27,2
C0503,N138,N006,196.225,364.35,nearest_3_le_350km,钦州,东海岛,广西壮族自治区,广东省,2,2
C0504,N138,N095,196.225,364.35,nearest_3_le_350km,钦州,湛江,广西壮族自治区,广东省,2,27
C0505,N058,N129,197.262,364.35,nearest_3_le_350km,抚顺,辽河,辽宁省,辽宁省,1,1
C0506,N129,N058,197.262,364.35,nearest_3_le_350km,辽河,抚顺,辽宁省,辽宁省,1,1
C0507,N030,N025,197.463,364.35,nearest_3_le_350km;reverse_existing_direction,吉安长塘,南昌,江西省,江西省,3,3
C0508,N030,N071,198.853,364.35,nearest_3_le_350km,吉安长塘,株洲,江西省,湖南省,3,1
C0509,N024,N070,199.664,364.35,nearest_3_le_350km,南宁,柳库,广西壮族自治区,广西壮族自治区,2,2
C0510,N069,N024,199.664,364.35,nearest_3_le_350km;reverse_existing_direction,柳州,南宁,广西壮族自治区,广西壮族自治区,2,2
C0511,N069,N151,199.664,364.35,nearest_3_le_350km,柳州,黎塘,广西壮族自治区,广西壮族自治区,2,2
C0512,N070,N024,199.664,364.35,nearest_3_le_350km,柳库,南宁,广西壮族自治区,广西壮族自治区,2,2
C0513,N151,N069,199.664,364.35,nearest_3_le_350km,黎塘,柳州,广西壮族自治区,广西壮族自治区,2,2
C0514,N005,N075,200.117,364.35,closest_component_bridge_le_800km;nearest_3_le_350km,东孚,梅州,福建省,广东省,6,26
C0515,N075,N005,200.117,364.35,closest_component_bridge_le_800km;nearest_3_le_350km,梅州,东孚,广东省,福建省,26,6
C0516,N075,N107,200.117,364.35,nearest_3_le_350km,梅州,石湖山,广东省,福建省,26,6
C0517,N107,N075,200.117,364.35,nearest_3_le_350km,石湖山,梅州,福建省,广东省,6,26
C0518,N121,N044,201.162,364.35,nearest_3_le_350km,蒙自,安宁,云南省,云南省,2,2
C0519,N121,N047,201.162,364.35,nearest_3_le_350km,蒙自,寻甸,云南省,云南省,2,2
C0520,N119,N002,201.636,364.35,nearest_3_le_350km,荆门,七里山,湖北省,湖南省,10,1
C0521,N004,N025,205.182,364.35,nearest_3_le_350km,上饶,南昌,江西省,江西省,24,3
C0522,N025,N004,205.182,364.35,nearest_3_le_350km,南昌,上饶,江西省,江西省,3,24
C0523,N099,N153,207.973,364.35,nearest_3_le_350km,灵昆,龙游,浙江省,浙江省,3,3
C0524,N104,N153,207.973,364.35,nearest_3_le_350km,瑞安,龙游,浙江省,浙江省,3,3
C0525,N075,N128,209.156,364.35,closest_component_bridge_le_800km;nearest_3_le_350km,梅州,赣州,广东省,江西省,26,3
C0526,N128,N075,209.156,364.35,closest_component_bridge_le_800km;nearest_3_le_350km,赣州,梅州,江西省,广东省,3,26
C0527,N147,N007,212.163,364.35,nearest_3_le_350km,青岛,临沂,山东省,山东省,1,1
C0528,N019,N005,215.216,364.35,nearest_3_le_350km,兴闽,东孚,福建省,福建省,6,6
C0529,N019,N107,215.216,364.35,nearest_3_le_350km,兴闽,石湖山,福建省,福建省,6,6
C0530,N032,N135,215.949,364.35,nearest_3_le_350km,呼和浩特,鄂尔多斯,内蒙古自治区,内蒙古自治区,9,9
C0531,N135,N032,215.949,364.35,nearest_3_le_350km,鄂尔多斯,呼和浩特,内蒙古自治区,内蒙古自治区,9,9
C0532,N020,N049,216.848,364.35,closest_component_bridge_le_800km;nearest_3_le_350km,包头,巴彦淖尔,内蒙古自治区,内蒙古自治区,9,17
C0533,N049,N020,216.848,364.35,closest_component_bridge_le_800km;nearest_3_le_350km,巴彦淖尔,包头,内蒙古自治区,内蒙古自治区,17,9
C0534,N075,N056,217.379,364.35,closest_component_bridge_le_800km;reverse_existing_direction,梅州,惠州,广东省,广东省,26,5
C0535,N077,N052,220.444,364.35,nearest_3_le_350km;reverse_existing_direction,武威,张掖,甘肃省,甘肃省,1,1
C0536,N147,N091,224.17,364.35,nearest_3_le_350km,青岛,淄博,山东省,山东省,1,1
C0537,N147,N152,224.17,364.35,nearest_3_le_350km,青岛,齐鲁,山东省,山东省,1,1
C0538,N133,N132,224.758,364.35,reverse_existing_direction,郑州,邯郸,河南省,河北省,1,1
C0539,N099,N043,225.15,364.35,nearest_3_le_350km,灵昆,宁海,浙江省,浙江省,3,3
C0540,N128,N076,226.532,364.35,reverse_existing_direction,赣州,樟树,江西省,江西省,3,3
C0541,N045,N092,228.394,364.35,nearest_3_le_350km,安庆,淮南,安徽省,安徽省,4,4
C0542,N018,N077,233.147,364.35,nearest_3_le_350km;reverse_existing_direction,兰州,武威,甘肃省,甘肃省,1,1
C0543,N004,N010,234.964,364.35,nearest_3_le_350km,上饶,九江,江西省,江西省,24,3
C0544,N010,N004,234.964,364.35,nearest_3_le_350km,九江,上饶,江西省,江西省,3,24
C0545,N117,N138,237.067,364.35,nearest_3_le_350km,茂名,钦州,广东省,广西壮族自治区,2,2
C0546,N049,N135,239.483,364.35,nearest_3_le_350km,巴彦淖尔,鄂尔多斯,内蒙古自治区,内蒙古自治区,17,9
C0547,N135,N049,239.483,364.35,nearest_3_le_350km,鄂尔多斯,巴彦淖尔,内蒙古自治区,内蒙古自治区,9,17
C0548,N023,N074,242.283,364.35,closest_component_bridge_le_800km,南京(扬子,桐庐,江苏省,浙江省,8,21
C0549,N023,N120,242.283,364.35,closest_component_bridge_le_800km,南京(扬子,萧山,江苏省,浙江省,8,22
C0550,N074,N023,242.283,364.35,closest_component_bridge_le_800km,桐庐,南京(扬子,浙江省,江苏省,21,8
C0551,N120,N023,242.283,364.35,closest_component_bridge_le_800km,萧山,南京(扬子,浙江省,江苏省,22,8
C0552,N058,N143,242.301,364.35,closest_component_bridge_le_800km;nearest_3_le_350km,抚顺,长春,辽宁省,吉林省,1,15
C0553,N143,N058,242.301,364.35,closest_component_bridge_le_800km;nearest_3_le_350km,长春,抚顺,吉林省,辽宁省,15,1
C0554,N081,N117,243.941,364.35,reverse_existing_direction,江门,茂名,广东省,广东省,2,2
C0555,N004,N045,244.48,364.35,closest_component_bridge_le_800km,上饶,安庆,江西省,安徽省,24,4
C0556,N045,N004,244.48,364.35,closest_component_bridge_le_800km,安庆,上饶,安徽省,江西省,4,24
C0557,N022,N046,245.82,364.35,closest_component_bridge_le_800km,南京(南京,宿州,江苏省,安徽省,7,1
C0558,N046,N022,245.82,364.35,closest_component_bridge_le_800km,宿州,南京(南京,安徽省,江苏省,1,7
C0559,N058,N140,251.37,364.35,nearest_3_le_350km,抚顺,锦州,辽宁省,辽宁省,1,1
C0560,N140,N058,251.37,364.35,nearest_3_le_350km,锦州,抚顺,辽宁省,辽宁省,1,1
C0561,N019,N099,255.23,364.35,closest_component_bridge_le_800km,兴闽,灵昆,福建省,浙江省,6,3
C0562,N099,N019,255.23,364.35,closest_component_bridge_le_800km,灵昆,兴闽,浙江省,福建省,3,6
C0563,N038,N044,256.116,364.35,nearest_3_le_350km;reverse_existing_direction,大理,安宁,云南省,云南省,2,2
C0564,N038,N047,256.116,364.35,nearest_3_le_350km,大理,寻甸,云南省,云南省,2,2
C0565,N038,N062,256.116,364.35,nearest_3_le_350km,大理,昆东,云南省,云南省,2,20
C0566,N038,N141,256.116,364.35,reverse_existing_direction,大理,长坡,云南省,云南省,2,2
C0567,N001,N015,258.564,364.35,nearest_3_le_350km,703,克拉玛依,新疆维吾尔自治区,新疆维吾尔自治区,1,1
C0568,N001,N100,258.564,364.35,nearest_3_le_350km;reverse_existing_direction,703,独山子,新疆维吾尔自治区,新疆维吾尔自治区,1,1
C0569,N015,N001,258.564,364.35,nearest_3_le_350km,克拉玛依,703,新疆维吾尔自治区,新疆维吾尔自治区,1,1
C0570,N132,N012,262.531,364.35,reverse_existing_direction,邯郸,保定,河北省,河北省,1,1
C0571,N050,N145,264.693,364.35,closest_component_bridge_le_800km,广水,阜阳,湖北省,安徽省,18,12
C0572,N145,N050,264.693,364.35,closest_component_bridge_le_800km,阜阳,广水,安徽省,湖北省,12,18
C0573,N085,N075,266.869,364.35,nearest_3_le_350km,泉港,梅州,福建省,广东省,6,26
C0574,N049,N139,269.569,364.35,nearest_3_le_350km;reverse_existing_direction,巴彦淖尔,银川,内蒙古自治区,宁夏回族自治区,17,17
C0575,N024,N006,270.921,364.35,nearest_3_le_350km;reverse_existing_direction,南宁,东海岛,广西壮族自治区,广东省,2,2
C0576,N095,N024,270.921,364.35,nearest_3_le_350km,湛江,南宁,广东省,广西壮族自治区,27,2
C0577,N057,N080,271.774,364.35,nearest_3_le_350km,成都,江津,四川省,重庆市,1,1
C0578,N080,N057,271.774,364.35,nearest_3_le_350km,江津,成都,重庆市,四川省,1,1
C0579,N080,N109,271.774,364.35,nearest_3_le_350km,江津,简阳,重庆市,四川省,1,2
C0580,N109,N080,271.774,364.35,nearest_3_le_350km,简阳,江津,四川省,重庆市,2,1
C0581,N109,N137,271.774,364.35,nearest_3_le_350km,简阳,重庆,四川省,重庆市,2,1
C0582,N137,N057,271.774,364.35,nearest_3_le_350km;reverse_existing_direction,重庆,成都,重庆市,四川省,1,1
C0583,N137,N109,271.774,364.35,nearest_3_le_350km,重庆,简阳,重庆市,四川省,1,2
C0584,N069,N138,272.474,364.35,nearest_3_le_350km,柳州,钦州,广西壮族自治区,广西壮族自治区,2,2
C0585,N054,N023,276.911,364.35,reverse_existing_direction,徐州(新沂,南京(扬子,江苏省,江苏省,8,8
C0586,N073,N134,279.096,364.35,closest_component_bridge_le_800km;nearest_3_le_350km,桂林,郴州,广西壮族自治区,湖南省,2,23
C0587,N134,N073,279.096,364.35,closest_component_bridge_le_800km,郴州,桂林,湖南省,广西壮族自治区,23,2
C0588,N068,N072,279.329,364.35,closest_component_bridge_le_800km;nearest_3_le_350km,柳园,格尔木,甘肃省,青海省,1,19
C0589,N072,N068,279.329,364.35,closest_component_bridge_le_800km;nearest_3_le_350km,格尔木,柳园,青海省,甘肃省,19,1
C0590,N072,N136,279.329,364.35,nearest_3_le_350km,格尔木,酒泉,青海省,甘肃省,19,1
C0591,N136,N072,279.329,364.35,nearest_3_le_350km,酒泉,格尔木,甘肃省,青海省,1,19
C0592,N153,N110,285.527,364.35,reverse_existing_direction,龙游,算山,浙江省,浙江省,3,3
C0593,N039,N075,286.029,364.35,closest_component_bridge_le_800km,大鹏湾,梅州,广东省,广东省,16,26
C0594,N075,N039,286.029,364.35,closest_component_bridge_le_800km,梅州,大鹏湾,广东省,广东省,26,16
C0595,N009,N015,290.721,364.35,nearest_3_le_350km,乌鲁木齐,克拉玛依,新疆维吾尔自治区,新疆维吾尔自治区,1,1
C0596,N015,N009,290.721,364.35,nearest_3_le_350km,克拉玛依,乌鲁木齐,新疆维吾尔自治区,新疆维吾尔自治区,1,1
C0597,N100,N009,290.721,364.35,nearest_3_le_350km,独山子,乌鲁木齐,新疆维吾尔自治区,新疆维吾尔自治区,1,1
C0598,N102,N015,290.721,364.35,nearest_3_le_350km;reverse_existing_direction,王家沟,克拉玛依,新疆维吾尔自治区,新疆维吾尔自治区,1,1
C0599,N102,N100,290.721,364.35,reverse_existing_direction,王家沟,独山子,新疆维吾尔自治区,新疆维吾尔自治区,1,1
C0600,N144,N078,294.489,364.35,reverse_existing_direction,长沙,武汉,湖南省,湖北省,1,1
C0601,N026,N134,294.615,364.35,closest_component_bridge_le_800km,南沙,郴州,广东省,湖南省,5,23
C0602,N115,N134,294.615,364.35,closest_component_bridge_le_800km,花都,郴州,广东省,湖南省,11,23
C0603,N134,N026,294.615,364.35,closest_component_bridge_le_800km,郴州,南沙,湖南省,广东省,23,5
C0604,N134,N115,294.615,364.35,closest_component_bridge_le_800km,郴州,花都,湖南省,广东省,23,11
C0605,N022,N145,294.674,364.35,closest_component_bridge_le_800km,南京(南京,阜阳,江苏省,安徽省,7,12
C0606,N145,N022,294.674,364.35,closest_component_bridge_le_800km,阜阳,南京(南京,安徽省,江苏省,12,7
C0607,N017,N050,296.399,364.35,closest_component_bridge_le_800km,六安,广水,安徽省,湖北省,4,18
C0608,N050,N017,296.399,364.35,closest_component_bridge_le_800km,广水,六安,湖北省,安徽省,18,4
C0609,N004,N074,296.521,364.35,closest_component_bridge_le_800km,上饶,桐庐,江西省,浙江省,24,21
C0610,N004,N120,296.521,364.35,closest_component_bridge_le_800km,上饶,萧山,江西省,浙江省,24,22
C0611,N074,N004,296.521,364.35,closest_component_bridge_le_800km,桐庐,上饶,浙江省,江西省,21,24
C0612,N120,N004,296.521,364.35,closest_component_bridge_le_800km,萧山,上饶,浙江省,江西省,22,24
C0613,N004,N019,296.637,364.35,closest_component_bridge_le_800km,上饶,兴闽,江西省,福建省,24,6
C0614,N019,N004,296.637,364.35,closest_component_bridge_le_800km,兴闽,上饶,福建省,江西省,6,24
C0615,N045,N074,298.752,364.35,closest_component_bridge_le_800km,安庆,桐庐,安徽省,浙江省,4,21
C0616,N045,N120,298.752,364.35,closest_component_bridge_le_800km,安庆,萧山,安徽省,浙江省,4,22
C0617,N074,N045,298.752,364.35,closest_component_bridge_le_800km,桐庐,安庆,浙江省,安徽省,21,4
C0618,N120,N045,298.752,364.35,closest_component_bridge_le_800km,萧山,安庆,浙江省,安徽省,22,4
C0619,N031,N058,303.792,364.35,nearest_3_le_350km,吉林,抚顺,吉林省,辽宁省,15,1
C0620,N056,N128,306.901,364.35,closest_component_bridge_le_800km,惠州,赣州,广东省,江西省,5,3
C0621,N128,N056,306.901,364.35,closest_component_bridge_le_800km,赣州,惠州,江西省,广东省,3,5
C0622,N040,N135,307.942,364.35,closest_component_bridge_le_800km,太原,鄂尔多斯,山西省,内蒙古自治区,1,9
C0623,N135,N040,307.942,364.35,closest_component_bridge_le_800km,鄂尔多斯,太原,内蒙古自治区,山西省,9,1
C0624,N080,N127,315.151,364.35,nearest_3_le_350km,江津,贵阳,重庆市,贵州省,1,2
C0625,N127,N080,315.151,364.35,nearest_3_le_350km,贵阳,江津,贵州省,重庆市,2,1
C0626,N127,N137,315.151,364.35,nearest_3_le_350km,贵阳,重庆,贵州省,重庆市,2,1
C0627,N075,N115,318.188,364.35,closest_component_bridge_le_800km,梅州,花都,广东省,广东省,26,11
C0628,N115,N075,318.188,364.35,closest_component_bridge_le_800km,花都,梅州,广东省,广东省,11,26
C0629,N052,N072,319.548,364.35,nearest_3_le_350km,张掖,格尔木,甘肃省,青海省,1,19
C0630,N072,N052,319.548,364.35,nearest_3_le_350km,格尔木,张掖,青海省,甘肃省,19,1
C0631,N077,N139,320.092,364.35,closest_component_bridge_le_800km;nearest_3_le_350km,武威,银川,甘肃省,宁夏回族自治区,1,17
C0632,N139,N077,320.092,364.35,closest_component_bridge_le_800km;nearest_3_le_350km,银川,武威,宁夏回族自治区,甘肃省,17,1
C0633,N066,N127,320.914,364.35,reverse_existing_direction,曲靖,贵阳,云南省,贵州省,2,2
C0634,N139,N135,330.605,364.35,nearest_3_le_350km,银川,鄂尔多斯,宁夏回族自治区,内蒙古自治区,17,9
C0635,N130,N143,330.814,364.35,nearest_3_le_350km,辽阳,长春,辽宁省,吉林省,1,15
C0636,N143,N130,330.814,364.35,nearest_3_le_350km,长春,辽阳,吉林省,辽宁省,15,1
C0637,N043,N087,331.031,364.35,closest_component_bridge_le_800km,宁海,泰州(泰州,浙江省,江苏省,3,8
C0638,N087,N043,331.031,364.35,closest_component_bridge_le_800km,泰州(泰州,宁海,江苏省,浙江省,8,3
C0639,N069,N117,333.236,364.35,reverse_existing_direction,柳州,茂名,广西壮族自治区,广东省,2,2
C0640,N010,N050,334.094,364.35,closest_component_bridge_le_800km,九江,广水,江西省,湖北省,3,18
C0641,N050,N010,334.094,364.35,closest_component_bridge_le_800km,广水,九江,湖北省,江西省,18,3
C0642,N032,N040,337.384,364.35,nearest_3_le_350km,呼和浩特,太原,内蒙古自治区,山西省,9,1
C0643,N033,N088,340.688,364.35,nearest_3_le_350km,咸阳,洛阳,陕西省,河南省,1,1
C0644,N004,N093,340.711,364.35,closest_component_bridge_le_800km,上饶,湖州(湖州,江西省,浙江省,24,7
C0645,N093,N004,340.711,364.35,closest_component_bridge_le_800km,湖州(湖州,上饶,浙江省,江西省,7,24
C0646,N003,N095,342.77,364.35,closest_component_bridge_le_800km,三水,湛江,广东省,广东省,11,27
C0647,N027,N095,342.77,364.35,closest_component_bridge_le_800km,南海,湛江,广东省,广东省,5,27
C0648,N095,N003,342.77,364.35,closest_component_bridge_le_800km,湛江,三水,广东省,广东省,27,11
C0649,N095,N027,342.77,364.35,closest_component_bridge_le_800km,湛江,南海,广东省,广东省,27,5
C0650,N021,N075,343.134,364.35,closest_component_bridge_le_800km,北沙,梅州,广东省,广东省,13,26
C0651,N075,N021,343.134,364.35,closest_component_bridge_le_800km,梅州,北沙,广东省,广东省,26,13
C0652,N018,N139,343.157,364.35,nearest_3_le_350km,兰州,银川,甘肃省,宁夏回族自治区,1,17
C0653,N139,N018,343.157,364.35,nearest_3_le_350km,银川,兰州,宁夏回族自治区,甘肃省,17,1
C0654,N115,N128,344.663,364.35,closest_component_bridge_le_800km,花都,赣州,广东省,江西省,11,3
C0655,N128,N115,344.663,364.35,closest_component_bridge_le_800km,赣州,花都,江西省,广东省,3,11
C0656,N021,N095,348.127,364.35,closest_component_bridge_le_800km,北沙,湛江,广东省,广东省,13,27
C0657,N095,N021,348.127,364.35,closest_component_bridge_le_800km,湛江,北沙,广东省,广东省,27,13
C0658,N076,N118,351.197,364.35,closest_component_bridge_le_800km,樟树,荆州,江西省,湖北省,3,10
C0659,N118,N076,351.197,364.35,closest_component_bridge_le_800km,荆州,樟树,湖北省,江西省,10,3
C0660,N076,N004,352.939,364.35,reverse_existing_direction,樟树,上饶,江西省,江西省,3,24
C0661,N075,N134,353.667,364.35,closest_component_bridge_le_800km,梅州,郴州,广东省,湖南省,26,23
C0662,N134,N075,353.667,364.35,closest_component_bridge_le_800km,郴州,梅州,湖南省,广东省,23,26
C0663,N010,N145,359.833,364.35,closest_component_bridge_le_800km,九江,阜阳,江西省,安徽省,3,12
C0664,N145,N010,359.833,364.35,closest_component_bridge_le_800km,阜阳,九江,安徽省,江西省,12,3
C0665,N124,N145,359.965,364.35,closest_component_bridge_le_800km,襄阳,阜阳,湖北省,安徽省,10,12
C0666,N145,N124,359.965,364.35,closest_component_bridge_le_800km,阜阳,襄阳,安徽省,湖北省,12,10
C0667,N013,N062,361.306,364.35,closest_component_bridge_le_800km,保山,昆东,云南省,云南省,25,20
C0668,N062,N013,361.306,364.35,closest_component_bridge_le_800km,昆东,保山,云南省,云南省,20,25
C0669,N075,N081,363.924,364.35,closest_component_bridge_le_800km,梅州,江门,广东省,广东省,26,2
C0670,N081,N075,363.924,364.35,closest_component_bridge_le_800km,江门,梅州,广东省,广东省,2,26
C0671,N039,N134,373.997,364.35,closest_component_bridge_le_800km,大鹏湾,郴州,广东省,湖南省,16,23
C0672,N134,N039,373.997,364.35,closest_component_bridge_le_800km,郴州,大鹏湾,湖南省,广东省,23,16
C0673,N039,N128,376.06,364.35,closest_component_bridge_le_800km,大鹏湾,赣州,广东省,江西省,16,3
C0674,N128,N039,376.06,364.35,closest_component_bridge_le_800km,赣州,大鹏湾,江西省,广东省,3,16
C0675,N127,N069,383.14,364.35,reverse_existing_direction,贵阳,柳州,贵州省,广西壮族自治区,2,2
C0676,N112,N118,384.148,364.35,closest_component_bridge_le_800km,耒阳,荆州,湖南省,湖北省,23,10
C0677,N118,N112,384.148,364.35,closest_component_bridge_le_800km,荆州,耒阳,湖北省,湖南省,10,23
C0678,N021,N134,393.206,364.35,closest_component_bridge_le_800km,北沙,郴州,广东省,湖南省,13,23
C0679,N134,N021,393.206,364.35,closest_component_bridge_le_800km,郴州,北沙,湖南省,广东省,23,13
C0680,N005,N056,403.124,364.35,closest_component_bridge_le_800km,东孚,惠州,福建省,广东省,6,5
C0681,N056,N005,403.124,364.35,closest_component_bridge_le_800km,惠州,东孚,广东省,福建省,5,6
C0682,N039,N095,404.889,364.35,closest_component_bridge_le_800km,大鹏湾,湛江,广东省,广东省,16,27
C0683,N095,N039,404.889,364.35,closest_component_bridge_le_800km,湛江,大鹏湾,广东省,广东省,27,16
C0684,N081,N128,407.671,364.35,closest_component_bridge_le_800km,江门,赣州,广东省,江西省,2,3
C0685,N128,N081,407.671,364.35,closest_component_bridge_le_800km,赣州,江门,江西省,广东省,3,2
C0686,N004,N023,408.907,364.35,closest_component_bridge_le_800km,上饶,南京(扬子,江西省,江苏省,24,8
C0687,N023,N004,408.907,364.35,closest_component_bridge_le_800km,南京(扬子,上饶,江苏省,江西省,8,24
C0688,N036,N140,414.536,364.35,reverse_existing_direction,固安,锦州,河北省,辽宁省,1,1
C0689,N017,N124,415.992,364.35,closest_component_bridge_le_800km,六安,襄阳,安徽省,湖北省,4,10
C0690,N124,N017,415.992,364.35,closest_component_bridge_le_800km,襄阳,六安,湖北省,安徽省,10,4
C0691,N021,N128,419.078,364.35,closest_component_bridge_le_800km,北沙,赣州,广东省,江西省,13,3
C0692,N128,N021,419.078,364.35,closest_component_bridge_le_800km,赣州,北沙,江西省,广东省,3,13
C0693,N026,N123,424.294,364.35,closest_component_bridge_le_800km,南沙,衡阳,广东省,湖南省,5,1
C0694,N115,N123,424.294,364.35,closest_component_bridge_le_800km,花都,衡阳,广东省,湖南省,11,1
C0695,N123,N026,424.294,364.35,closest_component_bridge_le_800km,衡阳,南沙,湖南省,广东省,1,5
C0696,N123,N115,424.294,364.35,closest_component_bridge_le_800km,衡阳,花都,湖南省,广东省,1,11
C0697,N004,N078,424.655,364.35,closest_component_bridge_le_800km,上饶,武汉,江西省,湖北省,24,1
C0698,N078,N004,424.655,364.35,closest_component_bridge_le_800km,武汉,上饶,湖北省,江西省,1,24
C0699,N133,N033,452.489,364.35,reverse_existing_direction,郑州,咸阳,河南省,陕西省,1,1
C0700,N076,N153,453.132,364.35,reverse_existing_direction,樟树,龙游,江西省,浙江省,3,3
C0701,N050,N054,458.61,364.35,closest_component_bridge_le_800km,广水,徐州(新沂,湖北省,江苏省,18,8
C0702,N054,N050,458.61,364.35,closest_component_bridge_le_800km,徐州(新沂,广水,江苏省,湖北省,8,18
C0703,N075,N123,458.97,364.35,closest_component_bridge_le_800km,梅州,衡阳,广东省,湖南省,26,1
C0704,N123,N075,458.97,364.35,closest_component_bridge_le_800km,衡阳,梅州,湖南省,广东省,1,26
C0705,N019,N111,459.612,364.35,closest_component_bridge_le_800km,兴闽,绍兴,福建省,浙江省,6,22
C0706,N019,N126,459.612,364.35,closest_component_bridge_le_800km,兴闽,诸暨,福建省,浙江省,6,21
C0707,N111,N019,459.612,364.35,closest_component_bridge_le_800km,绍兴,兴闽,浙江省,福建省,22,6
C0708,N126,N019,459.612,364.35,closest_component_bridge_le_800km,诸暨,兴闽,浙江省,福建省,21,6
C0709,N005,N039,463.372,364.35,closest_component_bridge_le_800km,东孚,大鹏湾,福建省,广东省,6,16
C0710,N039,N005,463.372,364.35,closest_component_bridge_le_800km,大鹏湾,东孚,广东省,福建省,16,6
C0711,N078,N133,465.891,364.35,reverse_existing_direction,武汉,郑州,湖北省,河南省,1,1
C0712,N033,N018,482.784,364.35,reverse_existing_direction,咸阳,兰州,陕西省,甘肃省,1,1
C0713,N046,N074,486.43,364.35,closest_component_bridge_le_800km,宿州,桐庐,安徽省,浙江省,1,21
C0714,N046,N120,486.43,364.35,closest_component_bridge_le_800km,宿州,萧山,安徽省,浙江省,1,22
C0715,N074,N046,486.43,364.35,closest_component_bridge_le_800km,桐庐,宿州,浙江省,安徽省,21,1
C0716,N120,N046,486.43,364.35,closest_component_bridge_le_800km,萧山,宿州,浙江省,安徽省,22,1
C0717,N034,N009,490.079,364.35,reverse_existing_direction,哈密,乌鲁木齐,新疆维吾尔自治区,新疆维吾尔自治区,1,1
C0718,N004,N075,497.654,364.35,closest_component_bridge_le_800km,上饶,梅州,江西省,广东省,24,26
C0719,N075,N004,497.654,364.35,closest_component_bridge_le_800km,梅州,上饶,广东省,江西省,26,24
C0720,N039,N123,506.466,364.35,closest_component_bridge_le_800km,大鹏湾,衡阳,广东省,湖南省,16,1
C0721,N123,N039,506.466,364.35,closest_component_bridge_le_800km,衡阳,大鹏湾,湖南省,广东省,1,16
C0722,N028,N032,506.973,364.35,closest_component_bridge_le_800km,南疆(天津,呼和浩特,天津市,内蒙古自治区,14,9
C0723,N032,N028,506.973,364.35,closest_component_bridge_le_800km,呼和浩特,南疆(天津,内蒙古自治区,天津市,9,14
C0724,N074,N145,509.767,364.35,closest_component_bridge_le_800km,桐庐,阜阳,浙江省,安徽省,21,12
C0725,N120,N145,509.767,364.35,closest_component_bridge_le_800km,萧山,阜阳,浙江省,安徽省,22,12
C0726,N145,N074,509.767,364.35,closest_component_bridge_le_800km,阜阳,桐庐,安徽省,浙江省,12,21
C0727,N145,N120,509.767,364.35,closest_component_bridge_le_800km,阜阳,萧山,安徽省,浙江省,12,22
C0728,N109,N127,510.498,364.35,reverse_existing_direction,简阳,贵阳,四川省,贵州省,2,2
C0729,N022,N050,512.825,364.35,closest_component_bridge_le_800km,南京(南京,广水,江苏省,湖北省,7,18
C0730,N050,N022,512.825,364.35,closest_component_bridge_le_800km,广水,南京(南京,湖北省,江苏省,18,7
C0731,N005,N115,513.019,364.35,closest_component_bridge_le_800km,东孚,花都,福建省,广东省,6,11
C0732,N115,N005,513.019,364.35,closest_component_bridge_le_800km,花都,东孚,广东省,福建省,11,6
C0733,N005,N021,521.406,364.35,closest_component_bridge_le_800km,东孚,北沙,福建省,广东省,6,13
C0734,N021,N005,521.406,364.35,closest_component_bridge_le_800km,北沙,东孚,广东省,福建省,13,6
C0735,N021,N123,523.991,364.35,closest_component_bridge_le_800km,北沙,衡阳,广东省,湖南省,13,1
C0736,N123,N021,523.991,364.35,closest_component_bridge_le_800km,衡阳,北沙,湖南省,广东省,1,13
C0737,N005,N134,530.302,364.35,closest_component_bridge_le_800km,东孚,郴州,福建省,湖南省,6,23
C0738,N134,N005,530.302,364.35,closest_component_bridge_le_800km,郴州,东孚,湖南省,福建省,23,6
C0739,N004,N145,533.524,364.35,closest_component_bridge_le_800km,上饶,阜阳,江西省,安徽省,24,12
C0740,N145,N004,533.524,364.35,closest_component_bridge_le_800km,阜阳,上饶,安徽省,江西省,12,24
C0741,N019,N035,538.594,364.35,closest_component_bridge_le_800km,兴闽,嘉兴(陈山,福建省,浙江省,6,7
C0742,N035,N019,538.594,364.35,closest_component_bridge_le_800km,嘉兴(陈山,兴闽,浙江省,福建省,7,6
C0743,N054,N124,538.743,364.35,closest_component_bridge_le_800km,徐州(新沂,襄阳,江苏省,湖北省,8,10
C0744,N124,N054,538.743,364.35,closest_component_bridge_le_800km,襄阳,徐州(新沂,湖北省,江苏省,10,8
C0745,N050,N112,538.914,364.35,closest_component_bridge_le_800km,广水,耒阳,湖北省,湖南省,18,23
C0746,N112,N050,538.914,364.35,closest_component_bridge_le_800km,耒阳,广水,湖南省,湖北省,23,18
C0747,N068,N034,539.185,364.35,reverse_existing_direction,柳园,哈密,甘肃省,新疆维吾尔自治区,1,1
C0748,N019,N045,539.77,364.35,closest_component_bridge_le_800km,兴闽,安庆,福建省,安徽省,6,4
C0749,N045,N019,539.77,364.35,closest_component_bridge_le_800km,安庆,兴闽,安徽省,福建省,4,6
C0750,N028,N054,548.275,364.35,closest_component_bridge_le_800km,南疆(天津,徐州(新沂,天津市,江苏省,14,8
C0751,N054,N028,548.275,364.35,closest_component_bridge_le_800km,徐州(新沂,南疆(天津,江苏省,天津市,8,14
C0752,N005,N081,552.373,364.35,closest_component_bridge_le_800km,东孚,江门,福建省,广东省,6,2
C0753,N081,N005,552.373,364.35,closest_component_bridge_le_800km,江门,东孚,广东省,福建省,2,6
C0754,N004,N112,556.653,364.35,closest_component_bridge_le_800km,上饶,耒阳,江西省,湖南省,24,23
C0755,N112,N004,556.653,364.35,closest_component_bridge_le_800km,耒阳,上饶,湖南省,江西省,23,24
C0756,N004,N050,567.328,364.35,closest_component_bridge_le_800km,上饶,广水,江西省,湖北省,24,18
C0757,N050,N004,567.328,364.35,closest_component_bridge_le_800km,广水,上饶,湖北省,江西省,18,24
C0758,N095,N134,568.614,364.35,closest_component_bridge_le_800km,湛江,郴州,广东省,湖南省,27,23
C0759,N134,N095,568.614,364.35,closest_component_bridge_le_800km,郴州,湛江,湖南省,广东省,23,27
C0760,N004,N118,590.683,364.35,closest_component_bridge_le_800km,上饶,荆州,江西省,湖北省,24,10
C0761,N118,N004,590.683,364.35,closest_component_bridge_le_800km,荆州,上饶,湖北省,江西省,10,24
C0762,N073,N118,594.742,364.35,closest_component_bridge_le_800km,桂林,荆州,广西壮族自治区,湖北省,2,10
C0763,N118,N073,594.742,364.35,closest_component_bridge_le_800km,荆州,桂林,湖北省,广西壮族自治区,10,2
C0764,N057,N018,597.291,364.35,reverse_existing_direction,成都,兰州,四川省,甘肃省,1,1
C0765,N045,N112,599.653,364.35,closest_component_bridge_le_800km,安庆,耒阳,安徽省,湖南省,4,23
C0766,N112,N045,599.653,364.35,closest_component_bridge_le_800km,耒阳,安庆,湖南省,安徽省,23,4
C0767,N011,N028,602.642,364.35,closest_component_bridge_le_800km,亳州,南疆(天津,安徽省,天津市,12,14
C0768,N028,N011,602.642,364.35,closest_component_bridge_le_800km,南疆(天津,亳州,天津市,安徽省,14,12
C0769,N005,N123,614.337,364.35,closest_component_bridge_le_800km,东孚,衡阳,福建省,湖南省,6,1
C0770,N123,N005,614.337,364.35,closest_component_bridge_le_800km,衡阳,东孚,湖南省,福建省,1,6
C0771,N141,N024,623.795,364.35,reverse_existing_direction,长坡,南宁,云南省,广西壮族自治区,2,2
C0772,N062,N080,624.353,364.35,closest_component_bridge_le_800km,昆东,江津,云南省,重庆市,20,1
C0773,N080,N062,624.353,364.35,closest_component_bridge_le_800km,江津,昆东,重庆市,云南省,1,20
C0774,N022,N124,629.05,364.35,closest_component_bridge_le_800km,南京(南京,襄阳,江苏省,湖北省,7,10
C0775,N124,N022,629.05,364.35,closest_component_bridge_le_800km,襄阳,南京(南京,湖北省,江苏省,10,7
C0776,N095,N123,664.631,364.35,closest_component_bridge_le_800km,湛江,衡阳,广东省,湖南省,27,1
C0777,N123,N095,664.631,364.35,closest_component_bridge_le_800km,衡阳,湛江,湖南省,广东省,1,27
C0778,N019,N023,667.187,364.35,closest_component_bridge_le_800km,兴闽,南京(扬子,福建省,江苏省,6,8
C0779,N023,N019,667.187,364.35,closest_component_bridge_le_800km,南京(扬子,兴闽,江苏省,福建省,8,6
C0780,N050,N074,670.393,364.35,closest_component_bridge_le_800km,广水,桐庐,湖北省,浙江省,18,21
C0781,N050,N120,670.393,364.35,closest_component_bridge_le_800km,广水,萧山,湖北省,浙江省,18,22
C0782,N074,N050,670.393,364.35,closest_component_bridge_le_800km,桐庐,广水,浙江省,湖北省,21,18
C0783,N120,N050,670.393,364.35,closest_component_bridge_le_800km,萧山,广水,浙江省,湖北省,22,18
C0784,N075,N095,677.344,364.35,closest_component_bridge_le_800km,梅州,湛江,广东省,广东省,26,27
C0785,N095,N075,677.344,364.35,closest_component_bridge_le_800km,湛江,梅州,广东省,广东省,27,26
C0786,N095,N128,687.782,364.35,closest_component_bridge_le_800km,湛江,赣州,广东省,江西省,27,3
C0787,N128,N095,687.782,364.35,closest_component_bridge_le_800km,赣州,湛江,江西省,广东省,3,27
C0788,N004,N056,691.109,364.35,closest_component_bridge_le_800km,上饶,惠州,江西省,广东省,24,5
C0789,N056,N004,691.109,364.35,closest_component_bridge_le_800km,惠州,上饶,广东省,江西省,5,24
C0790,N028,N122,691.275,364.35,closest_component_bridge_le_800km,南疆(天津,蚌埠,天津市,安徽省,14,4
C0791,N122,N028,691.275,364.35,closest_component_bridge_le_800km,蚌埠,南疆(天津,安徽省,天津市,4,14
C0792,N045,N075,701.14,364.35,closest_component_bridge_le_800km,安庆,梅州,安徽省,广东省,4,26
C0793,N075,N045,701.14,364.35,closest_component_bridge_le_800km,梅州,安庆,广东省,安徽省,26,4
C0794,N112,N145,736.178,364.35,closest_component_bridge_le_800km,耒阳,阜阳,湖南省,安徽省,23,12
C0795,N145,N112,736.178,364.35,closest_component_bridge_le_800km,阜阳,耒阳,安徽省,湖南省,12,23
C0796,N004,N115,754.914,364.35,closest_component_bridge_le_800km,上饶,花都,江西省,广东省,24,11
C0797,N115,N004,754.914,364.35,closest_component_bridge_le_800km,花都,上饶,广东省,江西省,11,24
C0798,N004,N039,763.969,364.35,closest_component_bridge_le_800km,上饶,大鹏湾,江西省,广东省,24,16
C0799,N039,N004,763.969,364.35,closest_component_bridge_le_800km,大鹏湾,上饶,广东省,江西省,16,24
C0800,N074,N118,765.109,364.35,closest_component_bridge_le_800km,桐庐,荆州,浙江省,湖北省,21,10
C0801,N118,N074,765.109,364.35,closest_component_bridge_le_800km,荆州,桐庐,湖北省,浙江省,10,21
C0802,N118,N120,765.109,364.35,closest_component_bridge_le_800km,荆州,萧山,湖北省,浙江省,10,22
C0803,N120,N118,765.109,364.35,closest_component_bridge_le_800km,萧山,荆州,浙江省,湖北省,22,10
C0804,N075,N118,774.037,364.35,closest_component_bridge_le_800km,梅州,荆州,广东省,湖北省,26,10
C0805,N118,N075,774.037,364.35,closest_component_bridge_le_800km,荆州,梅州,湖北省,广东省,10,26
C0806,N050,N073,774.624,364.35,closest_component_bridge_le_800km,广水,桂林,湖北省,广西壮族自治区,18,2
C0807,N073,N050,774.624,364.35,closest_component_bridge_le_800km,桂林,广水,广西壮族自治区,湖北省,2,18
C0808,N074,N075,775.913,364.35,closest_component_bridge_le_800km,桐庐,梅州,浙江省,广东省,21,26
C0809,N075,N074,775.913,364.35,closest_component_bridge_le_800km,梅州,桐庐,广东省,浙江省,26,21
C0810,N075,N120,775.913,364.35,closest_component_bridge_le_800km,梅州,萧山,广东省,浙江省,26,22
C0811,N120,N075,775.913,364.35,closest_component_bridge_le_800km,萧山,梅州,浙江省,广东省,22,26
C0812,N013,N057,784.235,364.35,closest_component_bridge_le_800km,保山,成都,云南省,四川省,25,1
C0813,N057,N013,784.235,364.35,closest_component_bridge_le_800km,成都,保山,四川省,云南省,1,25
C0814,N072,N139,786.614,364.35,closest_component_bridge_le_800km,格尔木,银川,青海省,宁夏回族自治区,19,17
C0815,N139,N072,786.614,364.35,closest_component_bridge_le_800km,银川,格尔木,宁夏回族自治区,青海省,17,19
C0816,N022,N028,798.565,364.35,closest_component_bridge_le_800km,南京(南京,南疆(天津,江苏省,天津市,7,14
C0817,N028,N022,798.565,364.35,closest_component_bridge_le_800km,南疆(天津,南京(南京,天津市,江苏省,14,7
C0818,N059,N072,1032.421,364.35,reverse_existing_direction,拉萨,格尔木,西藏自治区,青海省,19,19
