scenario,year,plan,region,demand_10kt,local_direct_10kt,pipeline_served_10kt,served_demand_10kt,unserved_demand_10kt,demand_satisfaction_pct,baseline_demand_satisfaction_pct,optimized_2060_demand_10kt,optimized_2060_served_demand_10kt,optimized_2060_demand_satisfaction_pct,connector_gain_2060_pp
S1,2025,baseline,东北,124.7982753893138,33.350946202085005,0.0,33.350946202085005,91.4473291872288,26.72388388224536,26.72388388224536,124.7982753893138,124.7982753893138,100.0,73.27611611775464
S1,2030,baseline,东北,124.7982753893138,56.40703474338251,0.0,56.40703474338251,68.39124064593129,45.19856910475585,45.19856910475585,124.7982753893138,124.7982753893138,100.0,54.80143089524415
S1,2035,baseline,东北,124.7982753893138,87.40835173230776,0.0,87.40835173230776,37.38992365700604,70.03971125372807,70.03971125372807,124.7982753893138,124.7982753893138,100.0,29.960288746271928
S1,2040,baseline,东北,124.7982753893138,124.4857558949723,0.0,124.4857558949723,0.312519494341501,99.74958027795931,99.74958027795931,124.7982753893138,124.7982753893138,100.0,0.2504197220406894
S1,2045,baseline,东北,124.7982753893138,124.7982753893138,0.0,124.7982753893138,0.0,100.0,100.0,124.7982753893138,124.7982753893138,100.0,0.0
S1,2050,baseline,东北,124.7982753893138,124.7982753893138,0.0,124.7982753893138,0.0,100.0,100.0,124.7982753893138,124.7982753893138,100.0,0.0
S1,2055,baseline,东北,124.7982753893138,124.7982753893138,0.0,124.7982753893138,0.0,100.0,100.0,124.7982753893138,124.7982753893138,100.0,0.0
S1,2060,baseline,东北,124.7982753893138,124.7982753893138,0.0,124.7982753893138,0.0,100.0,100.0,124.7982753893138,124.7982753893138,100.0,0.0
S1,2025,baseline,华东,1045.4850940309939,54.42784511482538,0.0,54.42784511482538,991.0572489161686,5.2059895856546605,5.2059895856546605,1045.4850940309939,481.1968071837886,46.026175784914955,40.82018619926029
S1,2030,baseline,华东,1045.4850940309939,94.15041530982218,0.0,94.15041530982218,951.3346787211718,9.005428757172798,9.005428757172798,1045.4850940309939,481.1968071837886,46.026175784914955,37.02074702774216
S1,2035,baseline,华东,1045.4850940309939,146.17896832309916,58.4312,204.61016832309915,840.8749257078949,19.57083553761632,19.57083553761632,1045.4850940309939,481.1968071837886,46.026175784914955,26.455340247298636
S1,2040,baseline,华东,1045.4850940309939,201.45716706348625,170.3381,371.7952670634863,673.6898269675077,35.56198641053645,35.56198641053645,1045.4850940309939,481.1968071837886,46.026175784914955,10.464189374378506
S1,2045,baseline,华东,1045.4850940309939,244.6444668524174,202.5655,447.20992877212376,598.2751652588703,42.77535197061987,42.77535197061987,1045.4850940309939,481.1968071837886,46.026175784914955,3.2508238142950816
S1,2050,baseline,华东,1045.4850940309939,265.8430908093124,214.8331,480.67616884277385,564.8089251882201,45.97637705091221,45.97637705091221,1045.4850940309939,481.1968071837886,46.026175784914955,0.04979873400274215
S1,2055,baseline,华东,1045.4850940309939,280.7122174287177,200.2817,480.9939174287177,564.4911766022763,46.00676950583653,46.00676950583653,1045.4850940309939,481.1968071837886,46.026175784914955,0.019406279078424404
S1,2060,baseline,华东,1045.4850940309939,289.35231492233885,191.84449999999998,481.1968071837886,564.2882868472054,46.026175784914955,46.026175784914955,1045.4850940309939,481.1968071837886,46.026175784914955,0.0
S1,2025,baseline,华中,0.0,0.0,0.0,0.0,0.0,,,0.0,0.0,,
S1,2030,baseline,华中,0.0,0.0,0.0,0.0,0.0,,,0.0,0.0,,
S1,2035,baseline,华中,0.0,0.0,0.0,0.0,0.0,,,0.0,0.0,,
S1,2040,baseline,华中,0.0,0.0,0.0,0.0,0.0,,,0.0,0.0,,
S1,2045,baseline,华中,0.0,0.0,0.0,0.0,0.0,,,0.0,0.0,,
S1,2050,baseline,华中,0.0,0.0,0.0,0.0,0.0,,,0.0,0.0,,
S1,2055,baseline,华中,0.0,0.0,0.0,0.0,0.0,,,0.0,0.0,,
S1,2060,baseline,华中,0.0,0.0,0.0,0.0,0.0,,,0.0,0.0,,
S1,2025,baseline,华北,347.7819275171848,116.17256713549513,26.5452,142.71776713549514,205.06416038168965,41.0365679879795,41.0365679879795,347.7819275171848,347.78190865017086,99.99999457504475,58.96342658706525
S1,2030,baseline,华北,347.7819275171848,202.29022243590376,44.7083,246.99852243590377,100.783405081281,71.02109192367362,71.02109192367362,347.7819275171848,347.78190865017086,99.99999457504475,28.97890265137113
S1,2035,baseline,华北,347.7819275171848,255.82302124262554,0.0,255.82302124262554,91.95890627455924,73.55845747044596,73.55845747044596,347.7819275171848,347.78190865017086,99.99999457504475,26.441537104598794
S1,2040,baseline,华北,347.7819275171848,258.5776154622376,0.0,258.5776154622376,89.20431205494718,74.35050386551804,74.35050386551804,347.7819275171848,347.78190865017086,99.99999457504475,25.649490709526717
S1,2045,baseline,华北,347.7819275171848,260.56465698161213,0.0,260.56465698161213,87.21727053557264,74.92185083962909,74.92185083962909,347.7819275171848,347.78190865017086,99.99999457504475,25.078143735415665
S1,2050,baseline,华北,347.7819275171848,261.3287504945518,0.0,261.3287504945518,86.45317702263297,75.14155561796375,75.14155561796375,347.7819275171848,347.78190865017086,99.99999457504475,24.858438957081006
S1,2055,baseline,华北,347.7819275171848,261.80387209884043,0.0,261.80387209884043,85.97805541834435,75.27817042359224,75.27817042359224,347.7819275171848,347.78190865017086,99.99999457504475,24.72182415145251
S1,2060,baseline,华北,347.7819275171848,261.99460865017085,0.0,261.99460865017085,85.78731886701391,75.3330141449702,75.3330141449702,347.7819275171848,347.78190865017086,99.99999457504475,24.666980430074545
S1,2025,baseline,华南,461.9347030625076,28.8817680455069,0.0,28.8817680455069,433.0529350170007,6.252348622874239,6.252348622874239,461.9347030625076,435.46912730290495,94.27071064716664,88.0183620242924
S1,2030,baseline,华南,461.9347030625076,49.827349387052216,0.0,49.827349387052216,412.1073536754554,10.786665097190095,10.786665097190095,461.9347030625076,435.46912730290495,94.27071064716664,83.48404554997654
S1,2035,baseline,华南,461.9347030625076,77.34490893136291,0.0,77.34490893136291,384.5897941311447,16.743688754836164,16.743688754836164,461.9347030625076,435.46912730290495,94.27071064716664,77.52702189233048
S1,2040,baseline,华南,461.9347030625076,107.00973306928226,0.0,107.00973306928226,354.9249699932253,23.1655539970986,23.1655539970986,461.9347030625076,435.46912730290495,94.27071064716664,71.10515665006804
S1,2045,baseline,华南,461.9347030625076,126.93151303976522,0.0,126.93151303976522,335.0031900227424,27.478237118415684,27.478237118415684,461.9347030625076,435.46912730290495,94.27071064716664,66.79247352875095
S1,2050,baseline,华南,461.9347030625076,130.86131651724887,0.0,130.86131651724887,331.0733865452587,28.328964169540022,28.328964169540022,461.9347030625076,435.46912730290495,94.27071064716664,65.94174647762662
S1,2055,baseline,华南,461.9347030625076,133.6300781933144,0.0,133.6300781933144,328.30462486919316,28.928347947747064,28.928347947747064,461.9347030625076,435.46912730290495,94.27071064716664,65.34236269941957
S1,2060,baseline,华南,461.9347030625076,135.25622730290496,0.0,135.25622730290496,326.67847575960263,29.280378028797394,29.280378028797394,461.9347030625076,435.46912730290495,94.27071064716664,64.99033261836925
S1,2025,baseline,西北,0.0,0.0,0.0,0.0,0.0,,,0.0,0.0,,
S1,2030,baseline,西北,0.0,0.0,0.0,0.0,0.0,,,0.0,0.0,,
S1,2035,baseline,西北,0.0,0.0,0.0,0.0,0.0,,,0.0,0.0,,
S1,2040,baseline,西北,0.0,0.0,0.0,0.0,0.0,,,0.0,0.0,,
S1,2045,baseline,西北,0.0,0.0,0.0,0.0,0.0,,,0.0,0.0,,
S1,2050,baseline,西北,0.0,0.0,0.0,0.0,0.0,,,0.0,0.0,,
S1,2055,baseline,西北,0.0,0.0,0.0,0.0,0.0,,,0.0,0.0,,
S1,2060,baseline,西北,0.0,0.0,0.0,0.0,0.0,,,0.0,0.0,,
S1,2025,baseline,西南,0.0,0.0,0.0,0.0,0.0,,,0.0,0.0,,
S1,2030,baseline,西南,0.0,0.0,0.0,0.0,0.0,,,0.0,0.0,,
S1,2035,baseline,西南,0.0,0.0,0.0,0.0,0.0,,,0.0,0.0,,
S1,2040,baseline,西南,0.0,0.0,0.0,0.0,0.0,,,0.0,0.0,,
S1,2045,baseline,西南,0.0,0.0,0.0,0.0,0.0,,,0.0,0.0,,
S1,2050,baseline,西南,0.0,0.0,0.0,0.0,0.0,,,0.0,0.0,,
S1,2055,baseline,西南,0.0,0.0,0.0,0.0,0.0,,,0.0,0.0,,
S1,2060,baseline,西南,0.0,0.0,0.0,0.0,0.0,,,0.0,0.0,,
S2,2025,baseline,东北,17.558841541789153,17.558841541789153,0.0,17.558841541789153,0.0,100.0,100.0,17.558841541789153,17.558841541789153,100.0,0.0
S2,2030,baseline,东北,17.558841541789153,17.558841541789153,0.0,17.558841541789153,0.0,100.0,100.0,17.558841541789153,17.558841541789153,100.0,0.0
S2,2035,baseline,东北,17.558841541789153,17.558841541789153,0.0,17.558841541789153,0.0,100.0,100.0,17.558841541789153,17.558841541789153,100.0,0.0
S2,2040,baseline,东北,17.558841541789153,17.558841541789153,0.0,17.558841541789153,0.0,100.0,100.0,17.558841541789153,17.558841541789153,100.0,0.0
S2,2045,baseline,东北,17.558841541789153,17.558841541789153,0.0,17.558841541789153,0.0,100.0,100.0,17.558841541789153,17.558841541789153,100.0,0.0
S2,2050,baseline,东北,17.558841541789153,17.558841541789153,0.0,17.558841541789153,0.0,100.0,100.0,17.558841541789153,17.558841541789153,100.0,0.0
S2,2055,baseline,东北,17.558841541789153,17.558841541789153,0.0,17.558841541789153,0.0,100.0,100.0,17.558841541789153,17.558841541789153,100.0,0.0
S2,2060,baseline,东北,17.558841541789153,17.558841541789153,0.0,17.558841541789153,0.0,100.0,100.0,17.558841541789153,17.558841541789153,100.0,0.0
S2,2025,baseline,华东,1151.541496079269,69.00476692835025,0.0,69.00476692835025,1082.5367291509187,5.992382138489618,5.992382138489618,1151.541496079269,634.289703787639,55.08179305281207,49.08941091432245
S2,2030,baseline,华东,1151.541496079269,119.66328605017542,50.8718,170.5350860501754,981.0064100290938,14.809287084382778,14.809287084382778,1151.541496079269,634.289703787639,55.08179305281207,40.272505968429286
S2,2035,baseline,华东,1151.541496079269,185.8298648278401,190.12679999999997,375.95666482784014,775.584831251429,32.64812133196113,32.64812133196113,1151.541496079269,634.289703787639,55.08179305281207,22.43367172085094
S2,2040,baseline,华东,1151.541496079269,224.8070489507063,225.6101,450.4171489507063,701.1243471285628,39.11427859823306,39.11427859823306,1151.541496079269,634.289703787639,55.08179305281207,15.96751445457901
S2,2045,baseline,华东,1151.541496079269,246.80846550092392,264.8973,511.7057465375965,639.8357495416725,44.43658767659138,44.43658767659138,1151.541496079269,634.289703787639,55.08179305281207,10.645205376220687
S2,2050,baseline,华东,1151.541496079269,257.6810075086572,295.5562,553.2371818731397,598.3043142061294,48.04318244342766,48.04318244342766,1151.541496079269,634.289703787639,55.08179305281207,7.038610609384406
S2,2055,baseline,华东,1151.541496079269,265.3282614719771,323.02819999999997,588.356461471977,563.185034607292,51.09294484612094,51.09294484612094,1151.541496079269,634.289703787639,55.08179305281207,3.9888482066911237
S2,2060,baseline,华东,1151.541496079269,269.80142243920716,364.4883,634.289703787639,517.25179229163,55.08179305281207,55.08179305281207,1151.541496079269,634.289703787639,55.08179305281207,0.0
S2,2025,baseline,华中,677.6883295030846,59.18755320876968,229.5891,288.7766532087697,388.9116762943148,42.61201508671624,42.61201508671624,677.6883295030846,677.6883295030846,100.0,57.38798491328376
S2,2030,baseline,华中,677.6883295030846,101.66601957253206,539.4633,641.129319572532,36.55900993055252,94.60533576587345,94.60533576587345,677.6883295030846,677.6883295030846,100.0,5.394664234126552
S2,2035,baseline,华中,677.6883295030846,157.75284161717494,519.9354,677.688241617175,8.788590960762122e-05,99.99998703151498,99.99998703151498,677.6883295030846,677.6883295030846,100.0,1.2968485023634457e-05
S2,2040,baseline,华中,677.6883295030846,219.65696087366098,458.0314,677.6882962481221,3.325496248862692e-05,99.99999509288253,99.99999509288253,677.6883295030846,677.6883295030846,100.0,4.907117471475431e-06
S2,2045,baseline,华中,677.6883295030846,268.51287155966077,409.1754,677.6882615569424,6.794614211003136e-05,99.99998997383616,99.99998997383616,677.6883295030846,677.6883295030846,100.0,1.002616383516397e-05
S2,2050,baseline,华中,677.6883295030846,293.12364991214906,384.5647,677.6882981535748,3.134950975436368e-05,99.99999537405199,99.99999537405199,677.6883295030846,677.6883295030846,100.0,4.625948008651903e-06
S2,2055,baseline,华中,677.6883295030846,310.5674447657548,367.1209,677.688309399908,2.0103176495922526e-05,99.99999703356607,99.99999703356607,677.6883295030846,677.6883295030846,100.0,2.9664339251667116e-06
S2,2060,baseline,华中,677.6883295030846,320.9580177633168,356.73040000000003,677.6883295030846,0.0,100.0,100.0,677.6883295030846,677.6883295030846,100.0,0.0
S2,2025,baseline,华北,375.87721799667526,147.41140231332685,52.5955,200.00690231332683,175.8703156833484,53.21070092497491,53.21070092497491,375.87721799667526,347.2299363638737,92.3785533516812,39.1678524267063
S2,2030,baseline,华北,375.87721799667526,179.63911755980843,48.6031,228.2422175598084,147.63500043686685,60.722546254938834,60.722546254938834,375.87721799667526,347.2299363638737,92.3785533516812,31.65600709674237
S2,2035,baseline,华北,375.87721799667526,183.10381952676425,79.6044,262.70821952676425,113.168998469911,69.89203041539164,69.89203041539164,375.87721799667526,347.2299363638737,92.3785533516812,22.48652293628956
S2,2040,baseline,华北,375.87721799667526,186.02502376465435,116.6818,302.70682376465436,73.17039423202093,80.53343200154576,80.53343200154576,375.87721799667526,347.2299363638737,92.3785533516812,11.845121350135443
S2,2045,baseline,华北,375.87721799667526,188.14573302771527,146.5294,334.6751330277153,41.20208496895998,89.03841919748261,89.03841919748261,375.87721799667526,347.2299363638737,92.3785533516812,3.3401341541985943
S2,2050,baseline,华北,375.87721799667526,188.97991769110502,157.5842,346.56407820825467,29.313139788420585,92.2014055694432,92.2014055694432,375.87721799667526,347.2299363638737,92.3785533516812,0.1771477822380092
S2,2055,baseline,华北,375.87721799667526,189.50549254581944,157.5337,347.03919254581945,28.838025450855824,92.327807041737,92.327807041737,375.87721799667526,347.2299363638737,92.3785533516812,0.05074630994420204
S2,2060,baseline,华北,375.87721799667526,189.72735616025017,157.5026,347.2299363638737,28.64728163280153,92.3785533516812,92.3785533516812,375.87721799667526,347.2299363638737,92.3785533516812,0.0
S2,2025,baseline,华南,536.2690924811086,25.89045069638286,2.9913,28.88175069638286,507.3873417847258,5.385682505541803,5.385682505541803,536.2690924811086,481.5649431286553,89.79912321641389,84.41344071087208
S2,2030,baseline,华南,536.2690924811086,44.50201285851917,5.3253,49.82731285851917,486.4417796225895,9.291475782799186,9.291475782799186,536.2690924811086,481.5649431286553,89.79912321641389,80.50764743361471
S2,2035,baseline,华南,536.2690924811086,69.05677678374576,8.2881,77.34487678374576,458.9242156973629,14.422773541898728,14.422773541898728,536.2690924811086,481.5649431286553,89.79912321641389,75.37634967451515
S2,2040,baseline,华南,536.2690924811086,96.06020611333722,10.9495,107.00970611333722,429.2593863677714,19.954479498015615,19.954479498015615,536.2690924811086,481.5649431286553,89.79912321641389,69.84464371839827
S2,2045,baseline,华南,536.2690924811086,117.35174323583628,12.9254,130.27714323583626,405.9919492452724,24.2932410355955,24.2932410355955,536.2690924811086,481.5649431286553,89.79912321641389,65.50588218081839
S2,2050,baseline,华南,536.2690924811086,128.05173869612466,13.7629,141.81463869612466,394.454453784984,26.444678741413842,26.444678741413842,536.2690924811086,481.5649431286553,89.79912321641389,63.35444447500005
S2,2055,baseline,华南,536.2690924811086,135.62861421626997,14.3122,149.94081421626998,386.3282782648387,27.959995516905913,27.959995516905913,536.2690924811086,481.5649431286553,89.79912321641389,61.839127699507976
S2,2060,baseline,华南,536.2690924811086,140.13194312865522,14.5779,154.70984312865522,381.55924935245343,28.849293255532015,28.849293255532015,536.2690924811086,481.5649431286553,89.79912321641389,60.94982996088187
S2,2025,baseline,西北,85.33857904658572,39.56713131735002,45.7714,85.33853131735002,4.7729235703286577e-05,99.99994407074007,99.99994407074007,85.33857904658572,85.33857904658572,100.0,5.592925992914388e-05
S2,2030,baseline,西北,85.33857904658572,68.37000646235305,16.9686,85.33857904658572,0.0,100.0,100.0,85.33857904658572,85.33857904658572,100.0,0.0
S2,2035,baseline,西北,85.33857904658572,85.33857904658572,0.0,85.33857904658572,0.0,100.0,100.0,85.33857904658572,85.33857904658572,100.0,0.0
S2,2040,baseline,西北,85.33857904658572,85.33857904658572,0.0,85.33857904658572,0.0,100.0,100.0,85.33857904658572,85.33857904658572,100.0,0.0
S2,2045,baseline,西北,85.33857904658572,85.33857904658572,0.0,85.33857904658572,0.0,100.0,100.0,85.33857904658572,85.33857904658572,100.0,0.0
S2,2050,baseline,西北,85.33857904658572,85.33857904658572,0.0,85.33857904658572,0.0,100.0,100.0,85.33857904658572,85.33857904658572,100.0,0.0
S2,2055,baseline,西北,85.33857904658572,85.33857904658572,0.0,85.33857904658572,0.0,100.0,100.0,85.33857904658572,85.33857904658572,100.0,0.0
S2,2060,baseline,西北,85.33857904658572,85.33857904658572,0.0,85.33857904658572,0.0,100.0,100.0,85.33857904658572,85.33857904658572,100.0,0.0
S2,2025,baseline,西南,355.726443351488,75.13797313992757,40.2435,115.38144979360582,240.3449935578822,32.43544356909085,32.43544356909085,355.726443351488,286.8250161422916,80.63078286785783,48.19533929876698
S2,2030,baseline,西南,355.726443351488,136.33857025983406,35.8899,172.22844500983967,183.4979983416483,48.4159803772764,48.4159803772764,355.726443351488,286.8250161422916,80.63078286785783,32.214802490581434
S2,2035,baseline,西南,355.726443351488,211.98844048597985,30.3163,242.30474048597983,113.42170286550815,68.11547047306858,68.11547047306858,355.726443351488,286.8250161422916,80.63078286785783,12.515312394789248
S2,2040,baseline,西南,355.726443351488,252.87182266107374,25.059,277.93082247735805,77.79562087412995,78.13049259392244,78.13049259392244,355.726443351488,286.8250161422916,80.63078286785783,2.5002902739353914
S2,2045,baseline,西南,355.726443351488,263.1146203455889,21.0928,284.2074203455889,71.51902300589913,79.89493771335064,79.89493771335064,355.726443351488,286.8250161422916,80.63078286785783,0.7358451545071887
S2,2050,baseline,西南,355.726443351488,266.6543738334922,19.3268,285.98117383349216,69.74526951799584,80.39356623002536,80.39356623002536,355.726443351488,286.8250161422916,80.63078286785783,0.23721663783247493
S2,2055,baseline,西南,355.726443351488,268.70878011915374,18.1401,286.84888011915376,68.87756323233424,80.63749138708889,80.63749138708889,355.726443351488,286.8250161422916,80.63078286785783,-0.006708519231054311
S2,2060,baseline,西南,355.726443351488,269.3014161422916,17.5236,286.8250161422916,68.90142720919641,80.63078286785783,80.63078286785783,355.726443351488,286.8250161422916,80.63078286785783,0.0
S3,2025,baseline,东北,86.35103429088183,33.350946202085005,0.0,33.350946202085005,53.00008808879682,38.62252082556314,38.62252082556314,86.35103429088183,86.35103429088183,100.0,61.37747917443686
S3,2030,baseline,东北,86.35103429088183,56.40703474338251,0.0,56.40703474338251,29.943999547499317,65.3229404912163,65.3229404912163,86.35103429088183,86.35103429088183,100.0,34.6770595087837
S3,2035,baseline,东北,86.35103429088183,86.35103429088183,0.0,86.35103429088183,0.0,100.0,100.0,86.35103429088183,86.35103429088183,100.0,0.0
S3,2040,baseline,东北,86.35103429088183,86.35103429088183,0.0,86.35103429088183,0.0,100.0,100.0,86.35103429088183,86.35103429088183,100.0,0.0
S3,2045,baseline,东北,86.35103429088183,86.35103429088183,0.0,86.35103429088183,0.0,100.0,100.0,86.35103429088183,86.35103429088183,100.0,0.0
S3,2050,baseline,东北,86.35103429088183,86.35103429088183,0.0,86.35103429088183,0.0,100.0,100.0,86.35103429088183,86.35103429088183,100.0,0.0
S3,2055,baseline,东北,86.35103429088183,86.35103429088183,0.0,86.35103429088183,0.0,100.0,100.0,86.35103429088183,86.35103429088183,100.0,0.0
S3,2060,baseline,东北,86.35103429088183,86.35103429088183,0.0,86.35103429088183,0.0,100.0,100.0,86.35103429088183,86.35103429088183,100.0,0.0
S3,2025,baseline,华东,165.94979940426026,48.17450871154384,7.8021,55.97660871154383,109.97319069271643,33.73104933690375,33.73104933690375,165.94979940426026,114.88721402661068,69.23010117459731,35.49905183769356
S3,2030,baseline,华东,165.94979940426026,48.72920720241542,16.2625,64.99170720241541,100.95809220184485,39.163474397515266,39.163474397515266,165.94979940426026,114.88721402661068,69.23010117459731,30.066626777082043
S3,2035,baseline,华东,165.94979940426026,49.48777920884394,27.5499,77.03767920884394,88.91212019541632,46.422279198528656,46.422279198528656,165.94979940426026,114.88721402661068,69.23010117459731,22.807821976068652
S3,2040,baseline,华东,165.94979940426026,50.45895667937819,40.6044,91.06335667937819,74.88644272488207,54.87403841781349,54.87403841781349,165.94979940426026,114.88721402661068,69.23010117459731,14.356062756783821
S3,2045,baseline,华东,165.94979940426026,51.252835303186515,51.0293,102.28213530318652,63.66766410107374,61.634383211288615,61.634383211288615,165.94979940426026,114.88721402661068,69.23010117459731,7.595717963308694
S3,2050,baseline,华东,165.94979940426026,51.68747192737169,56.4354,108.12287192737169,57.82692747688857,65.15396361762397,65.15396361762397,165.94979940426026,114.88721402661068,69.23010117459731,4.076137556973336
S3,2055,baseline,华东,165.94979940426026,52.00528002817774,60.3106,112.31588002817773,53.63391937608253,67.68063621129895,67.68063621129895,165.94979940426026,114.88721402661068,69.23010117459731,1.5494649632983624
S3,2060,baseline,华东,165.94979940426026,52.20811402661068,62.6791,114.88721402661068,51.06258537764958,69.23010117459731,69.23010117459731,165.94979940426026,114.88721402661068,69.23010117459731,0.0
S3,2025,baseline,华中,65.31043632619779,56.71159797492277,3.924,60.63559797492277,4.674838351275021,92.84212659684863,92.84212659684863,65.31043632619779,65.31043632619779,100.0,7.15787340315137
S3,2030,baseline,华中,65.31043632619779,65.31043632619779,0.0,65.31043632619779,0.0,100.0,100.0,65.31043632619779,65.31043632619779,100.0,0.0
S3,2035,baseline,华中,65.31043632619779,65.31043632619779,0.0,65.31043632619779,0.0,100.0,100.0,65.31043632619779,65.31043632619779,100.0,0.0
S3,2040,baseline,华中,65.31043632619779,65.31043632619779,0.0,65.31043632619779,0.0,100.0,100.0,65.31043632619779,65.31043632619779,100.0,0.0
S3,2045,baseline,华中,65.31043632619779,65.31043632619779,0.0,65.31043632619779,0.0,100.0,100.0,65.31043632619779,65.31043632619779,100.0,0.0
S3,2050,baseline,华中,65.31043632619779,65.31043632619779,0.0,65.31043632619779,0.0,100.0,100.0,65.31043632619779,65.31043632619779,100.0,0.0
S3,2055,baseline,华中,65.31043632619779,65.31043632619779,0.0,65.31043632619779,0.0,100.0,100.0,65.31043632619779,65.31043632619779,100.0,0.0
S3,2060,baseline,华中,65.31043632619779,65.31043632619779,0.0,65.31043632619779,0.0,100.0,100.0,65.31043632619779,65.31043632619779,100.0,0.0
S3,2025,baseline,华北,86.7310815617413,10.583210823747814,0.0,10.583210823747814,76.14787073799349,12.202327739005465,12.202327739005465,86.7310815617413,85.20923194227174,98.24532383078125,86.04299609177578
S3,2030,baseline,华北,86.7310815617413,13.340893341830014,0.0,13.340893341830014,73.3901882199113,15.381905888413286,15.381905888413286,86.7310815617413,85.20923194227174,98.24532383078125,82.86341794236796
S3,2035,baseline,华北,86.7310815617413,16.805595308785847,1.0573,17.862895308785845,68.86818625295547,20.59572530070408,20.59572530070408,86.7310815617413,85.20923194227174,98.24532383078125,77.64959853007717
S3,2040,baseline,华北,86.7310815617413,19.726799546675927,38.1347,57.86149954667592,28.869582015065383,66.71368384295545,66.71368384295545,86.7310815617413,85.20923194227174,98.24532383078125,31.5316399878258
S3,2045,baseline,华北,86.7310815617413,21.847508809736873,61.9318,83.77930880973688,2.9517727520044303,96.59663790782645,96.59663790782645,86.7310815617413,85.20923194227174,98.24532383078125,1.6486859229547974
S3,2050,baseline,华北,86.7310815617413,22.681693473126607,61.8617,84.5433934731266,2.1876880886147063,97.47761926956099,97.47761926956099,86.7310815617413,85.20923194227174,98.24532383078125,0.7677045612202562
S3,2055,baseline,华北,86.7310815617413,23.207268327841014,61.8112,85.01846832784102,1.712613233900285,98.02537544434848,98.02537544434848,86.7310815617413,85.20923194227174,98.24532383078125,0.21994838643276182
S3,2060,baseline,华北,86.7310815617413,23.429131942271745,61.7801,85.20923194227174,1.5218496194695632,98.24532383078125,98.24532383078125,86.7310815617413,85.20923194227174,98.24532383078125,0.0
S3,2025,baseline,华南,170.88337804135705,6.826635729472759,0.0,6.826635729472759,164.05674231188428,3.9949091642023733,3.9949091642023733,170.88337804135705,123.31336768592877,72.16229518595108,68.16738602174871
S3,2030,baseline,华南,170.88337804135705,11.60918249561844,0.0,11.60918249561844,159.27419554573862,6.7936288647154415,6.7936288647154415,170.88337804135705,123.31336768592877,72.16229518595108,65.36866632123564
S3,2035,baseline,华南,170.88337804135705,17.998136689334057,0.0,17.998136689334057,152.885241352023,10.532409234664218,10.532409234664218,170.88337804135705,123.31336768592877,72.16229518595108,61.629885951286866
S3,2040,baseline,华南,170.88337804135705,25.4298488591499,0.0,25.4298488591499,145.45352918220715,14.881405757905483,14.881405757905483,170.88337804135705,123.31336768592877,72.16229518595108,57.2808894280456
S3,2045,baseline,华南,170.88337804135705,31.37288140205635,0.0,31.37288140205635,139.5104966393007,18.35923526421833,18.35923526421833,170.88337804135705,123.31336768592877,72.16229518595108,53.80305992173275
S3,2050,baseline,华南,170.88337804135705,34.46519477422458,0.0,34.46519477422458,136.41818326713246,20.168839807159795,20.168839807159795,170.88337804135705,123.31336768592877,72.16229518595108,51.99345537879128
S3,2055,baseline,华南,170.88337804135705,36.68463851098946,0.0,36.68463851098946,134.1987395303676,21.467645906503016,21.467645906503016,170.88337804135705,123.31336768592877,72.16229518595108,50.694649279448065
S3,2060,baseline,华南,170.88337804135705,38.04506768592877,0.0,38.04506768592877,132.8383103554283,22.263761474051115,22.263761474051115,170.88337804135705,123.31336768592877,72.16229518595108,49.898533711899965
S3,2025,baseline,西北,99.41393221094678,99.41393221094678,0.0,99.41393221094678,0.0,100.0,100.0,99.41393221094678,99.41393221094678,100.0,0.0
S3,2030,baseline,西北,99.41393221094678,99.41393221094678,0.0,99.41393221094678,0.0,100.0,100.0,99.41393221094678,99.41393221094678,100.0,0.0
S3,2035,baseline,西北,99.41393221094678,99.41393221094678,0.0,99.41393221094678,0.0,100.0,100.0,99.41393221094678,99.41393221094678,100.0,0.0
S3,2040,baseline,西北,99.41393221094678,99.41393221094678,0.0,99.41393221094678,0.0,100.0,100.0,99.41393221094678,99.41393221094678,100.0,0.0
S3,2045,baseline,西北,99.41393221094678,99.41393221094678,0.0,99.41393221094678,0.0,100.0,100.0,99.41393221094678,99.41393221094678,100.0,0.0
S3,2050,baseline,西北,99.41393221094678,99.41393221094678,0.0,99.41393221094678,0.0,100.0,100.0,99.41393221094678,99.41393221094678,100.0,0.0
S3,2055,baseline,西北,99.41393221094678,99.41393221094678,0.0,99.41393221094678,0.0,100.0,100.0,99.41393221094678,99.41393221094678,100.0,0.0
S3,2060,baseline,西北,99.41393221094678,99.41393221094678,0.0,99.41393221094678,0.0,100.0,100.0,99.41393221094678,99.41393221094678,100.0,0.0
S3,2025,baseline,西南,135.36033816461503,5.68293647273605,129.6774,135.36033647273607,1.6918789640385512e-06,99.99999875009254,99.99999875009254,135.36033816461503,135.36029509141247,99.99996817886012,-3.057123242911075e-05
S3,2030,baseline,西南,135.36033816461503,10.03653837640867,125.3238,135.36033837640866,0.0,100.00000015646653,100.00000015646653,135.36033816461503,135.36029509141247,99.99996817886012,-3.197760641171499e-05
S3,2035,baseline,西南,135.36033816461503,15.6100940218052,119.7502,135.3602940218052,4.414280982700802e-05,99.99996738866759,99.99996738866759,135.36033816461503,135.36029509141247,99.99996817886012,7.901925300757284e-07
S3,2040,baseline,西南,135.36033816461503,20.867413310130008,114.4929,135.36031331013,2.4854485019432104e-05,99.99998163828093,99.99998163828093,135.36033816461503,135.36029509141247,99.99996817886012,-1.3459420813433098e-05
S3,2045,baseline,西南,135.36033816461503,24.83357511112599,110.5268,135.360375111126,0.0,100.00002729493104,100.00002729493104,135.36033816461503,135.36029509141247,99.99996817886012,-5.9116070929121634e-05
S3,2050,baseline,西南,135.36033816461503,26.59960422212026,108.7607,135.36030422212025,3.3942494781058485e-05,99.99997492434251,99.99997492434251,135.36033816461503,135.36029509141247,99.99996817886012,-6.74548239487649e-06
S3,2055,baseline,西南,135.36033816461503,27.78627884790249,107.5741,135.3603788479025,0.0,100.0000300555451,100.0000300555451,135.36033816461503,135.36029509141247,99.99996817886012,-6.187668498114363e-05
S3,2060,baseline,西南,135.36033816461503,28.40279509141248,106.9575,135.36029509141247,4.307320256202729e-05,99.99996817886012,99.99996817886012,135.36033816461503,135.36029509141247,99.99996817886012,0.0
S4,2025,baseline,东北,13.506753376688348,13.506753376688348,0.0,13.506753376688348,0.0,100.0,100.0,13.506753376688348,13.506753376688348,100.0,0.0
S4,2030,baseline,东北,13.506753376688348,13.506753376688348,0.0,13.506753376688348,0.0,100.0,100.0,13.506753376688348,13.506753376688348,100.0,0.0
S4,2035,baseline,东北,13.506753376688348,13.506753376688348,0.0,13.506753376688348,0.0,100.0,100.0,13.506753376688348,13.506753376688348,100.0,0.0
S4,2040,baseline,东北,13.506753376688348,13.506753376688348,0.0,13.506753376688348,0.0,100.0,100.0,13.506753376688348,13.506753376688348,100.0,0.0
S4,2045,baseline,东北,13.506753376688348,13.506753376688348,0.0,13.506753376688348,0.0,100.0,100.0,13.506753376688348,13.506753376688348,100.0,0.0
S4,2050,baseline,东北,13.506753376688348,13.506753376688348,0.0,13.506753376688348,0.0,100.0,100.0,13.506753376688348,13.506753376688348,100.0,0.0
S4,2055,baseline,东北,13.506753376688348,13.506753376688348,0.0,13.506753376688348,0.0,100.0,100.0,13.506753376688348,13.506753376688348,100.0,0.0
S4,2060,baseline,东北,13.506753376688348,13.506753376688348,0.0,13.506753376688348,0.0,100.0,100.0,13.506753376688348,13.506753376688348,100.0,0.0
S4,2025,baseline,华东,482.37118559279645,69.00476692835025,79.852,148.85676692835025,333.5144186644462,30.85938202245993,30.85938202245993,482.37118559279645,395.9421544723443,82.08246394024601,51.22308191778609
S4,2030,baseline,华东,482.37118559279645,92.6948632722469,168.13330000000002,260.8281632722469,221.54302232054954,54.07208619886976,54.07208619886976,482.37118559279645,395.9421544723443,82.08246394024601,28.010377741376253
S4,2035,baseline,华东,482.37118559279645,118.87883134650085,150.7346,269.6133936192783,212.75779197351815,55.89334555461569,55.89334555461569,482.37118559279645,395.9421544723443,82.08246394024601,26.189118385630323
S4,2040,baseline,华东,482.37118559279645,146.96678098384342,132.49349999999998,279.4602809838434,202.91090460895305,57.93469621126075,57.93469621126075,482.37118559279645,395.9421544723443,82.08246394024601,24.147767728985265
S4,2045,baseline,华东,482.37118559279645,168.96819753406103,118.2942,287.26239753406105,195.1087880587354,59.552147000869894,59.552147000869894,482.37118559279645,395.9421544723443,82.08246394024601,22.53031693937612
S4,2050,baseline,华东,482.37118559279645,179.84073954179436,111.39099999999999,291.2317355266878,191.1394500661086,60.37502741147086,60.37502741147086,482.37118559279645,395.9421544723443,82.08246394024601,21.707436528775155
S4,2055,baseline,华东,482.37118559279645,187.48799350511422,106.5681,294.0560583224173,188.31512727037918,60.96053560103209,60.96053560103209,482.37118559279645,395.9421544723443,82.08246394024601,21.121928339213923
S4,2060,baseline,华东,482.37118559279645,191.9611544723443,103.7924,295.7535544723443,186.61763112045216,61.312442224111365,61.312442224111365,482.37118559279645,395.9421544723443,82.08246394024601,20.77002171613465
S4,2025,baseline,华中,223.22161080540278,59.18755320876968,164.0341,223.22158170690494,2.909849784771268e-05,99.99998696430076,99.99998696430076,223.22161080540278,223.22161052261055,99.99999987331324,1.29090124829645e-05
S4,2030,baseline,华中,223.22161080540278,101.66601957253206,121.5556,223.22157942785458,3.137754821125327e-05,99.9999859433197,99.9999859433197,223.22161080540278,223.22161052261055,99.99999987331324,1.3929993542660668e-05
S4,2035,baseline,华中,223.22161080540278,157.75284161717494,65.4688,223.22158078563626,3.001976652683425e-05,99.99998655158593,99.99998655158593,223.22161080540278,223.22161052261055,99.99999987331324,1.3321727308834852e-05
S4,2040,baseline,华中,223.22161080540278,205.68530433049995,17.5363,223.22160433049993,6.4749028325650215e-06,99.99999709933871,99.99999709933871,223.22161080540278,223.22161052261055,99.99999987331324,2.7739745291910367e-06
S4,2045,baseline,华中,223.22161080540278,213.417776002288,9.8038,223.22157600228803,3.480311475811959e-05,99.99998440871624,99.99998440871624,223.22161080540278,223.22161052261055,99.99999987331324,1.546459699852676e-05
S4,2050,baseline,华中,223.22161080540278,216.18369468404094,7.0379,223.22159468404095,1.612136183837265e-05,99.99999277786691,99.99999277786691,223.22161080540278,223.22161052261055,99.99999987331324,7.09544633537007e-06
S4,2055,baseline,华中,223.22161080540278,217.82730136541633,5.3943,223.22160136541635,9.439986442316696e-06,99.99999577102486,99.99999577102486,223.22161080540278,223.22161052261055,99.99999987331324,4.102288386320652e-06
S4,2060,baseline,华中,223.22161080540278,218.36641052261052,4.8552,223.22161052261055,2.827922429560204e-07,99.99999987331324,99.99999987331324,223.22161080540278,223.22161052261055,99.99999987331324,0.0
S4,2025,baseline,华北,105.38269134567285,72.4901170192753,17.8575,90.3476170192753,15.035074326397545,85.73288067100128,85.73288067100128,105.38269134567285,102.49482131429713,97.25963534001704,11.526754669015759
S4,2030,baseline,华北,105.38269134567285,75.24779953735751,17.7521,92.99985138461214,12.38283996106071,88.2496453611695,88.2496453611695,105.38269134567285,102.49482131429713,97.25963534001704,9.009989978847543
S4,2035,baseline,华北,105.38269134567285,78.71250150431334,17.6107,96.32320150431335,9.059489841359516,91.4032468466355,91.4032468466355,105.38269134567285,102.49482131429713,97.25963534001704,5.856388493381544
S4,2040,baseline,华北,105.38269134567285,81.63370574220342,17.4441,99.07780574220342,6.3048856034694385,94.01715260546122,94.01715260546122,105.38269134567285,102.49482131429713,97.25963534001704,3.2424827345558214
S4,2045,baseline,华北,105.38269134567285,83.75441500526436,17.3105,101.06486964573841,4.317821699934452,95.90272212182239,95.90272212182239,105.38269134567285,102.49482131429713,97.25963534001704,1.3569132181946486
S4,2050,baseline,华北,105.38269134567285,84.5885996686541,17.2404,101.82896315867806,3.5537281869947908,96.62778759811897,96.62778759811897,105.38269134567285,102.49482131429713,97.25963534001704,0.6318477418980706
S4,2055,baseline,华北,105.38269134567285,85.11417452336852,17.1899,102.30407452336851,3.0786168223043457,97.07863143084289,97.07863143084289,105.38269134567285,102.49482131429713,97.25963534001704,0.18100390917415154
S4,2060,baseline,华北,105.38269134567285,85.33603813779924,17.1588,102.49482131429713,2.887870031375732,97.25963534001704,97.25963534001704,105.38269134567285,102.49482131429713,97.25963534001704,0.0
S4,2025,baseline,华南,201.1005502751376,25.89045069638286,2.9913,28.88175069638286,172.21879957875473,14.361845682106797,14.361845682106797,201.1005502751376,201.1005502751376,100.0,85.6381543178932
S4,2030,baseline,华南,201.1005502751376,44.50201285851917,5.3253,49.82731285851917,151.27323741661843,24.77731303586562,24.77731303586562,201.1005502751376,201.1005502751376,100.0,75.22268696413438
S4,2035,baseline,华南,201.1005502751376,69.05677678374576,8.2881,77.34487678374576,123.75567349139185,38.4607981817681,38.4607981817681,201.1005502751376,201.1005502751376,100.0,61.5392018182319
S4,2040,baseline,华南,201.1005502751376,96.06020611333722,10.4102,106.47036911927997,94.63018115585764,52.94384772871656,52.94384772871656,201.1005502751376,201.1005502751376,100.0,47.05615227128344
S4,2045,baseline,华南,201.1005502751376,112.41340166218642,0.0,112.41340166218642,88.68714861295118,55.89910197082353,55.89910197082353,201.1005502751376,201.1005502751376,100.0,44.10089802917647
S4,2050,baseline,华南,201.1005502751376,115.50571503435464,0.0,115.50571503435464,85.59483524078294,57.4367971029042,57.4367971029042,201.1005502751376,201.1005502751376,100.0,42.5632028970958
S4,2055,baseline,华南,201.1005502751376,117.72515877111952,0.0,117.72515877111952,83.37539150401807,58.5404458665343,58.5404458665343,201.1005502751376,201.1005502751376,100.0,41.4595541334657
S4,2060,baseline,华南,201.1005502751376,119.08558794605884,0.0,119.08558794605884,82.01496232907876,59.21693788660984,59.21693788660984,201.1005502751376,201.1005502751376,100.0,40.78306211339016
S4,2025,baseline,西北,57.028514257128585,38.518389256832734,18.5101,57.028489256832735,2.50002958495088e-05,99.99995616176193,99.99995616176193,57.028514257128585,57.028514257128585,100.0,4.383823807074805e-05
S4,2030,baseline,西北,57.028514257128585,57.028514257128585,0.0,57.028514257128585,0.0,100.0,100.0,57.028514257128585,57.028514257128585,100.0,0.0
S4,2035,baseline,西北,57.028514257128585,57.028514257128585,0.0,57.028514257128585,0.0,100.0,100.0,57.028514257128585,57.028514257128585,100.0,0.0
S4,2040,baseline,西北,57.028514257128585,57.028514257128585,0.0,57.028514257128585,0.0,100.0,100.0,57.028514257128585,57.028514257128585,100.0,0.0
S4,2045,baseline,西北,57.028514257128585,57.028514257128585,0.0,57.028514257128585,0.0,100.0,100.0,57.028514257128585,57.028514257128585,100.0,0.0
S4,2050,baseline,西北,57.028514257128585,57.028514257128585,0.0,57.028514257128585,0.0,100.0,100.0,57.028514257128585,57.028514257128585,100.0,0.0
S4,2055,baseline,西北,57.028514257128585,57.028514257128585,0.0,57.028514257128585,0.0,100.0,100.0,57.028514257128585,57.028514257128585,100.0,0.0
S4,2060,baseline,西北,57.028514257128585,57.028514257128585,0.0,57.028514257128585,0.0,100.0,100.0,57.028514257128585,57.028514257128585,100.0,0.0
S4,2025,baseline,西南,177.3886943471736,74.86783392892085,17.7288,92.59660330911126,84.79209103806232,52.19983361954692,52.19983361954692,177.3886943471736,177.3886943471736,100.0,47.80016638045308
S4,2030,baseline,西南,177.3886943471736,130.72032786185463,13.3752,144.09549533837242,33.29319900880118,81.23149892312645,81.23149892312645,177.3886943471736,177.3886943471736,100.0,18.768501076873548
S4,2035,baseline,西南,177.3886943471736,149.60735634211716,7.8016,157.40895634211716,19.97973800505643,88.73674668017264,88.73674668017264,177.3886943471736,177.3886943471736,100.0,11.263253319827356
S4,2040,baseline,西南,177.3886943471736,164.20572740173566,3.0835999999999997,167.2893199445321,10.099374402641487,94.30664144645225,94.30664144645225,177.3886943471736,177.3886943471736,100.0,5.693358553547753
S4,2045,baseline,西南,177.3886943471736,173.02665582805128,4.362,177.38865582805127,3.851912234154042e-05,99.99997828546938,99.99997828546938,177.3886943471736,177.3886943471736,100.0,2.1714530618055505e-05
S4,2050,baseline,西南,177.3886943471736,174.80038020496028,2.5883,177.38868020496028,1.414221332396437e-05,99.99999202755656,99.99999202755656,177.3886943471736,177.3886943471736,100.0,7.972443441417454e-06
S4,2055,baseline,西南,177.3886943471736,175.66811186483966,1.7206,177.3886943471736,0.0,100.0,100.0,177.3886943471736,177.3886943471736,100.0,0.0
S4,2060,baseline,西南,177.3886943471736,175.64423164446748,1.7445,177.3886943471736,0.0,100.0,100.0,177.3886943471736,177.3886943471736,100.0,0.0
S5,2025,baseline,东北,53.2459159981573,44.067230098973326,0.0,44.067230098973326,9.178685899183982,82.76170908675583,82.76170908675583,53.2459159981573,53.2459159981573,100.0,17.23829091324417
S5,2030,baseline,东北,53.2459159981573,53.2459159981573,0.0,53.2459159981573,0.0,100.0,100.0,53.2459159981573,53.2459159981573,100.0,0.0
S5,2035,baseline,东北,53.2459159981573,53.2459159981573,0.0,53.2459159981573,0.0,100.0,100.0,53.2459159981573,53.2459159981573,100.0,0.0
S5,2040,baseline,东北,53.2459159981573,53.2459159981573,0.0,53.2459159981573,0.0,100.0,100.0,53.2459159981573,53.2459159981573,100.0,0.0
S5,2045,baseline,东北,53.2459159981573,53.2459159981573,0.0,53.2459159981573,0.0,100.0,100.0,53.2459159981573,53.2459159981573,100.0,0.0
S5,2050,baseline,东北,53.2459159981573,53.2459159981573,0.0,53.2459159981573,0.0,100.0,100.0,53.2459159981573,53.2459159981573,100.0,0.0
S5,2055,baseline,东北,53.2459159981573,53.2459159981573,0.0,53.2459159981573,0.0,100.0,100.0,53.2459159981573,53.2459159981573,100.0,0.0
S5,2060,baseline,东北,53.2459159981573,53.2459159981573,0.0,53.2459159981573,0.0,100.0,100.0,53.2459159981573,53.2459159981573,100.0,0.0
S5,2025,baseline,华东,899.1407329350983,69.00476692835025,1.0731,70.07786692835023,829.0628660067481,7.79387078812373,7.79387078812373,899.1407329350983,490.1306155324583,54.511001179148764,46.71713039102504
S5,2030,baseline,华东,899.1407329350983,119.66328605017542,84.5385,204.20178605017537,694.9389468849229,22.710770246565513,22.710770246565513,899.1407329350983,490.1306155324583,54.511001179148764,31.80023093258325
S5,2035,baseline,华东,899.1407329350983,185.8298648278401,190.1268,375.95662009798673,523.1841128371116,41.81287826553444,41.81287826553444,899.1407329350983,490.1306155324583,54.511001179148764,12.698122913614327
S5,2040,baseline,华东,899.1407329350983,255.17034246774182,195.2468,450.4171175365626,448.72361539853574,50.09417336330091,50.09417336330091,899.1407329350983,490.1306155324583,54.511001179148764,4.416827815847853
S5,2045,baseline,华东,899.1407329350983,292.0685862855469,189.5709,481.6394582824158,417.5012746526825,53.566637639714344,53.566637639714344,899.1407329350983,490.1306155324583,54.511001179148764,0.9443635394344199
S5,2050,baseline,华东,899.1407329350983,302.9411282932802,182.6677,485.60875807535035,413.53197485974795,54.00809242510455,54.00809242510455,899.1407329350983,490.1306155324583,54.511001179148764,0.5029087540442134
S5,2055,baseline,华东,899.1407329350983,310.5883822566001,177.8447,488.43308123187984,410.70765170321846,54.32220600633559,54.32220600633559,899.1407329350983,490.1306155324583,54.511001179148764,0.18879517281317248
S5,2060,baseline,华东,899.1407329350983,315.0615432238302,175.0691,490.1306155324583,409.01011740264005,54.511001179148764,54.511001179148764,899.1407329350983,490.1306155324583,54.511001179148764,0.0
S5,2025,baseline,华中,343.29993568541795,59.18755320876968,270.9809,330.1684081960201,13.131527489397854,96.17491117113669,96.17491117113669,343.29993568541795,343.29993568541795,100.0,3.825088828863315
S5,2030,baseline,华中,343.29993568541795,101.66601957253206,241.63400000000001,343.2999267759445,8.909473478979635e-06,99.99999740475529,99.99999740475529,343.29993568541795,343.29993568541795,100.0,2.595244708913924e-06
S5,2035,baseline,华中,343.29993568541795,157.75284161717494,185.5471,343.2999215742417,1.4111176284359317e-05,99.99999588954881,99.99999588954881,343.29993568541795,343.29993568541795,100.0,4.110451186534192e-06
S5,2040,baseline,华中,343.29993568541795,219.65696087366098,123.643,343.29993052331434,5.162103647649018e-06,99.99999849632842,99.99999849632842,343.29993568541795,343.29993568541795,100.0,1.5036715836913572e-06
S5,2045,baseline,华中,343.29993568541795,268.51287155966077,74.787,343.29986681967614,6.886574186637517e-05,99.99997994006561,99.99997994006561,343.29993568541795,343.29993568541795,100.0,2.005993438558562e-05
S5,2050,baseline,华中,343.29993568541795,288.31172278230804,54.9882,343.29992278230804,1.2903109919193412e-05,99.99999624144704,99.99999624144704,343.29993568541795,343.29993568541795,100.0,3.758552963972761e-06
S5,2055,baseline,华中,343.29993568541795,299.3051451080122,43.9948,343.2999296011516,6.084266388484139e-06,99.99999822771119,99.99999822771119,343.29993568541795,343.29993568541795,100.0,1.7722888117077673e-06
S5,2060,baseline,华中,343.29993568541795,305.7042774071612,37.5957,343.29993568541795,0.0,100.0,100.0,343.29993568541795,343.29993568541795,100.0,0.0
S5,2025,baseline,华北,291.4271094521928,163.43820973324853,0.0,163.43820973324853,127.98889971894425,56.082019974212386,56.082019974212386,291.4271094521928,254.67913085177247,87.39033624239798,31.308316268185592
S5,2030,baseline,华北,291.4271094521928,166.19589225133075,13.8774,180.07329225133074,111.35381720086205,61.79016515993372,61.79016515993372,291.4271094521928,254.67913085177247,87.39033624239798,25.600171082464257
S5,2035,baseline,华北,291.4271094521928,169.66059421828658,44.8787,214.53929421828656,76.88781523390622,73.61679379161556,73.61679379161556,291.4271094521928,254.67913085177247,87.39033624239798,13.773542450782415
S5,2040,baseline,华北,291.4271094521928,172.58179845617664,78.6804,251.2621800121306,40.1649294400622,86.21784722925682,86.21784722925682,291.4271094521928,254.67913085177247,87.39033624239798,1.1724890131411598
S5,2045,baseline,华北,291.4271094521928,174.7025077192376,78.5467,253.2492077192376,38.17790173295519,86.89967388252943,86.89967388252943,291.4271094521928,254.67913085177247,87.39033624239798,0.49066235986855133
S5,2050,baseline,华北,291.4271094521928,175.53669238262734,78.4766,254.01329238262736,37.41381706956546,87.16186111172235,87.16186111172235,291.4271094521928,254.67913085177247,87.39033624239798,0.2284751306756334
S5,2055,baseline,华北,291.4271094521928,176.06226723734173,78.4262,254.48843664873343,36.93867280345937,87.32490162878311,87.32490162878311,291.4271094521928,254.67913085177247,87.39033624239798,0.06543461361486891
S5,2060,baseline,华北,291.4271094521928,176.28413085177246,78.395,254.67913085177247,36.74797860042033,87.39033624239798,87.39033624239798,291.4271094521928,254.67913085177247,87.39033624239798,0.0
S5,2025,baseline,华南,414.5760414747235,28.8817680455069,0.0,28.8817680455069,385.69427342921665,6.966579144990896,6.966579144990896,414.5760414747235,400.3692403885029,96.57317363644931,89.60659449145841
S5,2030,baseline,华南,414.5760414747235,49.827349387052216,0.0,49.827349387052216,364.7486920876713,12.018868531284909,12.018868531284909,414.5760414747235,400.3692403885029,96.57317363644931,84.5543051051644
S5,2035,baseline,华南,414.5760414747235,77.34490893136291,0.0,77.34490893136291,337.2311325433607,18.656386571745145,18.656386571745145,414.5760414747235,400.3692403885029,96.57317363644931,77.91678706470417
S5,2040,baseline,华南,414.5760414747235,107.00973306928226,0.0,107.00973306928226,307.56630840544125,25.81184689029035,25.81184689029035,414.5760414747235,400.3692403885029,96.57317363644931,70.76132674615896
S5,2045,baseline,华南,414.5760414747235,130.27712884232452,0.0,130.27712884232452,284.298912632399,31.424181768658098,31.424181768658098,414.5760414747235,400.3692403885029,96.57317363644931,65.14899186779121
S5,2050,baseline,华南,414.5760414747235,141.8146144079283,0.0,141.8146144079283,272.76142706679525,34.20714180768081,34.20714180768081,414.5760414747235,400.3692403885029,96.57317363644931,62.3660318287685
S5,2055,baseline,华南,414.5760414747235,149.9408078673743,0.0,149.9408078673743,264.6352336073492,36.16726314767423,36.16726314767423,414.5760414747235,400.3692403885029,96.57317363644931,60.405910488775085
S5,2060,baseline,华南,414.5760414747235,154.70985671441076,0.0,154.70985671441076,259.8661847603128,37.31760672036889,37.31760672036889,414.5760414747235,400.3692403885029,96.57317363644931,59.25556691608042
S5,2025,baseline,西北,57.63297058857093,45.05774006845146,12.5752,57.632940068451454,3.0520119466359574e-05,99.99994704399381,99.99994704399381,57.63297058857093,57.63297058857093,100.0,5.2956006186377635e-05
S5,2030,baseline,西北,57.63297058857093,57.63297058857093,0.0,57.63297058857093,0.0,100.0,100.0,57.63297058857093,57.63297058857093,100.0,0.0
S5,2035,baseline,西北,57.63297058857093,57.63297058857093,0.0,57.63297058857093,0.0,100.0,100.0,57.63297058857093,57.63297058857093,100.0,0.0
S5,2040,baseline,西北,57.63297058857093,57.63297058857093,0.0,57.63297058857093,0.0,100.0,100.0,57.63297058857093,57.63297058857093,100.0,0.0
S5,2045,baseline,西北,57.63297058857093,57.63297058857093,0.0,57.63297058857093,0.0,100.0,100.0,57.63297058857093,57.63297058857093,100.0,0.0
S5,2050,baseline,西北,57.63297058857093,57.63297058857093,0.0,57.63297058857093,0.0,100.0,100.0,57.63297058857093,57.63297058857093,100.0,0.0
S5,2055,baseline,西北,57.63297058857093,57.63297058857093,0.0,57.63297058857093,0.0,100.0,100.0,57.63297058857093,57.63297058857093,100.0,0.0
S5,2060,baseline,西北,57.63297058857093,57.63297058857093,0.0,57.63297058857093,0.0,100.0,100.0,57.63297058857093,57.63297058857093,100.0,0.0
S5,2025,baseline,西南,203.3117766244603,75.28027404884702,26.6663,101.94657404884703,101.36520257561327,50.14297535609745,50.14297535609745,203.3117766244603,192.27157167685638,94.56981531965243,44.42683996355498
S5,2030,baseline,西南,203.3117766244603,136.4808711687535,22.3127,158.79357116875352,44.51820545570678,78.10347920084486,78.10347920084486,203.3117766244603,192.27157167685638,94.56981531965243,16.466336118807575
S5,2035,baseline,西南,203.3117766244603,157.29713296293846,16.7392,174.03630820562734,29.275468418832936,85.60070208185331,85.60070208185331,203.3117766244603,192.27157167685638,94.56981531965243,8.969113237799121
S5,2040,baseline,西南,203.3117766244603,171.89550402255696,11.4819,183.377359976921,19.934416647539255,90.19514905702664,90.19514905702664,203.3117766244603,192.27157167685638,94.56981531965243,4.374666262625794
S5,2045,baseline,西南,203.3117766244603,182.1383017070721,7.5157,189.65399586044018,13.657780764020115,93.28234645785051,93.28234645785051,203.3117766244603,192.27157167685638,94.56981531965243,1.2874688618019263
S5,2050,baseline,西南,203.3117766244603,185.67805519497537,5.7497,191.42772023734918,11.884056387111093,94.1547624124783,94.1547624124783,203.3117766244603,192.27157167685638,94.56981531965243,0.4150529071741289
S5,2055,baseline,西南,203.3117766244603,187.73246148063697,4.563,192.29545189722856,11.016324727231725,94.58156093555755,94.58156093555755,203.3117766244603,192.27157167685638,94.56981531965243,-0.011745615905113027
S5,2060,baseline,西南,203.3117766244603,188.32509750377477,3.9465,192.27157167685638,11.040204947603895,94.56981531965243,94.56981531965243,203.3117766244603,192.27157167685638,94.56981531965243,0.0
S6,2025,baseline,东北,45.950449608417074,45.950449608417074,0.0,45.950449608417074,0.0,100.0,100.0,45.950449608417074,45.950449608417074,100.0,0.0
S6,2030,baseline,东北,45.950449608417074,45.950449608417074,0.0,45.950449608417074,0.0,100.0,100.0,45.950449608417074,45.950449608417074,100.0,0.0
S6,2035,baseline,东北,45.950449608417074,45.950449608417074,0.0,45.950449608417074,0.0,100.0,100.0,45.950449608417074,45.950449608417074,100.0,0.0
S6,2040,baseline,东北,45.950449608417074,45.950449608417074,0.0,45.950449608417074,0.0,100.0,100.0,45.950449608417074,45.950449608417074,100.0,0.0
S6,2045,baseline,东北,45.950449608417074,45.950449608417074,0.0,45.950449608417074,0.0,100.0,100.0,45.950449608417074,45.950449608417074,100.0,0.0
S6,2050,baseline,东北,45.950449608417074,45.950449608417074,0.0,45.950449608417074,0.0,100.0,100.0,45.950449608417074,45.950449608417074,100.0,0.0
S6,2055,baseline,东北,45.950449608417074,45.950449608417074,0.0,45.950449608417074,0.0,100.0,100.0,45.950449608417074,45.950449608417074,100.0,0.0
S6,2060,baseline,东北,45.950449608417074,45.950449608417074,0.0,45.950449608417074,0.0,100.0,100.0,45.950449608417074,45.950449608417074,100.0,0.0
S6,2025,baseline,华东,863.4211084982406,69.00476692835025,21.4756,90.48036692835025,772.9407415698903,10.479285951871608,10.479285951871608,863.4211084982406,634.2896062684317,73.46236963926673,62.983083687395116
S6,2030,baseline,华东,863.4211084982406,119.66328605017542,104.9411,224.6043795748441,638.8167289233965,26.013306527275127,26.013306527275127,863.4211084982406,634.2896062684317,73.46236963926673,47.4490631119916
S6,2035,baseline,华东,863.4211084982406,185.8298648278401,190.1268,375.95659999497485,487.4645085032658,43.542669538028896,43.542669538028896,863.4211084982406,634.2896062684317,73.46236963926673,29.91970010123783
S6,2040,baseline,华东,863.4211084982406,240.46319728644065,209.9539,450.41705636502365,413.004052133217,52.16655603294663,52.16655603294663,863.4211084982406,634.2896062684317,73.46236963926673,21.295813606320095
S6,2045,baseline,华东,863.4211084982406,262.46461383665826,205.1712,467.6357534589875,395.7853550392531,54.16079695715945,54.16079695715945,863.4211084982406,634.2896062684317,73.46236963926673,19.301572682107278
S6,2050,baseline,华东,863.4211084982406,273.33715584439153,198.26780000000002,471.60495584439155,391.8161526538491,54.6205033908263,54.6205033908263,863.4211084982406,634.2896062684317,73.46236963926673,18.841866248440425
S6,2055,baseline,华东,863.4211084982406,280.9844098077114,193.445,474.4293682506817,388.9917402475589,54.94762214881018,54.94762214881018,863.4211084982406,634.2896062684317,73.46236963926673,18.514747490456543
S6,2060,baseline,华东,863.4211084982406,285.45757077494153,190.6694,476.12690626843164,387.29420222980895,55.1442281850817,55.1442281850817,863.4211084982406,634.2896062684317,73.46236963926673,18.318141454185024
S6,2025,baseline,华中,382.75795636692817,59.18755320876968,255.9133,315.1007977794216,67.65715858750657,82.32377473490126,82.32377473490126,382.75795636692817,382.75791765393564,99.99998988577718,17.67621515087592
S6,2030,baseline,华中,382.75795636692817,101.66601957253206,281.092,382.75795636692817,0.0,100.0,100.0,382.75795636692817,382.75791765393564,99.99998988577718,-1.0114222817492191e-05
S6,2035,baseline,华中,382.75795636692817,157.75284161717494,225.0051,382.75791207891183,4.42880163262771e-05,99.99998842923691,99.99998842923691,382.75795636692817,382.75791765393564,99.99998988577718,1.456540275057705e-06
S6,2040,baseline,华中,382.75795636692817,219.65696087366098,163.101,382.7579402421223,1.612480586743459e-05,99.99999578720556,99.99999578720556,382.75795636692817,382.75791765393564,99.99998988577718,-5.901428380639118e-06
S6,2045,baseline,华中,382.75795636692817,268.51287155966077,114.2451,382.7579218103382,3.4556589994849674e-05,99.99999097168605,99.99999097168605,382.75795636692817,382.75791765393564,99.99998988577718,-1.0859088632741987e-06
S6,2050,baseline,华中,382.75795636692817,293.12364991214906,89.6343,382.7579273751577,2.8991770506081593e-05,99.99999242556034,99.99999242556034,382.75795636692817,382.75791765393564,99.99998988577718,-2.5397831535656223e-06
S6,2055,baseline,华中,382.75795636692817,309.69468535478666,73.0633,382.7579471734665,9.193461664835922e-06,99.99999759810045,99.99999759810045,382.75795636692817,382.75791765393564,99.99998988577718,-7.71232326712834e-06
S6,2060,baseline,华中,382.75795636692817,316.0938176539356,66.6641,382.75791765393564,3.8712992534328805e-05,99.99998988577718,99.99998988577718,382.75795636692817,382.75791765393564,99.99998988577718,0.0
S6,2025,baseline,华北,282.52812102133055,149.37484833810038,1.2487,150.62354833810036,131.9045726832302,53.312763272413676,53.312763272413676,282.52812102133055,252.89546945662428,89.51160986821944,36.19884659580576
S6,2030,baseline,华北,282.52812102133055,152.13253085618257,24.3048,176.43733085618257,106.09079016514801,62.449475902917904,62.449475902917904,282.52812102133055,252.89546945662428,89.51160986821944,27.062133965301534
S6,2035,baseline,华北,282.52812102133055,155.5972328231384,55.3061,210.90333282313838,71.62478819819218,74.6486162371127,74.6486162371127,282.52812102133055,252.89546945662428,89.51160986821944,14.862993631106733
S6,2040,baseline,华北,282.52812102133055,158.51843706102846,90.96,249.47843706102844,33.0496839603021,88.30216127129982,88.30216127129982,282.52812102133055,252.89546945662428,89.51160986821944,1.2094485969196143
S6,2045,baseline,华北,282.52812102133055,160.63914632408944,90.8264,251.46551780155454,31.06260321977604,89.00548267284488,89.00548267284488,282.52812102133055,252.89546945662428,89.51160986821944,0.5061271953745603
S6,2050,baseline,华北,282.52812102133055,161.47333098747916,90.7563,252.2296113144942,30.298509706836377,89.27593133125717,89.27593133125717,282.52812102133055,252.89546945662428,89.51160986821944,0.23567853696226848
S6,2055,baseline,华北,282.52812102133055,161.99890584219355,90.7058,252.70470584219356,29.823415179137008,89.44408964625318,89.44408964625318,282.52812102133055,252.89546945662428,89.51160986821944,0.06752022196626228
S6,2060,baseline,华北,282.52812102133055,162.22076945662428,90.6747,252.89546945662428,29.63265156470628,89.51160986821944,89.51160986821944,282.52812102133055,252.89546945662428,89.51160986821944,0.0
S6,2025,baseline,华南,404.3600595929793,28.8817680455069,0.0,28.8817680455069,375.47829154747245,7.142586751663531,7.142586751663531,404.3600595929793,376.67275671441075,93.15280967501141,86.01022292334788
S6,2030,baseline,华南,404.3600595929793,49.827349387052216,0.0,49.827349387052216,354.5327102059271,12.322520042461022,12.322520042461022,404.3600595929793,376.67275671441075,93.15280967501141,80.83028963255039
S6,2035,baseline,华南,404.3600595929793,77.34490893136291,0.0,77.34490893136291,327.0151506616165,19.127732103219277,19.127732103219277,404.3600595929793,376.67275671441075,93.15280967501141,74.02507757179214
S6,2040,baseline,华南,404.3600595929793,107.00973306928226,0.0,107.00973306928226,297.35032652369705,26.46397202953133,26.46397202953133,404.3600595929793,376.67275671441075,93.15280967501141,66.68883764548008
S6,2045,baseline,华南,404.3600595929793,130.27712884232452,0.0,130.27712884232452,274.0829307506548,32.21810011934879,32.21810011934879,404.3600595929793,376.67275671441075,93.15280967501141,60.93470955566262
S6,2050,baseline,华南,404.3600595929793,141.8146144079283,0.0,141.8146144079283,262.54544518505105,35.07137043917642,35.07137043917642,404.3600595929793,376.67275671441075,93.15280967501141,58.08143923583499
S6,2055,baseline,华南,404.3600595929793,149.9408078673743,0.0,149.9408078673743,254.419251725605,37.081013396402625,37.081013396402625,404.3600595929793,376.67275671441075,93.15280967501141,56.07179627860879
S6,2060,baseline,华南,404.3600595929793,154.70985671441076,0.0,154.70985671441076,249.65020287856856,38.26041990154482,38.26041990154482,404.3600595929793,376.67275671441075,93.15280967501141,54.89238977346659
S6,2025,baseline,西北,67.09377957627798,48.952060094157225,18.1417,67.09376009415723,1.948212075575384e-05,99.999970962851,99.999970962851,67.09377957627798,67.09377957627798,100.0,2.903714900526211e-05
S6,2030,baseline,西北,67.09377957627798,67.09377957627798,0.0,67.09377957627798,0.0,100.0,100.0,67.09377957627798,67.09377957627798,100.0,0.0
S6,2035,baseline,西北,67.09377957627798,67.09377957627798,0.0,67.09377957627798,0.0,100.0,100.0,67.09377957627798,67.09377957627798,100.0,0.0
S6,2040,baseline,西北,67.09377957627798,67.09377957627798,0.0,67.09377957627798,0.0,100.0,100.0,67.09377957627798,67.09377957627798,100.0,0.0
S6,2045,baseline,西北,67.09377957627798,67.09377957627798,0.0,67.09377957627798,0.0,100.0,100.0,67.09377957627798,67.09377957627798,100.0,0.0
S6,2050,baseline,西北,67.09377957627798,67.09377957627798,0.0,67.09377957627798,0.0,100.0,100.0,67.09377957627798,67.09377957627798,100.0,0.0
S6,2055,baseline,西北,67.09377957627798,67.09377957627798,0.0,67.09377957627798,0.0,100.0,100.0,67.09377957627798,67.09377957627798,100.0,0.0
S6,2060,baseline,西北,67.09377957627798,67.09377957627798,0.0,67.09377957627798,0.0,100.0,100.0,67.09377957627798,67.09377957627798,100.0,0.0
S6,2025,baseline,西南,229.78852533582665,75.67015818478994,33.213499999999996,108.8836336019924,120.90489173383423,47.38427797596219,47.38427797596219,229.78852533582665,211.42046954039398,92.00653915656211,44.62226118059992
S6,2030,baseline,西南,229.78852533582665,136.87075530469642,28.859900000000003,165.73063072189888,64.05789461392777,72.12310992452309,72.12310992452309,229.78852533582665,211.42046954039398,92.00653915656211,19.88342923203902
S6,2035,baseline,西南,229.78852533582665,169.89885507036055,23.2864,193.18520606916493,36.6033192666617,84.07086724057807,84.07086724057807,229.78852533582665,211.42046954039398,92.00653915656211,7.935671915984045
S6,2040,baseline,西南,229.78852533582665,184.49722612997903,18.0291,202.5262578404586,27.26226749536802,88.13593174179375,88.13593174179375,229.78852533582665,211.42046954039398,92.00653915656211,3.870607414768358
S6,2045,baseline,西南,229.78852533582665,194.74002381449418,14.062899999999999,208.80289372397777,20.98563161184888,90.86741534148443,90.86741534148443,229.78852533582665,211.42046954039398,92.00653915656211,1.1391238150776815
S6,2050,baseline,西南,229.78852533582665,198.27977730239746,12.2969,210.57661810088678,19.211907234939854,91.63930957524427,91.63930957524427,229.78852533582665,211.42046954039398,92.00653915656211,0.36722958131784367
S6,2055,baseline,西南,229.78852533582665,200.33418358805906,11.110199999999999,211.44434976076616,18.34417557506049,92.01693141628755,92.01693141628755,229.78852533582665,211.42046954039398,92.00653915656211,-0.010392259725435338
S6,2060,baseline,西南,229.78852533582665,200.92681961119686,10.4937,211.42046954039398,18.36805579543266,92.00653915656211,92.00653915656211,229.78852533582665,211.42046954039398,92.00653915656211,0.0
S7,2025,baseline,东北,65.01879732270032,48.82971485533079,0.0,48.82971485533079,16.189082467369523,75.10091983550524,75.10091983550524,65.01879732270032,65.01879732270032,100.0,24.899080164494762
S7,2030,baseline,东北,65.01879732270032,65.01879732270032,0.0,65.01879732270032,0.0,100.0,100.0,65.01879732270032,65.01879732270032,100.0,0.0
S7,2035,baseline,东北,65.01879732270032,65.01879732270032,0.0,65.01879732270032,0.0,100.0,100.0,65.01879732270032,65.01879732270032,100.0,0.0
S7,2040,baseline,东北,65.01879732270032,65.01879732270032,0.0,65.01879732270032,0.0,100.0,100.0,65.01879732270032,65.01879732270032,100.0,0.0
S7,2045,baseline,东北,65.01879732270032,65.01879732270032,0.0,65.01879732270032,0.0,100.0,100.0,65.01879732270032,65.01879732270032,100.0,0.0
S7,2050,baseline,东北,65.01879732270032,65.01879732270032,0.0,65.01879732270032,0.0,100.0,100.0,65.01879732270032,65.01879732270032,100.0,0.0
S7,2055,baseline,东北,65.01879732270032,65.01879732270032,0.0,65.01879732270032,0.0,100.0,100.0,65.01879732270032,65.01879732270032,100.0,0.0
S7,2060,baseline,东北,65.01879732270032,65.01879732270032,0.0,65.01879732270032,0.0,100.0,100.0,65.01879732270032,65.01879732270032,100.0,0.0
S7,2025,baseline,华东,779.6085148403655,69.00476692835025,6.3131,75.31786692835024,704.2906479120152,9.660985673530325,9.660985673530325,779.6085148403655,607.0028699864508,77.85995899631011,68.19897332277979
S7,2030,baseline,华东,779.6085148403655,119.66328605017542,89.7786,209.44188605017538,570.1666287901901,26.86500750868033,26.86500750868033,779.6085148403655,607.0028699864508,77.85995899631011,50.994951487629784
S7,2035,baseline,华东,779.6085148403655,185.8298648278401,190.1268,375.95662019988,403.65189464048547,48.22377039800056,48.22377039800056,779.6085148403655,607.0028699864508,77.85995899631011,29.636188598309552
S7,2040,baseline,华东,779.6085148403655,255.17034246774182,152.5727,407.7429677678699,371.86554707249553,52.300989535928856,52.300989535928856,779.6085148403655,607.0028699864508,77.85995899631011,25.558969460381256
S7,2045,baseline,华东,779.6085148403655,288.9619537036142,126.5832,415.5451127364084,364.06340210395706,53.30176682607121,53.30176682607121,779.6085148403655,607.0028699864508,77.85995899631011,24.558192170238904
S7,2050,baseline,华东,779.6085148403655,299.8344957113475,119.67999999999999,419.51440837679615,360.09410646356935,53.81090642175669,53.81090642175669,779.6085148403655,607.0028699864508,77.85995899631011,24.04905257455342
S7,2055,baseline,华东,779.6085148403655,307.48174967466736,114.857,422.33873464526295,357.2697801951025,54.173181360357766,54.173181360357766,779.6085148403655,607.0028699864508,77.85995899631011,23.686777635952346
S7,2060,baseline,华东,779.6085148403655,311.95491064189747,112.0814,424.0362699864509,355.5722448539145,54.390923382010214,54.390923382010214,779.6085148403655,607.0028699864508,77.85995899631011,23.469035614299898
S7,2025,baseline,华中,248.84611383426733,59.18755320876968,189.6586,248.84607814454426,3.568972307732565e-05,99.99998565791424,99.99998565791424,248.84611383426733,248.84611383426733,100.0,1.4342085762564238e-05
S7,2030,baseline,华中,248.84611383426733,101.66601957253206,147.1801,248.84607663219228,3.7202075077402696e-05,99.99998505016836,99.99998505016836,248.84611383426733,248.84611383426733,100.0,1.4949831637522948e-05
S7,2035,baseline,华中,248.84611383426733,157.75284161717494,91.0933,248.84606449062687,4.934364046960127e-05,99.99998017102229,99.99998017102229,248.84611383426733,248.84611383426733,100.0,1.982897771313219e-05
S7,2040,baseline,华中,248.84611383426733,215.7009758257129,33.1452,248.84611383426733,0.0,100.0,100.0,248.84611383426733,248.84611383426733,100.0,0.0
S7,2045,baseline,华中,248.84611383426733,245.4576016844,3.3885,248.8461016844,1.2149867345101484e-05,99.99999511751774,99.99999511751774,248.84611383426733,248.84611383426733,100.0,4.882482258494747e-06
S7,2050,baseline,华中,248.84611383426733,248.2235203661529,0.6226,248.84611383426733,0.0,100.0,100.0,248.84611383426733,248.84611383426733,100.0,0.0
S7,2055,baseline,华中,248.84611383426733,248.84611383426733,0.0,248.84611383426733,0.0,100.0,100.0,248.84611383426733,248.84611383426733,100.0,0.0
S7,2060,baseline,华中,248.84611383426733,248.84611383426733,0.0,248.84611383426733,0.0,100.0,100.0,248.84611383426733,248.84611383426733,100.0,0.0
S7,2025,baseline,华北,260.26596166448525,148.9904112937986,0.0,148.9904112937986,111.27555037068666,57.24544628923297,57.24544628923297,260.26596166448525,225.11543241232252,86.49438096808215,29.24893467884918
S7,2030,baseline,华北,260.26596166448525,151.74809381188078,6.867,158.6150938118808,101.65086785260448,60.94346444594054,60.94346444594054,260.26596166448525,225.11543241232252,86.49438096808215,25.550916522141613
S7,2035,baseline,华北,260.26596166448525,155.2127957788366,37.8683,193.0810957788366,67.18486588564863,74.1860727941604,74.1860727941604,260.26596166448525,225.11543241232252,86.49438096808215,12.308308173921759
S7,2040,baseline,华北,260.26596166448525,158.1340000167267,63.5645,221.6984852889538,38.56747637553143,85.1815135068451,85.1815135068451,260.26596166448525,225.11543241232252,86.49438096808215,1.3128674612370475
S7,2045,baseline,华北,260.26596166448525,160.25470927978765,63.4308,223.68550927978765,36.5804523846976,85.94497253857027,85.94497253857027,260.26596166448525,225.11543241232252,86.49438096808215,0.5494084295118853
S7,2050,baseline,华北,260.26596166448525,161.08889394317737,63.3607,224.44959394317738,35.81636772130787,86.23855094525209,86.23855094525209,260.26596166448525,225.11543241232252,86.49438096808215,0.25583002283006806
S7,2055,baseline,华北,260.26596166448525,161.6144687978918,63.3103,224.92474192555665,35.3412197389286,86.42111342070625,86.42111342070625,260.26596166448525,225.11543241232252,86.49438096808215,0.0732675473759059
S7,2060,baseline,华北,260.26596166448525,161.83633241232252,63.2791,225.11543241232252,35.150529252162734,86.49438096808215,86.49438096808215,260.26596166448525,225.11543241232252,86.49438096808215,0.0
S7,2025,baseline,华南,367.15640618638,28.8817680455069,0.0,28.8817680455069,338.2746381408731,7.86633912928258,7.86633912928258,367.15640618638,357.6784550983931,97.41855216788029,89.55221303859771
S7,2030,baseline,华南,367.15640618638,49.827349387052216,0.0,49.827349387052216,317.3290567993278,13.571150754144353,13.571150754144353,367.15640618638,357.6784550983931,97.41855216788029,83.84740141373594
S7,2035,baseline,华南,367.15640618638,77.34490893136291,0.0,77.34490893136291,289.8114972550171,21.065929295565724,21.065929295565724,367.15640618638,357.6784550983931,97.41855216788029,76.35262287231457
S7,2040,baseline,华南,367.15640618638,107.00973306928226,0.0,107.00973306928226,260.14667311709775,29.145544314692085,29.145544314692085,367.15640618638,357.6784550983931,97.41855216788029,68.2730078531882
S7,2045,baseline,华南,367.15640618638,130.27712884232452,0.0,130.27712884232452,236.87927734405548,35.4827334202067,35.4827334202067,367.15640618638,357.6784550983931,97.41855216788029,61.93581874767359
S7,2050,baseline,华南,367.15640618638,141.33814431273703,0.0,141.33814431273703,225.81826187364302,38.49535019170805,38.49535019170805,367.15640618638,357.6784550983931,97.41855216788029,58.923201976172244
S7,2055,baseline,华南,367.15640618638,144.10690598880257,0.0,144.10690598880257,223.04950019757743,39.24945978353689,39.24945978353689,367.15640618638,357.6784550983931,97.41855216788029,58.1690923843434
S7,2060,baseline,华南,367.15640618638,145.7330550983931,0.0,145.7330550983931,221.42335108798693,39.69236342955554,39.69236342955554,367.15640618638,357.6784550983931,97.41855216788029,57.72618873832475
S7,2025,baseline,西北,56.65574463466933,53.27044405749434,3.3853,56.65574405749434,5.771749940208792e-07,99.99999898125954,99.99999898125954,56.65574463466933,56.65574463466933,100.0,1.0187404626549323e-06
S7,2030,baseline,西北,56.65574463466933,56.65574463466933,0.0,56.65574463466933,0.0,100.0,100.0,56.65574463466933,56.65574463466933,100.0,0.0
S7,2035,baseline,西北,56.65574463466933,56.65574463466933,0.0,56.65574463466933,0.0,100.0,100.0,56.65574463466933,56.65574463466933,100.0,0.0
S7,2040,baseline,西北,56.65574463466933,56.65574463466933,0.0,56.65574463466933,0.0,100.0,100.0,56.65574463466933,56.65574463466933,100.0,0.0
S7,2045,baseline,西北,56.65574463466933,56.65574463466933,0.0,56.65574463466933,0.0,100.0,100.0,56.65574463466933,56.65574463466933,100.0,0.0
S7,2050,baseline,西北,56.65574463466933,56.65574463466933,0.0,56.65574463466933,0.0,100.0,100.0,56.65574463466933,56.65574463466933,100.0,0.0
S7,2055,baseline,西北,56.65574463466933,56.65574463466933,0.0,56.65574463466933,0.0,100.0,100.0,56.65574463466933,56.65574463466933,100.0,0.0
S7,2060,baseline,西北,56.65574463466933,56.65574463466933,0.0,56.65574463466933,0.0,100.0,100.0,56.65574463466933,56.65574463466933,100.0,0.0
S7,2025,baseline,西南,167.9484615171325,75.88511001974038,29.5293,105.41441001974039,62.53405149739213,62.76592775396577,62.76592775396577,167.9484615171325,167.9484447271289,99.99999000288335,37.23406224891758
S7,2030,baseline,西南,167.9484615171325,117.1175137551153,25.1757,142.29321375511532,25.655247762017193,84.72433297080244,84.72433297080244,167.9484615171325,167.9484447271289,99.99999000288335,15.275657032080915
S7,2035,baseline,西南,167.9484615171325,136.00454223537784,19.6022,155.6067075937473,12.341753923385195,92.65146354310235,92.65146354310235,167.9484615171325,167.9484447271289,99.99999000288335,7.348526459780999
S7,2040,baseline,西南,167.9484615171325,150.60291329499634,14.3448,164.94771329499633,3.0007482221361634,98.21329222368014,98.21329222368014,167.9484615171325,167.9484447271289,99.99999000288335,1.7866977792032088
S7,2045,baseline,西南,167.9484615171325,157.56976045808022,10.3787,167.9484447271289,1.679000360255145e-05,99.99999000288335,99.99999000288335,167.9484615171325,167.9484447271289,99.99999000288335,0.0
S7,2050,baseline,西南,167.9484615171325,159.3357895690745,8.6127,167.9484447271289,1.679000360255145e-05,99.99999000288335,99.99999000288335,167.9484615171325,167.9484447271289,99.99999000288335,0.0
S7,2055,baseline,西南,167.9484615171325,159.8836447271289,8.0648,167.9484447271289,1.679000360255145e-05,99.99999000288335,99.99999000288335,167.9484615171325,167.9484447271289,99.99999000288335,0.0
S7,2060,baseline,西南,167.9484615171325,159.8836447271289,8.0648,167.9484447271289,1.679000360255145e-05,99.99999000288335,99.99999000288335,167.9484615171325,167.9484447271289,99.99999000288335,0.0
S8,2025,baseline,东北,59.25161681381401,49.09234444454157,0.0,49.09234444454157,10.15927236927245,82.85401662338454,82.85401662338454,59.25161681381401,59.25161681381401,100.0,17.14598337661546
S8,2030,baseline,东北,59.25161681381401,59.25161681381401,0.0,59.25161681381401,0.0,100.0,100.0,59.25161681381401,59.25161681381401,100.0,0.0
S8,2035,baseline,东北,59.25161681381401,59.25161681381401,0.0,59.25161681381401,0.0,100.0,100.0,59.25161681381401,59.25161681381401,100.0,0.0
S8,2040,baseline,东北,59.25161681381401,59.25161681381401,0.0,59.25161681381401,0.0,100.0,100.0,59.25161681381401,59.25161681381401,100.0,0.0
S8,2045,baseline,东北,59.25161681381401,59.25161681381401,0.0,59.25161681381401,0.0,100.0,100.0,59.25161681381401,59.25161681381401,100.0,0.0
S8,2050,baseline,东北,59.25161681381401,59.25161681381401,0.0,59.25161681381401,0.0,100.0,100.0,59.25161681381401,59.25161681381401,100.0,0.0
S8,2055,baseline,东北,59.25161681381401,59.25161681381401,0.0,59.25161681381401,0.0,100.0,100.0,59.25161681381401,59.25161681381401,100.0,0.0
S8,2060,baseline,东北,59.25161681381401,59.25161681381401,0.0,59.25161681381401,0.0,100.0,100.0,59.25161681381401,59.25161681381401,100.0,0.0
S8,2025,baseline,华东,717.9943038941319,69.00476692835025,19.6296,88.63436692835023,629.3599369657817,12.344717283637301,12.344717283637301,717.9943038941319,561.7440200420547,78.23794938140396,65.89323209776666
S8,2030,baseline,华东,717.9943038941319,119.66328605017542,103.0951,222.75836896861813,495.2359349255138,31.025088605920725,31.025088605920725,717.9943038941319,561.7440200420547,78.23794938140396,47.212860775483236
S8,2035,baseline,华东,717.9943038941319,185.8298648278401,183.4317,369.26152083237787,348.7327830617541,51.429589180532744,51.429589180532744,717.9943038941319,561.7440200420547,78.23794938140396,26.80836020087122
S8,2040,baseline,华东,717.9943038941319,246.6860866802147,132.4223,379.10838668021466,338.8859172139173,52.8010298443975,52.8010298443975,717.9943038941319,561.7440200420547,78.23794938140396,25.436919537006467
S8,2045,baseline,华东,717.9943038941319,268.6875032304323,118.2231,386.91056754436977,331.08373634976215,53.88769318167454,53.88769318167454,717.9943038941319,561.7440200420547,78.23794938140396,24.350256199729422
S8,2050,baseline,华东,717.9943038941319,279.56004523816557,111.31979999999999,390.8798452381656,327.11445865596636,54.440521758763246,54.440521758763246,717.9943038941319,561.7440200420547,78.23794938140396,23.79742762264072
S8,2055,baseline,华东,717.9943038941319,287.20729920148545,106.4969,393.7041553576531,324.2901485364789,54.83388283477312,54.83388283477312,717.9943038941319,561.7440200420547,78.23794938140396,23.404066546630844
S8,2060,baseline,华东,717.9943038941319,291.68046016871557,103.7213,395.4017200420547,322.59258385207727,55.070314332236904,55.070314332236904,717.9943038941319,561.7440200420547,78.23794938140396,23.16763504916706
S8,2025,baseline,华中,237.2838584396534,59.18755320876968,178.0962,237.28375320876967,0.00010523088370462119,99.99995565189963,99.99995565189963,237.2838584396534,237.2838584396534,100.0,4.434810037423631e-05
S8,2030,baseline,华中,237.2838584396534,101.66601957253206,135.6178,237.28377531534966,8.312430368562218e-05,99.99996496841199,99.99996496841199,237.2838584396534,237.2838584396534,100.0,3.5031588012657267e-05
S8,2035,baseline,华中,237.2838584396534,157.75284161717494,79.531,237.28380660555027,5.183410310394265e-05,99.99997815523422,99.99997815523422,237.2838584396534,237.2838584396534,100.0,2.1844765782930153e-05
S8,2040,baseline,华中,237.2838584396534,213.51333556232197,23.7705,237.28382371281333,3.472684004179882e-05,99.9999853648536,99.9999853648536,237.2838584396534,237.2838584396534,100.0,1.4635146399655241e-05
S8,2045,baseline,华中,237.2838584396534,235.0031419609501,2.2807,237.2838419609501,1.6478703273037354e-05,99.99999305527844,99.99999305527844,237.2838584396534,237.2838584396534,100.0,6.944721562263112e-06
S8,2050,baseline,华中,237.2838584396534,237.2838584396534,0.0,237.2838584396534,0.0,100.0,100.0,237.2838584396534,237.2838584396534,100.0,0.0
S8,2055,baseline,华中,237.2838584396534,237.2838584396534,0.0,237.2838584396534,0.0,100.0,100.0,237.2838584396534,237.2838584396534,100.0,0.0
S8,2060,baseline,华中,237.2838584396534,237.2838584396534,0.0,237.2838584396534,0.0,100.0,100.0,237.2838584396534,237.2838584396534,100.0,0.0
S8,2025,baseline,华北,234.62127352335955,134.89540580076982,0.0,134.89540580076982,99.72586772258973,57.49495933383009,57.49495933383009,234.62127352335955,204.90372691929375,87.3338226505249,29.838863316694805
S8,2030,baseline,华北,234.62127352335955,137.653088318852,12.8968,150.54988831885203,84.07138520450752,64.16719424373206,64.16719424373206,234.62127352335955,204.90372691929375,87.3338226505249,23.16662840679284
S8,2035,baseline,华北,234.62127352335955,141.11779028580784,43.8981,185.01589028580784,49.60538323755169,78.85725258727962,78.85725258727962,234.62127352335955,204.90372691929375,87.3338226505249,8.476570063245276
S8,2040,baseline,华北,234.62127352335955,144.0389945236979,57.4477,201.4866945236979,33.13457899966161,85.87741916916896,85.87741916916896,234.62127352335955,204.90372691929375,87.3338226505249,1.4564034813559346
S8,2045,baseline,华北,234.62127352335955,146.15970378675888,57.3141,203.47378168905587,31.14749183430368,86.72435309613876,86.72435309613876,234.62127352335955,204.90372691929375,87.3338226505249,0.6094695543861377
S8,2050,baseline,华北,234.62127352335955,146.9938884501486,57.244,204.2378752019955,30.38339832136401,87.05002412394673,87.05002412394673,234.62127352335955,204.90372691929375,87.3338226505249,0.28379852657816684
S8,2055,baseline,华北,234.62127352335955,147.519463304863,57.1935,204.71296330486302,29.908310218496524,87.2525156097924,87.2525156097924,234.62127352335955,204.90372691929375,87.3338226505249,0.08130704073249717
S8,2060,baseline,华北,234.62127352335955,147.74132691929373,57.1624,204.90372691929375,29.717546604065806,87.3338226505249,87.3338226505249,234.62127352335955,204.90372691929375,87.3338226505249,0.0
S8,2025,baseline,华南,337.356271436713,28.8817680455069,0.0,28.8817680455069,308.47450339120604,8.561206798529913,8.561206798529913,337.356271436713,329.93049903947315,97.79883374759409,89.23762694906418
S8,2030,baseline,华南,337.356271436713,49.827349387052216,0.0,49.827349387052216,287.5289220496608,14.769949043736593,14.769949043736593,337.356271436713,329.93049903947315,97.79883374759409,83.0288847038575
S8,2035,baseline,华南,337.356271436713,77.34490893136291,0.0,77.34490893136291,260.0113625053501,22.926773704834645,22.926773704834645,337.356271436713,329.93049903947315,97.79883374759409,74.87206004275944
S8,2040,baseline,华南,337.356271436713,107.00973306928226,0.0,107.00973306928226,230.3465383674307,31.720095972591682,31.720095972591682,337.356271436713,329.93049903947315,97.79883374759409,66.07873777500241
S8,2045,baseline,华南,337.356271436713,130.27712884232452,0.0,130.27712884232452,207.07914259438843,38.617076329278824,38.617076329278824,337.356271436713,329.93049903947315,97.79883374759409,59.181757418315264
S8,2050,baseline,华南,337.356271436713,136.74208825381706,0.0,136.74208825381706,200.6141831828959,40.53343596414199,40.53343596414199,337.356271436713,329.93049903947315,97.79883374759409,57.2653977834521
S8,2055,baseline,华南,337.356271436713,139.5108499298826,0.0,139.5108499298826,197.84542150683035,41.35415930930883,41.35415930930883,337.356271436713,329.93049903947315,97.79883374759409,56.44467443828526
S8,2060,baseline,华南,337.356271436713,141.13699903947315,0.0,141.13699903947315,196.21927239723985,41.83618654498618,41.83618654498618,337.356271436713,329.93049903947315,97.79883374759409,55.96264720260791
S8,2025,baseline,西北,58.0916671080529,53.35307448823536,4.7386,58.0916671080529,0.0,100.0,100.0,58.0916671080529,58.0916671080529,100.0,0.0
S8,2030,baseline,西北,58.0916671080529,58.0916671080529,0.0,58.0916671080529,0.0,100.0,100.0,58.0916671080529,58.0916671080529,100.0,0.0
S8,2035,baseline,西北,58.0916671080529,58.0916671080529,0.0,58.0916671080529,0.0,100.0,100.0,58.0916671080529,58.0916671080529,100.0,0.0
S8,2040,baseline,西北,58.0916671080529,58.0916671080529,0.0,58.0916671080529,0.0,100.0,100.0,58.0916671080529,58.0916671080529,100.0,0.0
S8,2045,baseline,西北,58.0916671080529,58.0916671080529,0.0,58.0916671080529,0.0,100.0,100.0,58.0916671080529,58.0916671080529,100.0,0.0
S8,2050,baseline,西北,58.0916671080529,58.0916671080529,0.0,58.0916671080529,0.0,100.0,100.0,58.0916671080529,58.0916671080529,100.0,0.0
S8,2055,baseline,西北,58.0916671080529,58.0916671080529,0.0,58.0916671080529,0.0,100.0,100.0,58.0916671080529,58.0916671080529,100.0,0.0
S8,2060,baseline,西北,58.0916671080529,58.0916671080529,0.0,58.0916671080529,0.0,100.0,100.0,58.0916671080529,58.0916671080529,100.0,0.0
S8,2025,baseline,西南,167.90100878427546,75.91662557044567,29.574199999999998,105.49079840685621,62.41021037741926,62.82916295184036,62.82916295184036,167.90100878427546,167.90099199427186,99.99999000005793,37.170827048217575
S8,2030,baseline,西南,167.90100878427546,117.53163270400432,25.220599999999997,142.75220363674225,25.148805147533224,85.0216473804245,85.0216473804245,167.90100878427546,167.90099199427186,99.99999000005793,14.978342619633437
S8,2035,baseline,西南,167.90100878427546,136.41866118426688,19.647,156.06566118426687,11.835347600008596,92.95099672973673,92.95099672973673,167.90100878427546,167.90099199427186,99.99999000005793,7.048993270321205
S8,2040,baseline,西南,167.90100878427546,151.01703224388535,14.389700000000001,165.40672824290195,2.4942805413735307,98.51443385633361,98.51443385633361,167.90100878427546,167.90099199427186,99.99999000005793,1.4855561437243239
S8,2045,baseline,西南,167.90100878427546,157.47745779625126,10.4235,167.90095779625128,5.0988024199227766e-05,99.99996963209182,99.99996963209182,167.90100878427546,167.90099199427186,99.99999000005793,2.0367966115486524e-05
S8,2050,baseline,西南,167.90100878427546,159.24348690724554,8.6575,167.90098690724554,2.1877029929839864e-05,99.99998697028083,99.99998697028083,167.90100878427546,167.90099199427186,99.99999000005793,3.0297771047571587e-06
S8,2055,baseline,西南,167.90100878427546,159.83619199427187,8.0648,167.90099199427186,1.679000360255145e-05,99.99999000005793,99.99999000005793,167.90100878427546,167.90099199427186,99.99999000005793,0.0
S8,2060,baseline,西南,167.90100878427546,159.83619199427187,8.0648,167.90099199427186,1.679000360255145e-05,99.99999000005793,99.99999000005793,167.90100878427546,167.90099199427186,99.99999000005793,0.0
