node_id,node_name,province,longitude,latitude,weak_component_2025,weak_component_size_2025,active_indegree_2025,active_outdegree_2025
N001,703,新疆维吾尔自治区,87.3044857,44.00921537,1,65,1,1
N002,七里山,湖南省,113.260805,29.47623236,1,65,1,1
N003,三水,广东省,113.1135059,23.02428458,11,2,0,1
N004,上饶,江西省,117.938144,28.45851288,24,1,0,0
N005,东孚,福建省,118.0810222,24.48114183,6,4,1,0
N006,东海岛,广东省,110.3828201,21.26187491,2,19,0,1
N007,临沂,山东省,118.3508968,35.10515503,1,65,1,0
N008,临海,浙江省,121.4197134,28.66043016,3,11,1,1
N009,乌鲁木齐,新疆维吾尔自治区,87.61399479,43.82418589,1,65,1,1
N010,九江,江西省,115.9490642,29.65948813,3,11,0,1
N011,亳州,安徽省,115.7750466,33.84858031,12,2,1,0
N012,保定,河北省,115.4554531,38.87308485,1,65,1,1
N013,保山,云南省,99.15527561,25.1118833,25,1,0,0
N014,信阳,河南省,114.0851703,32.15058474,1,65,1,0
N015,克拉玛依,新疆维吾尔自治区,84.88680126,45.57908248,1,65,0,1
N016,兖州,山东省,116.5836833,35.41651785,1,65,1,1
N017,六安,安徽省,116.5092677,31.73197266,4,5,1,0
N018,兰州,甘肃省,103.8314138,36.06163277,1,65,1,2
N019,兴闽,福建省,119.2915964,26.07737918,6,4,1,0
N020,包头,内蒙古自治区,109.9479759,40.62075692,9,3,1,1
N021,北沙,广东省,113.5728911,22.2745396,13,2,0,1
N022,南京(南京,江苏省,118.7902705,32.06154044,7,4,0,1
N023,南京(扬子,江苏省,118.7902705,32.06154044,8,4,0,3
N024,南宁,广西壮族自治区,108.3621636,22.82027814,2,19,2,3
N025,南昌,江西省,115.8530507,28.68633588,3,11,1,1
N026,南沙,广东省,113.2578297,23.1332448,5,5,1,2
N027,南海,广东省,113.1135059,23.02428458,5,5,1,0
N028,南疆(天津,天津市,117.2614223,39.13515139,14,2,0,1
N029,合肥,安徽省,117.2197334,31.82313855,4,5,1,2
N030,吉安长塘,江西省,114.9619304,27.09470019,3,11,1,1
N031,吉林,吉林省,126.549541,43.83796639,15,2,0,1
N032,呼和浩特,内蒙古自治区,111.7415103,40.84127836,9,3,0,1
N033,咸阳,陕西省,108.7047772,34.3303351,1,65,1,1
N034,哈密,新疆维吾尔自治区,93.51362048,42.81802454,1,65,1,1
N035,嘉兴(陈山,浙江省,120.7489996,30.74856427,7,4,0,2
N036,固安,河北省,116.6776883,39.53722851,1,65,1,1
N037,大港,天津市,117.2614223,39.13515139,1,65,0,1
N038,大理,云南省,100.2621213,25.60771126,2,19,2,0
N039,大鹏湾,广东省,114.0548095,22.54760649,16,2,0,1
N040,太原,山西省,112.5426953,37.87098243,1,65,1,0
N041,妈湾,广东省,114.0548095,22.54760649,16,2,1,0
N042,娄底,湖南省,111.990876,27.70083635,1,65,1,0
N043,宁海,浙江省,121.6219554,29.8607673,3,11,1,1
N044,安宁,云南省,102.7432509,25.08100417,2,19,0,3
N045,安庆,安徽省,117.107568,30.53495975,4,5,0,1
N046,宿州,安徽省,116.9588379,33.64921788,1,65,1,0
N047,寻甸,云南省,102.7432509,25.08100417,2,19,1,1
N048,巩义,河南省,113.6193176,34.74752068,1,65,1,1
N049,巴彦淖尔,内蒙古自治区,107.3813318,40.7431593,17,2,1,0
N050,广水,湖北省,113.3761098,31.69215886,18,2,0,1
N051,广水武胜关镇,湖北省,113.3761098,31.69215886,18,2,1,0
N052,张掖,甘肃省,100.4482023,38.92467819,1,65,1,1
N053,徐州,江苏省,117.2749121,34.20440827,1,65,1,1
N054,徐州(新沂,江苏省,117.2749121,34.20440827,8,4,1,0
N055,德州,山东省,116.3499607,37.4368547,1,65,1,1
N056,惠州,广东省,114.4106386,23.11487488,5,5,1,0
N057,成都,四川省,104.0385743,30.69284828,1,65,1,1
N058,抚顺,辽宁省,123.9514419,41.87872444,1,65,0,1
N059,拉萨,西藏自治区,91.17069453,29.65619389,19,2,1,0
N060,斗门,广东省,113.5728911,22.2745396,5,5,1,0
N061,新乡,河南省,113.9183294,35.30446704,1,65,1,1
N062,昆东,云南省,102.7432509,25.08100417,20,2,1,0
N063,昆明,云南省,102.7432509,25.08100417,2,19,1,0
N064,晋中,山西省,112.7446161,37.68567283,1,65,1,1
N065,曲阜,山东省,116.5836833,35.41651785,1,65,1,2
N066,曲靖,云南省,103.7914451,25.49347973,2,19,2,0
N067,枣庄,山东省,117.3160283,34.81395871,1,65,2,2
N068,柳园,甘肃省,98.49115772,39.73039911,1,65,1,1
N069,柳州,广西壮族自治区,109.4257429,24.32828748,2,19,2,3
N070,柳库,广西壮族自治区,109.4257429,24.32828748,2,19,1,0
N071,株洲,湖南省,113.1266032,27.83380795,1,65,1,0
N072,格尔木,青海省,97.36903221,37.37652179,19,2,0,1
N073,桂林,广西壮族自治区,110.2833245,25.27690019,2,19,1,0
N074,桐庐,浙江省,120.2048484,30.24977957,21,2,1,0
N075,梅州,广东省,116.1160706,24.29108064,26,1,0,0
N076,樟树,江西省,114.4123745,27.81877183,3,11,2,1
N077,武威,甘肃省,102.63634,37.92858453,1,65,1,1
N078,武汉,湖北省,114.3012374,30.59713291,1,65,1,1
N079,武清,天津市,117.2614223,39.13515139,14,2,1,0
N080,江津,重庆市,106.5467371,29.56659842,1,65,0,1
N081,江门,广东省,113.0740716,22.58145271,2,19,1,0
N082,汤阴,河南省,114.3583007,36.09691222,1,65,1,2
N083,汨罗,湖南省,113.260805,29.47623236,1,65,1,1
N084,沧州,河北省,116.855601,38.31116389,1,65,1,1
N085,泉港,福建省,118.6751351,24.87843187,6,4,0,3
N086,泰安,山东省,117.0815513,36.20000913,1,65,1,1
N087,泰州(泰州,江苏省,119.915306,32.45511081,8,4,1,0
N088,洛阳,河南省,112.402798,34.64229511,1,65,0,1
N089,济南,山东省,116.9954885,36.64792998,1,65,4,4
N090,济宁,山东省,116.5836833,35.41651785,1,65,1,0
N091,淄博,山东省,118.050415,36.81483572,1,65,1,1
N092,淮南,安徽省,117.0131142,32.58738167,4,5,1,1
N093,湖州(湖州,浙江省,120.0792982,30.8934637,7,4,1,0
N094,湘潭,湖南省,112.9385458,27.83333305,1,65,1,3
N095,湛江,广东省,110.3828201,21.26187491,27,1,0,0
N096,漯河,河南省,114.012047,33.58330496,1,65,1,1
N097,潍坊,山东省,119.1535384,36.70714657,1,65,1,1
N098,濮阳,河南省,115.0236155,35.76426442,1,65,1,1
N099,灵昆,浙江省,120.6794261,28.01154027,3,11,1,1
N100,独山子,新疆维吾尔自治区,84.88680126,45.57908248,1,65,0,2
N101,玉溪,云南省,102.5258923,24.35033692,2,19,1,1
N102,王家沟,新疆维吾尔自治区,87.61399479,43.82418589,1,65,2,0
N103,珠海,广东省,113.5728911,22.2745396,13,2,1,0
N104,瑞安,浙江省,120.6794261,28.01154027,3,11,1,0
N105,盐城(盐城,江苏省,120.1563009,33.34840987,8,4,1,0
N106,石家庄,河北省,114.5089353,38.04183339,1,65,1,1
N107,石湖山,福建省,118.0810222,24.48114183,6,4,1,0
N108,秋田冲,云南省,102.7432509,25.08100417,20,2,0,1
N109,简阳,四川省,104.0385743,30.69284828,2,19,1,0
N110,算山,浙江省,121.6219554,29.8607673,3,11,0,2
N111,绍兴,浙江省,120.5800044,30.05145821,22,2,0,1
N112,耒阳,湖南省,112.5664064,26.89725267,23,2,0,1
N113,聊城,山东省,115.9801841,36.45418762,1,65,1,1
N114,肥城,山东省,117.0815513,36.20000913,1,65,1,1
N115,花都,广东省,113.2578297,23.1332448,11,2,1,0
N116,苏州(苏州,江苏省,120.581097,31.3019128,7,4,2,0
N117,茂名,广东省,110.9216638,21.66642469,2,19,0,2
N118,荆州,湖北省,112.2348628,30.33970576,10,3,1,0
N119,荆门,湖北省,112.1931881,31.03762742,10,3,0,2
N120,萧山,浙江省,120.2048484,30.24977957,22,2,1,0
N121,蒙自,云南省,103.3740373,23.36579148,2,19,1,0
N122,蚌埠,安徽省,117.379653,32.91909899,4,5,1,0
N123,衡阳,湖南省,112.5664064,26.89725267,1,65,1,0
N124,襄阳,湖北省,112.1159833,32.01139396,10,3,1,0
N125,许昌,河南省,113.8418998,34.03900016,1,65,1,1
N126,诸暨,浙江省,120.5800044,30.05145821,21,2,0,1
N127,贵阳,贵州省,106.6930042,26.73530793,2,19,1,2
N128,赣州,江西省,114.9288134,25.83432314,3,11,1,0
N129,辽河,辽宁省,122.1637099,40.71960167,1,65,1,1
N130,辽阳,辽宁省,123.2315378,41.26650675,1,65,1,1
N131,邢台,河北省,114.4967119,37.07003791,1,65,1,1
N132,邯郸,河北省,114.5356201,36.62685489,1,65,2,2
N133,郑州,河南省,113.6193176,34.74752068,1,65,4,2
N134,郴州,湖南省,113.0099272,25.77315809,23,2,1,0
N135,鄂尔多斯,内蒙古自治区,109.7767426,39.60774057,9,3,1,0
N136,酒泉,甘肃省,98.49115772,39.73039911,1,65,1,1
N137,重庆,重庆市,106.5467371,29.56659842,1,65,2,0
N138,钦州,广西壮族自治区,108.6506176,21.98377513,2,19,0,1
N139,银川,宁夏回族自治区,106.2305529,38.4866953,17,2,0,1
N140,锦州,辽宁省,121.1213238,41.09367767,1,65,1,1
N141,长坡,云南省,102.7432509,25.08100417,2,19,1,2
N142,长岭,湖南省,113.260805,29.47623236,1,65,0,1
N143,长春,吉林省,125.3184929,43.81369331,15,2,1,0
N144,长沙,湖南省,112.9334488,28.23178771,1,65,2,1
N145,阜阳,安徽省,115.8074841,32.89327954,12,2,0,1
N146,阳泉,山西省,113.5899658,37.84854586,1,65,1,1
N147,青岛,山东省,120.3775345,36.06661649,1,65,0,1
N148,驻马店,河南省,114.0197418,33.00970244,1,65,1,1
N149,高庄,河北省,114.5089353,38.04183339,1,65,1,1
N150,黄埔,广东省,113.2578297,23.1332448,5,5,0,2
N151,黎塘,广西壮族自治区,108.3621636,22.82027814,2,19,1,0
N152,齐鲁,山东省,118.050415,36.81483572,1,65,0,1
N153,龙游,浙江省,118.8550477,28.97458612,3,11,1,1
