panel,record_type,scenario,tier,year,metric,value,unit,source_boundary,variant
a,trajectory,S1,mid,2025,served_share_pct,81.37529197007804,%,upstream_figure3_dynamic_v08_panel_a_aggregate,dynamic_v08
a,trajectory,S1,mid,2030,served_share_pct,63.76303335297683,%,upstream_figure3_dynamic_v08_panel_a_aggregate,dynamic_v08
a,trajectory,S1,mid,2035,served_share_pct,59.298405614547065,%,upstream_figure3_dynamic_v08_panel_a_aggregate,dynamic_v08
a,trajectory,S1,mid,2040,served_share_pct,57.05021493716412,%,upstream_figure3_dynamic_v08_panel_a_aggregate,dynamic_v08
a,trajectory,S1,mid,2045,served_share_pct,54.762672871317776,%,upstream_figure3_dynamic_v08_panel_a_aggregate,dynamic_v08
a,trajectory,S1,mid,2050,served_share_pct,52.51316428734065,%,upstream_figure3_dynamic_v08_panel_a_aggregate,dynamic_v08
a,trajectory,S1,mid,2055,served_share_pct,51.48389315614475,%,upstream_figure3_dynamic_v08_panel_a_aggregate,dynamic_v08
a,trajectory,S1,mid,2060,served_share_pct,50.66898112448123,%,upstream_figure3_dynamic_v08_panel_a_aggregate,dynamic_v08
a,trajectory,S2,mid,2025,served_share_pct,92.4688098467238,%,upstream_figure3_dynamic_v08_panel_a_aggregate,dynamic_v08
a,trajectory,S2,mid,2030,served_share_pct,81.21092765125363,%,upstream_figure3_dynamic_v08_panel_a_aggregate,dynamic_v08
a,trajectory,S2,mid,2035,served_share_pct,78.90731507518251,%,upstream_figure3_dynamic_v08_panel_a_aggregate,dynamic_v08
a,trajectory,S2,mid,2040,served_share_pct,77.49849394350039,%,upstream_figure3_dynamic_v08_panel_a_aggregate,dynamic_v08
a,trajectory,S2,mid,2045,served_share_pct,76.0254272822921,%,upstream_figure3_dynamic_v08_panel_a_aggregate,dynamic_v08
a,trajectory,S2,mid,2050,served_share_pct,73.96443031823406,%,upstream_figure3_dynamic_v08_panel_a_aggregate,dynamic_v08
a,trajectory,S2,mid,2055,served_share_pct,71.10324481148723,%,upstream_figure3_dynamic_v08_panel_a_aggregate,dynamic_v08
a,trajectory,S2,mid,2060,served_share_pct,68.8637461319405,%,upstream_figure3_dynamic_v08_panel_a_aggregate,dynamic_v08
a,trajectory,S3,mid,2025,served_share_pct,0.0,%,upstream_figure3_dynamic_v08_panel_a_aggregate,dynamic_v08
a,trajectory,S3,mid,2030,served_share_pct,80.95254748083947,%,upstream_figure3_dynamic_v08_panel_a_aggregate,dynamic_v08
a,trajectory,S3,mid,2035,served_share_pct,79.7377606089919,%,upstream_figure3_dynamic_v08_panel_a_aggregate,dynamic_v08
a,trajectory,S3,mid,2040,served_share_pct,79.67115752428533,%,upstream_figure3_dynamic_v08_panel_a_aggregate,dynamic_v08
a,trajectory,S3,mid,2045,served_share_pct,79.44370893247162,%,upstream_figure3_dynamic_v08_panel_a_aggregate,dynamic_v08
a,trajectory,S3,mid,2050,served_share_pct,78.92396497102628,%,upstream_figure3_dynamic_v08_panel_a_aggregate,dynamic_v08
a,trajectory,S3,mid,2055,served_share_pct,78.05765937969232,%,upstream_figure3_dynamic_v08_panel_a_aggregate,dynamic_v08
a,trajectory,S3,mid,2060,served_share_pct,77.10827303385803,%,upstream_figure3_dynamic_v08_panel_a_aggregate,dynamic_v08
a,trajectory,S4,mid,2025,served_share_pct,97.8615498225303,%,upstream_figure3_dynamic_v08_panel_a_aggregate,dynamic_v08
a,trajectory,S4,mid,2030,served_share_pct,90.30992293607284,%,upstream_figure3_dynamic_v08_panel_a_aggregate,dynamic_v08
a,trajectory,S4,mid,2035,served_share_pct,85.0072294499885,%,upstream_figure3_dynamic_v08_panel_a_aggregate,dynamic_v08
a,trajectory,S4,mid,2040,served_share_pct,82.31409509693496,%,upstream_figure3_dynamic_v08_panel_a_aggregate,dynamic_v08
a,trajectory,S4,mid,2045,served_share_pct,81.44180550774993,%,upstream_figure3_dynamic_v08_panel_a_aggregate,dynamic_v08
a,trajectory,S4,mid,2050,served_share_pct,80.02119438008415,%,upstream_figure3_dynamic_v08_panel_a_aggregate,dynamic_v08
a,trajectory,S4,mid,2055,served_share_pct,78.9900733859992,%,upstream_figure3_dynamic_v08_panel_a_aggregate,dynamic_v08
a,trajectory,S4,mid,2060,served_share_pct,78.4507452664363,%,upstream_figure3_dynamic_v08_panel_a_aggregate,dynamic_v08
a,trajectory,S5,mid,2025,served_share_pct,83.22306701050465,%,upstream_figure3_dynamic_v08_panel_a_aggregate,dynamic_v08
a,trajectory,S5,mid,2030,served_share_pct,66.79199012768909,%,upstream_figure3_dynamic_v08_panel_a_aggregate,dynamic_v08
a,trajectory,S5,mid,2035,served_share_pct,63.45872912906307,%,upstream_figure3_dynamic_v08_panel_a_aggregate,dynamic_v08
a,trajectory,S5,mid,2040,served_share_pct,60.75809032032328,%,upstream_figure3_dynamic_v08_panel_a_aggregate,dynamic_v08
a,trajectory,S5,mid,2045,served_share_pct,55.03192573280023,%,upstream_figure3_dynamic_v08_panel_a_aggregate,dynamic_v08
a,trajectory,S5,mid,2050,served_share_pct,50.31442598434972,%,upstream_figure3_dynamic_v08_panel_a_aggregate,dynamic_v08
a,trajectory,S5,mid,2055,served_share_pct,46.91284911249565,%,upstream_figure3_dynamic_v08_panel_a_aggregate,dynamic_v08
a,trajectory,S5,mid,2060,served_share_pct,43.31895156475056,%,upstream_figure3_dynamic_v08_panel_a_aggregate,dynamic_v08
a,trajectory,S6,mid,2025,served_share_pct,85.93310521586078,%,upstream_figure3_dynamic_v08_panel_a_aggregate,dynamic_v08
a,trajectory,S6,mid,2030,served_share_pct,69.29807099695586,%,upstream_figure3_dynamic_v08_panel_a_aggregate,dynamic_v08
a,trajectory,S6,mid,2035,served_share_pct,65.48587755921965,%,upstream_figure3_dynamic_v08_panel_a_aggregate,dynamic_v08
a,trajectory,S6,mid,2040,served_share_pct,62.69684701622522,%,upstream_figure3_dynamic_v08_panel_a_aggregate,dynamic_v08
a,trajectory,S6,mid,2045,served_share_pct,56.963518151463965,%,upstream_figure3_dynamic_v08_panel_a_aggregate,dynamic_v08
a,trajectory,S6,mid,2050,served_share_pct,52.30600435990374,%,upstream_figure3_dynamic_v08_panel_a_aggregate,dynamic_v08
a,trajectory,S6,mid,2055,served_share_pct,49.029042998767,%,upstream_figure3_dynamic_v08_panel_a_aggregate,dynamic_v08
a,trajectory,S6,mid,2060,served_share_pct,46.10928617637455,%,upstream_figure3_dynamic_v08_panel_a_aggregate,dynamic_v08
a,trajectory,S7,mid,2025,served_share_pct,83.11866156733144,%,upstream_figure3_dynamic_v08_panel_a_aggregate,dynamic_v08
a,trajectory,S7,mid,2030,served_share_pct,65.53655360584567,%,upstream_figure3_dynamic_v08_panel_a_aggregate,dynamic_v08
a,trajectory,S7,mid,2035,served_share_pct,61.56332739601802,%,upstream_figure3_dynamic_v08_panel_a_aggregate,dynamic_v08
a,trajectory,S7,mid,2040,served_share_pct,59.553467215103176,%,upstream_figure3_dynamic_v08_panel_a_aggregate,dynamic_v08
a,trajectory,S7,mid,2045,served_share_pct,53.93545768981922,%,upstream_figure3_dynamic_v08_panel_a_aggregate,dynamic_v08
a,trajectory,S7,mid,2050,served_share_pct,49.18702529774659,%,upstream_figure3_dynamic_v08_panel_a_aggregate,dynamic_v08
a,trajectory,S7,mid,2055,served_share_pct,45.8417901854737,%,upstream_figure3_dynamic_v08_panel_a_aggregate,dynamic_v08
a,trajectory,S7,mid,2060,served_share_pct,42.84033611989062,%,upstream_figure3_dynamic_v08_panel_a_aggregate,dynamic_v08
a,trajectory,S8,mid,2025,served_share_pct,84.11181619601149,%,upstream_figure3_dynamic_v08_panel_a_aggregate,dynamic_v08
a,trajectory,S8,mid,2030,served_share_pct,67.00717158567173,%,upstream_figure3_dynamic_v08_panel_a_aggregate,dynamic_v08
a,trajectory,S8,mid,2035,served_share_pct,63.00479336632059,%,upstream_figure3_dynamic_v08_panel_a_aggregate,dynamic_v08
a,trajectory,S8,mid,2040,served_share_pct,60.72934252537648,%,upstream_figure3_dynamic_v08_panel_a_aggregate,dynamic_v08
a,trajectory,S8,mid,2045,served_share_pct,55.20596587606096,%,upstream_figure3_dynamic_v08_panel_a_aggregate,dynamic_v08
a,trajectory,S8,mid,2050,served_share_pct,50.466753061481306,%,upstream_figure3_dynamic_v08_panel_a_aggregate,dynamic_v08
a,trajectory,S8,mid,2055,served_share_pct,47.12843506831396,%,upstream_figure3_dynamic_v08_panel_a_aggregate,dynamic_v08
a,trajectory,S8,mid,2060,served_share_pct,44.62708017238906,%,upstream_figure3_dynamic_v08_panel_a_aggregate,dynamic_v08
a,demand_callout,S5,mid,2025,dynamic_demand_mt,0.706,Mt,upstream_figure3_dynamic_v08_panel_a_aggregate,dynamic_v08
a,demand_callout,S5,mid,2030,dynamic_demand_mt,7.26,Mt,upstream_figure3_dynamic_v08_panel_a_aggregate,dynamic_v08
a,demand_callout,S5,mid,2060,dynamic_demand_mt,72.5,Mt,upstream_figure3_dynamic_v08_panel_a_aggregate,dynamic_v08
b,scenario_account,S1,mid,2060,quantity_shortage_pct,0.0,%,upstream_figure3_dynamic_v08_panel_b_aggregate,dynamic_v08
b,scenario_account,S1,mid,2060,served_pct,50.66898112448124,%,upstream_figure3_dynamic_v08_panel_b_aggregate,dynamic_v08
b,scenario_account,S1,mid,2060,spatial_network_gap_pct,49.331018875518765,%,upstream_figure3_dynamic_v08_panel_b_aggregate,dynamic_v08
b,scenario_account,S2,mid,2060,quantity_shortage_pct,0.0,%,upstream_figure3_dynamic_v08_panel_b_aggregate,dynamic_v08
b,scenario_account,S2,mid,2060,served_pct,68.8637461319405,%,upstream_figure3_dynamic_v08_panel_b_aggregate,dynamic_v08
b,scenario_account,S2,mid,2060,spatial_network_gap_pct,31.136253868059494,%,upstream_figure3_dynamic_v08_panel_b_aggregate,dynamic_v08
b,scenario_account,S3,mid,2060,quantity_shortage_pct,0.0,%,upstream_figure3_dynamic_v08_panel_b_aggregate,dynamic_v08
b,scenario_account,S3,mid,2060,served_pct,77.10827303385803,%,upstream_figure3_dynamic_v08_panel_b_aggregate,dynamic_v08
b,scenario_account,S3,mid,2060,spatial_network_gap_pct,22.89172696614197,%,upstream_figure3_dynamic_v08_panel_b_aggregate,dynamic_v08
b,scenario_account,S4,mid,2060,quantity_shortage_pct,0.0,%,upstream_figure3_dynamic_v08_panel_b_aggregate,dynamic_v08
b,scenario_account,S4,mid,2060,served_pct,78.45074526643631,%,upstream_figure3_dynamic_v08_panel_b_aggregate,dynamic_v08
b,scenario_account,S4,mid,2060,spatial_network_gap_pct,21.54925473356369,%,upstream_figure3_dynamic_v08_panel_b_aggregate,dynamic_v08
b,scenario_account,S5,mid,2060,quantity_shortage_pct,12.612401282351792,%,upstream_figure3_dynamic_v08_panel_b_aggregate,dynamic_v08
b,scenario_account,S5,mid,2060,served_pct,43.31895156475056,%,upstream_figure3_dynamic_v08_panel_b_aggregate,dynamic_v08
b,scenario_account,S5,mid,2060,spatial_network_gap_pct,44.06864715289765,%,upstream_figure3_dynamic_v08_panel_b_aggregate,dynamic_v08
b,scenario_account,S6,mid,2060,quantity_shortage_pct,12.612401282351792,%,upstream_figure3_dynamic_v08_panel_b_aggregate,dynamic_v08
b,scenario_account,S6,mid,2060,served_pct,46.10928617637456,%,upstream_figure3_dynamic_v08_panel_b_aggregate,dynamic_v08
b,scenario_account,S6,mid,2060,spatial_network_gap_pct,41.27831254127365,%,upstream_figure3_dynamic_v08_panel_b_aggregate,dynamic_v08
b,scenario_account,S7,mid,2060,quantity_shortage_pct,12.61240128235178,%,upstream_figure3_dynamic_v08_panel_b_aggregate,dynamic_v08
b,scenario_account,S7,mid,2060,served_pct,42.84033611989062,%,upstream_figure3_dynamic_v08_panel_b_aggregate,dynamic_v08
b,scenario_account,S7,mid,2060,spatial_network_gap_pct,44.5472625977576,%,upstream_figure3_dynamic_v08_panel_b_aggregate,dynamic_v08
b,scenario_account,S8,mid,2060,quantity_shortage_pct,12.612401282351804,%,upstream_figure3_dynamic_v08_panel_b_aggregate,dynamic_v08
b,scenario_account,S8,mid,2060,served_pct,44.62708017238907,%,upstream_figure3_dynamic_v08_panel_b_aggregate,dynamic_v08
b,scenario_account,S8,mid,2060,spatial_network_gap_pct,42.76051854525912,%,upstream_figure3_dynamic_v08_panel_b_aggregate,dynamic_v08
c,gap_decomposition,S1,mid,2060,capacity_contribution_pct,-5.819623851048341e-15,%,upstream_figure3_dynamic_v08_panel_c_aggregate,dynamic_v08
c,gap_decomposition,S1,mid,2060,direction_contribution_pct,46.937398613487446,%,upstream_figure3_dynamic_v08_panel_c_aggregate,dynamic_v08
c,gap_decomposition,S1,mid,2060,topology_access_residual_pct,53.06260138651256,%,upstream_figure3_dynamic_v08_panel_c_aggregate,dynamic_v08
c,gap_decomposition,S2,mid,2060,capacity_contribution_pct,0.1362007538854609,%,upstream_figure3_dynamic_v08_panel_c_aggregate,dynamic_v08
c,gap_decomposition,S2,mid,2060,direction_contribution_pct,9.20742890152529,%,upstream_figure3_dynamic_v08_panel_c_aggregate,dynamic_v08
c,gap_decomposition,S2,mid,2060,topology_access_residual_pct,90.65637034458923,%,upstream_figure3_dynamic_v08_panel_c_aggregate,dynamic_v08
c,gap_decomposition,S3,mid,2060,capacity_contribution_pct,0.0,%,upstream_figure3_dynamic_v08_panel_c_aggregate,dynamic_v08
c,gap_decomposition,S3,mid,2060,direction_contribution_pct,46.98004316486503,%,upstream_figure3_dynamic_v08_panel_c_aggregate,dynamic_v08
c,gap_decomposition,S3,mid,2060,topology_access_residual_pct,53.01995683513498,%,upstream_figure3_dynamic_v08_panel_c_aggregate,dynamic_v08
c,gap_decomposition,S4,mid,2060,capacity_contribution_pct,-2.09352133289503e-14,%,upstream_figure3_dynamic_v08_panel_c_aggregate,dynamic_v08
c,gap_decomposition,S4,mid,2060,direction_contribution_pct,31.26933904268335,%,upstream_figure3_dynamic_v08_panel_c_aggregate,dynamic_v08
c,gap_decomposition,S4,mid,2060,topology_access_residual_pct,68.73066095731667,%,upstream_figure3_dynamic_v08_panel_c_aggregate,dynamic_v08
c,gap_decomposition,S5,mid,2060,capacity_contribution_pct,5.210561898948703,%,upstream_figure3_dynamic_v08_panel_c_aggregate,dynamic_v08
c,gap_decomposition,S5,mid,2060,direction_contribution_pct,20.305650605053767,%,upstream_figure3_dynamic_v08_panel_c_aggregate,dynamic_v08
c,gap_decomposition,S5,mid,2060,topology_access_residual_pct,74.48378749599753,%,upstream_figure3_dynamic_v08_panel_c_aggregate,dynamic_v08
c,gap_decomposition,S6,mid,2060,capacity_contribution_pct,4.101225189453697,%,upstream_figure3_dynamic_v08_panel_c_aggregate,dynamic_v08
c,gap_decomposition,S6,mid,2060,direction_contribution_pct,16.81939077018518,%,upstream_figure3_dynamic_v08_panel_c_aggregate,dynamic_v08
c,gap_decomposition,S6,mid,2060,topology_access_residual_pct,79.07938404036112,%,upstream_figure3_dynamic_v08_panel_c_aggregate,dynamic_v08
c,gap_decomposition,S7,mid,2060,capacity_contribution_pct,1.333102541041584,%,upstream_figure3_dynamic_v08_panel_c_aggregate,dynamic_v08
c,gap_decomposition,S7,mid,2060,direction_contribution_pct,25.4140806442037,%,upstream_figure3_dynamic_v08_panel_c_aggregate,dynamic_v08
c,gap_decomposition,S7,mid,2060,topology_access_residual_pct,73.25281681475472,%,upstream_figure3_dynamic_v08_panel_c_aggregate,dynamic_v08
c,gap_decomposition,S8,mid,2060,capacity_contribution_pct,1.2535959716289726,%,upstream_figure3_dynamic_v08_panel_c_aggregate,dynamic_v08
c,gap_decomposition,S8,mid,2060,direction_contribution_pct,22.66772614349868,%,upstream_figure3_dynamic_v08_panel_c_aggregate,dynamic_v08
c,gap_decomposition,S8,mid,2060,topology_access_residual_pct,76.07867788487235,%,upstream_figure3_dynamic_v08_panel_c_aggregate,dynamic_v08
d,counterfactual_relaxation,S5,mid,2060,capacity_relaxation_gain_10kt,0.0,10 kt/y,upstream_figure3_dynamic_v08_panel_c_aggregate,dynamic_v08
d,counterfactual_relaxation,S5,mid,2060,direction_relaxation_gain_10kt,482.28459999999905,10 kt/y,upstream_figure3_dynamic_v08_panel_c_aggregate,dynamic_v08
d,counterfactual_relaxation,S5,mid,2060,joint_relaxation_gain_10kt,815.2370999999989,10 kt/y,upstream_figure3_dynamic_v08_panel_c_aggregate,dynamic_v08
d,counterfactual_relaxation,S6,mid,2060,capacity_relaxation_gain_10kt,28.473399999999856,10 kt/y,upstream_figure3_dynamic_v08_panel_c_aggregate,dynamic_v08
d,counterfactual_relaxation,S6,mid,2060,direction_relaxation_gain_10kt,409.0871000000002,10 kt/y,upstream_figure3_dynamic_v08_panel_c_aggregate,dynamic_v08
d,counterfactual_relaxation,S6,mid,2060,joint_relaxation_gain_10kt,626.0866000000001,10 kt/y,upstream_figure3_dynamic_v08_panel_c_aggregate,dynamic_v08
d,counterfactual_relaxation,S7,mid,2060,capacity_relaxation_gain_10kt,0.0,10 kt/y,upstream_figure3_dynamic_v08_panel_c_aggregate,dynamic_v08
d,counterfactual_relaxation,S7,mid,2060,direction_relaxation_gain_10kt,777.7376999999997,10 kt/y,upstream_figure3_dynamic_v08_panel_c_aggregate,dynamic_v08
d,counterfactual_relaxation,S7,mid,2060,joint_relaxation_gain_10kt,863.8474999999999,10 kt/y,upstream_figure3_dynamic_v08_panel_c_aggregate,dynamic_v08
d,counterfactual_relaxation,S8,mid,2060,capacity_relaxation_gain_10kt,0.0,10 kt/y,upstream_figure3_dynamic_v08_panel_c_aggregate,dynamic_v08
d,counterfactual_relaxation,S8,mid,2060,direction_relaxation_gain_10kt,663.8674999999998,10 kt/y,upstream_figure3_dynamic_v08_panel_c_aggregate,dynamic_v08
d,counterfactual_relaxation,S8,mid,2060,joint_relaxation_gain_10kt,741.5938999999998,10 kt/y,upstream_figure3_dynamic_v08_panel_c_aggregate,dynamic_v08
f,scenario_point,S1,mid,2060,scenario_served_pct,17.715898711683206,%,upstream_service_mode_summary_baseline_replay_scenario_aggregate,baseline
f,scenario_point,S1,mid,2060,scenario_served_pct,86.52518968224842,%,upstream_service_mode_summary_free_all_positive_city_support_scenario_aggregate,local_co_location
f,scenario_point,S1,mid,2060,scenario_served_pct,32.32139898989897,%,upstream_service_mode_summary_free_all_positive_city_support_no_local_direct_scenario_aggregate,strict_pipeline
f,service_mode_account,S1-S8,mid,2060,local_service_pct,17.277961692496056,%,upstream_service_mode_summary_baseline_replay_pooled_aggregate,baseline
f,service_mode_account,S1-S8,mid,2060,local_service_pct,91.99788003392749,%,upstream_service_mode_summary_free_all_positive_city_support_pooled_aggregate,local_co_location
f,service_mode_account,S1-S8,mid,2060,local_service_pct,0.0,%,upstream_service_mode_summary_free_all_positive_city_support_no_local_direct_pooled_aggregate,strict_pipeline
f,service_mode_account,S1-S8,mid,2060,pipeline_service_pct,8.933534344827587,%,upstream_service_mode_summary_baseline_replay_pooled_aggregate,baseline
f,service_mode_account,S1-S8,mid,2060,pipeline_service_pct,0.0,%,upstream_service_mode_summary_free_all_positive_city_support_pooled_aggregate,local_co_location
f,service_mode_account,S1-S8,mid,2060,pipeline_service_pct,47.74776082758621,%,upstream_service_mode_summary_free_all_positive_city_support_no_local_direct_pooled_aggregate,strict_pipeline
f,service_mode_account,S1-S8,mid,2060,unserved_pct,73.78850396267636,%,upstream_service_mode_summary_baseline_replay_pooled_aggregate,baseline
f,service_mode_account,S1-S8,mid,2060,unserved_pct,8.002119966072504,%,upstream_service_mode_summary_free_all_positive_city_support_pooled_aggregate,local_co_location
f,service_mode_account,S1-S8,mid,2060,unserved_pct,52.25223917241379,%,upstream_service_mode_summary_free_all_positive_city_support_no_local_direct_pooled_aggregate,strict_pipeline
f,scenario_point,S2,mid,2060,scenario_served_pct,29.86470134352609,%,upstream_service_mode_summary_baseline_replay_scenario_aggregate,baseline
f,scenario_point,S2,mid,2060,scenario_served_pct,94.7041620509249,%,upstream_service_mode_summary_free_all_positive_city_support_scenario_aggregate,local_co_location
f,scenario_point,S2,mid,2060,scenario_served_pct,40.53210937500002,%,upstream_service_mode_summary_free_all_positive_city_support_no_local_direct_scenario_aggregate,strict_pipeline
f,scenario_point,S3,mid,2060,scenario_served_pct,48.48755825180903,%,upstream_service_mode_summary_baseline_replay_scenario_aggregate,baseline
f,scenario_point,S3,mid,2060,scenario_served_pct,91.32908910989269,%,upstream_service_mode_summary_free_all_positive_city_support_scenario_aggregate,local_co_location
f,scenario_point,S3,mid,2060,scenario_served_pct,68.06208641975307,%,upstream_service_mode_summary_free_all_positive_city_support_no_local_direct_scenario_aggregate,strict_pipeline
f,scenario_point,S4,mid,2060,scenario_served_pct,48.376882306853844,%,upstream_service_mode_summary_baseline_replay_scenario_aggregate,baseline
f,scenario_point,S4,mid,2060,scenario_served_pct,94.52821648919698,%,upstream_service_mode_summary_free_all_positive_city_support_scenario_aggregate,local_co_location
f,scenario_point,S4,mid,2060,scenario_served_pct,66.05630158730156,%,upstream_service_mode_summary_free_all_positive_city_support_no_local_direct_scenario_aggregate,strict_pipeline
f,scenario_point,S5,mid,2060,scenario_served_pct,25.24185699747903,%,upstream_service_mode_summary_baseline_replay_scenario_aggregate,baseline
f,scenario_point,S5,mid,2060,scenario_served_pct,92.06280125368451,%,upstream_service_mode_summary_free_all_positive_city_support_scenario_aggregate,local_co_location
f,scenario_point,S5,mid,2060,scenario_served_pct,45.44767310344827,%,upstream_service_mode_summary_free_all_positive_city_support_no_local_direct_scenario_aggregate,strict_pipeline
f,scenario_point,S6,mid,2060,scenario_served_pct,25.806211364117765,%,upstream_service_mode_summary_baseline_replay_scenario_aggregate,baseline
f,scenario_point,S6,mid,2060,scenario_served_pct,92.71182305839795,%,upstream_service_mode_summary_free_all_positive_city_support_scenario_aggregate,local_co_location
f,scenario_point,S6,mid,2060,scenario_served_pct,47.890849655172424,%,upstream_service_mode_summary_free_all_positive_city_support_no_local_direct_scenario_aggregate,strict_pipeline
f,scenario_point,S7,mid,2060,scenario_served_pct,24.072787898618458,%,upstream_service_mode_summary_baseline_replay_scenario_aggregate,baseline
f,scenario_point,S7,mid,2060,scenario_served_pct,91.38031027080469,%,upstream_service_mode_summary_free_all_positive_city_support_scenario_aggregate,local_co_location
f,scenario_point,S7,mid,2060,scenario_served_pct,48.22844,%,upstream_service_mode_summary_free_all_positive_city_support_no_local_direct_scenario_aggregate,strict_pipeline
f,scenario_point,S8,mid,2060,scenario_served_pct,24.091890458952292,%,upstream_service_mode_summary_baseline_replay_scenario_aggregate,baseline
f,scenario_point,S8,mid,2060,scenario_served_pct,91.77166433306577,%,upstream_service_mode_summary_free_all_positive_city_support_scenario_aggregate,local_co_location
f,scenario_point,S8,mid,2060,scenario_served_pct,51.37041379310346,%,upstream_service_mode_summary_free_all_positive_city_support_no_local_direct_scenario_aggregate,strict_pipeline
g,strict_pipeline_account,S1-S8,mid,2060,mapped_unserved_pp,13.946385539857495,percentage points,upstream_terminal_gap_account_pooled_aggregate; public_terminal_gap_aggregate_crosscheck,terminal_account
g,strict_pipeline_account,S1-S8,mid,2060,no_mapped_terminal_pp,38.30585363255629,percentage points,upstream_terminal_gap_account_pooled_aggregate; public_terminal_gap_aggregate_crosscheck,terminal_account
g,strict_pipeline_account,S1-S8,mid,2060,pipeline_service_pct,47.74776082758621,%,upstream_terminal_gap_account_pooled_aggregate; public_terminal_gap_aggregate_crosscheck,terminal_account
h,strict_quantity_placement_effect,S1-S8,mid,2060,A_quantity_improvement_pp,0.0,percentage points,upstream_cross_2x2_demand_weighted_aggregate,strict_quantity_placement_effect
h,strict_quantity_placement_effect,S1-S8,mid,2060,baseline_quantity_improvement_pp,32.14244882758621,percentage points,upstream_cross_2x2_demand_weighted_aggregate,strict_quantity_placement_effect
h,strict_quantity_placement_effect,S1-S8,mid,2060,constrained_placement_penalty_pp,5.109691034482755,percentage points,upstream_cross_2x2_demand_weighted_aggregate,strict_quantity_placement_effect
h,strict_quantity_placement_effect,S1-S8,mid,2060,free_placement_penalty_pp,37.252139862068965,percentage points,upstream_cross_2x2_demand_weighted_aggregate,strict_quantity_placement_effect
h,strict_quantity_placement_effect,S1-S8,mid,2060,interaction_effect_pp,32.14244882758621,percentage points,upstream_cross_2x2_demand_weighted_aggregate,strict_quantity_placement_effect
h,strict_quantity_placement_2x2,S1-S8,mid,2060,unserved_pct,89.50437903448275,%,upstream_cross_2x2_demand_weighted_aggregate,strict_quantity_placement_2x2:A_constrained
h,strict_quantity_placement_2x2,S1-S8,mid,2060,unserved_pct,89.50437903448275,%,upstream_cross_2x2_demand_weighted_aggregate,strict_quantity_placement_2x2:A_free
h,strict_quantity_placement_2x2,S1-S8,mid,2060,unserved_pct,84.394688,%,upstream_cross_2x2_demand_weighted_aggregate,strict_quantity_placement_2x2:baseline_constrained
h,strict_quantity_placement_2x2,S1-S8,mid,2060,unserved_pct,52.25223917241379,%,upstream_cross_2x2_demand_weighted_aggregate,strict_quantity_placement_2x2:baseline_free
