scenario,tier,year,pipeline_delivery_10kt,pipeline_tonne_km,average_pipeline_distance_km,unit_saving_vs_rail_cny_t,unit_saving_vs_road_cny_t,annual_cost_saving_vs_rail_100m_cny,annual_cost_saving_vs_road_100m_cny,annual_emission_saving_vs_rail_10kt_co2e,annual_emission_saving_vs_road_10kt_co2e,scope
S1,high,2025,4.1434,7844983.452142798,189.33685987698024,59.641110861248784,112.65543162680326,0.02471169787424982,0.04667765154024966,0.03265866611127047,0.07525692625640587,transport operation only; identical delivered task
S1,high,2030,2.5011,3395545.632268344,135.76208997114645,42.76505834091114,80.77844353283216,0.010695968741645287,0.020203496511996648,0.014135656467133117,0.03257346925035023,transport operation only; identical delivered task
S1,high,2035,43.7951,84112011.57282677,192.05804204768748,60.49828324502157,114.27453501837407,0.2649528364544044,0.5004664688583194,0.35015830417767785,0.8068865270181272,transport operation only; identical delivered task
S1,high,2040,99.2114,188055192.8876657,189.5499840619784,59.70824497952321,112.78224051687715,0.592373857596147,1.1189283976816111,0.7828737679913522,1.804013465371377,transport operation only; identical delivered task
S1,high,2045,180.8587,343871925.0613913,190.13291871576612,59.89186939546634,113.12908663588085,1.0831965639433827,2.0460379541152784,1.4315388240305722,3.298763377113927,transport operation only; identical delivered task
S1,high,2050,217.8665,232832952.43664637,106.8695519672122,33.66390886967185,63.58738342049127,0.7334238001754362,1.385356066998046,0.969283580993759,2.233566512724749,transport operation only; identical delivered task
S1,high,2055,220.4121,235553423.7515237,106.8695519672122,33.66390886967185,63.58738342049127,0.7419932848172999,1.401542871321566,0.9806089030775932,2.259663994048367,transport operation only; identical delivered task
S1,high,2060,179.5481,191882250.0356421,106.86955196721216,33.663908869671836,63.58738342049124,0.6044290876122727,1.1416993877120707,0.7988058068983781,1.8407264245919148,transport operation only; identical delivered task
S1,low,2025,0.4603,871517.56601374,189.33685987698024,59.641110861248784,112.65543162680326,0.0027452803329432816,0.005185529517781754,0.0036281276273152003,0.008360468010769808,transport operation only; identical delivered task
S1,low,2030,4.6038,8716690.355016416,189.33685987698024,59.641110861248784,112.65543162680326,0.027457574618301717,0.051864307612347685,0.03628758194793334,0.08361921057567248,transport operation only; identical delivered task
S1,low,2035,9.441,17875292.940985706,189.33685987698024,59.641110861248784,112.65543162680326,0.05630717276410498,0.10635799299886496,0.0744148445133235,0.1714776851828759,transport operation only; identical delivered task
S1,low,2040,15.0309,28459034.071249027,189.33685987698024,59.641110861248784,112.65543162680326,0.08964595732443445,0.16933125272393174,0.1184749588386097,0.27300751384549193,transport operation only; identical delivered task
S1,low,2045,21.4297,40574321.06105723,189.33685987698024,59.641110861248784,112.65543162680326,0.1278091113423303,0.24141721031329058,0.16891089857718128,0.38922946193872204,transport operation only; identical delivered task
S1,low,2050,28.6932,54326803.8782217,189.33685987698024,59.641110861248784,112.65543162680326,0.17112943221639837,0.32324448307541914,0.22616248454503693,0.5211570296037807,transport operation only; identical delivered task
S1,low,2055,36.8775,69822700.50113338,189.33685987698024,59.641110861248784,112.65543162680326,0.2199415065785702,0.4154450679817437,0.2906719021862183,0.6698091659073726,transport operation only; identical delivered task
S1,low,2060,32.457,61453064.61027148,189.33685987698024,59.641110861248784,112.65543162680326,0.19357715352235522,0.36564573443111537,0.2558291079725602,0.5895192488063344,transport operation only; identical delivered task
S1,mid,2025,1.8415,3486638.274634591,189.33685987698024,59.641110861248784,112.65543162680326,0.010982910565098964,0.020745497734075816,0.014514875137303802,0.03344732096856963,transport operation only; identical delivered task
S1,mid,2030,10.1652,19246470.4802148,189.33685987698024,59.641110861248784,112.65543162680326,0.06062638201267664,0.11451649935727809,0.08012305660913423,0.1846313913167006,transport operation only; identical delivered task
S1,mid,2035,11.119,21052365.449721437,189.33685987698024,59.641110861248784,112.65543162680326,0.06631495116662253,0.12526157442584257,0.08764099736719035,0.20195534175917776,transport operation only; identical delivered task
S1,mid,2040,11.9257,22579745.89834903,189.33685987698024,59.641110861248784,112.65543162680326,0.07112619957979946,0.13434948809517677,0.09399948217482702,0.21660750240286225,transport operation only; identical delivered task
S1,mid,2045,8.0716,15282513.981830336,189.33685987698024,59.641110861248784,112.65543162680326,0.048139919042765565,0.09093095819189051,0.06362110570635969,0.14660515662769844,transport operation only; identical delivered task
S1,mid,2050,31.6323,46060525.20891389,145.61231781727506,45.867880112441654,86.63932910127868,0.14509065440807878,0.27406012499303767,0.19174996644470854,0.441858618329111,transport operation only; identical delivered task
S1,mid,2055,103.1953,184109096.45947093,178.40841245625617,56.1986499237207,106.15300541147244,0.5799436538473336,1.0954491239338522,0.7664461685607775,1.7661585623357048,transport operation only; identical delivered task
S1,mid,2060,191.8444,356574693.6714888,185.86661569036613,58.54798394246534,110.59063633576787,1.12321028506519,2.1216194273453586,1.484420449754408,3.4206210363905925,transport operation only; identical delivered task
S2,high,2025,6.3646,20624554.340283856,324.051069042577,102.07608674841178,192.81038608033336,0.06496734617189416,0.12271609832468895,0.08586001971860169,0.19785134978634306,transport operation only; identical delivered task
S2,high,2030,45.9467,107623201.58299108,234.2348886492198,73.78398992450425,139.3697587462858,0.33901308498642196,0.6403580494187969,0.44803538818999183,1.0324293727856335,transport operation only; identical delivered task
S2,high,2035,143.3767,318019806.62423617,221.80717412538868,69.86925984949745,131.9752686046063,1.0017623908663442,1.8922178494142055,1.3239164549766953,3.0507640049462976,transport operation only; identical delivered task
S2,high,2040,299.9021,1002896391.853564,334.4079257376204,105.33849660735045,198.97271581388418,3.159123634338727,5.967233531528707,4.175057679286388,9.62078508705124,transport operation only; identical delivered task
S2,high,2045,515.9744,2055126633.392427,398.3001159345167,125.46453651937279,236.98856898103747,6.473648895186146,12.228003468684943,8.555492174812674,19.714829794133554,transport operation only; identical delivered task
S2,high,2050,793.3924,3711840901.363819,467.8442724386848,147.37094581818573,278.3673421010175,11.692298839296033,22.08545336311473,15.452393672377578,35.60768976678312,transport operation only; identical delivered task
S2,high,2055,1002.8657,6152974940.91329,613.5392745921304,193.2648714965211,365.0558683823176,19.38187106387687,36.61020089843408,25.614834679022028,59.0254886081812,transport operation only; identical delivered task
S2,high,2060,1230.4304,10363665785.458897,842.2797246767387,265.31811327317274,501.1564361826596,32.645547224195525,61.663811423480446,43.14394066486539,99.4186458799072,transport operation only; identical delivered task
S2,low,2025,0.5,1208098.689065213,241.6197378130426,76.11021741110844,143.76374399876036,0.0038055108705554223,0.007188187199938019,0.005029314842578483,0.011589290724202589,transport operation only; identical delivered task
S2,low,2030,6.2591,20187218.48080613,322.5258979854313,101.59565786541087,191.90290930133165,0.06358973821453932,0.1201139499607965,0.08403939053559593,0.19365598688637323,transport operation only; identical delivered task
S2,low,2035,16.2639,52693533.312289454,323.99076059425755,102.05708958719114,192.77450255358326,0.16598462993371182,0.3135265232081223,0.21936317917906104,0.5054890650647927,transport operation only; identical delivered task
S2,low,2040,30.7116,98976769.89474024,322.2781290936983,101.51761066451498,191.7554868107505,0.3117768251684318,0.5889117808737044,0.4120402930718036,0.9494841536002432,transport operation only; identical delivered task
S2,low,2045,42.7392,141753279.79208788,331.6704098160188,104.47617909204594,197.3438938405312,0.4465228313450769,0.843432014762923,0.590118903774462,1.3598392130454993,transport operation only; identical delivered task
S2,low,2050,83.1747,222973215.47723335,268.07817218124427,84.44462423709196,159.50651244784035,0.7023656287532851,1.3266906320895386,0.9282374960317225,2.1389820560730994,transport operation only; identical delivered task
S2,low,2055,142.5181,332554182.19480324,233.3417174343492,73.50264099182002,138.8383218734378,1.0475456739136304,1.9786973840590796,1.3844230604769658,3.1901922697947476,transport operation only; identical delivered task
S2,low,2060,256.7826,621037016.2299515,241.85323157797745,76.18376794706292,143.9026727888966,1.9562666011243475,3.6951702465682117,2.585377098565288,5.957608096693925,transport operation only; identical delivered task
S2,mid,2025,3.1065,9998171.209243383,321.8468118217732,101.38174572385857,191.49885303395507,0.03149423930911666,0.059489118694998136,0.04162238674408021,0.09591245641027178,transport operation only; identical delivered task
S2,mid,2030,14.894,52629624.023131534,353.3612462946928,111.30879258282826,210.24994154534227,0.16578331567286436,0.3131462629376327,0.21909712480829657,0.5048759832539008,transport operation only; identical delivered task
S2,mid,2035,54.6946,137602969.8641138,251.584196363286,79.2490218544351,149.6925968361552,0.4334493550719586,0.8187376706914772,0.5728411635443058,1.3200252899064437,transport operation only; identical delivered task
S2,mid,2040,108.2988,248502442.4731176,229.4600147675852,72.27990465178935,136.5287087867132,0.7827826937903206,1.47858953271505,1.0345156680155885,2.383883930644617,transport operation only; identical delivered task
S2,mid,2045,212.0938,480976322.7358741,226.77528656465876,71.43421526786751,134.93129550597197,1.5150754166180038,2.8618091202784512,2.0023044315494443,4.61400586400524,transport operation only; identical delivered task
S2,mid,2050,397.5482,1351566442.3136263,339.97549034648534,107.0922794591429,202.2854167561588,4.257434293287924,8.041820331766077,5.626571099351627,12.965576881114618,transport operation only; identical delivered task
S2,mid,2055,632.6427,2607100155.7054644,412.0967736931864,129.81048371335373,245.19758034744592,8.212365490472214,15.512245926447516,10.853357948201849,25.009911793682523,transport operation only; identical delivered task
S2,mid,2060,910.8223,4620692615.064389,507.310000541751,159.8026501706516,301.84945032234185,14.555181737452829,27.493121059633122,19.23594335651305,44.32630425631269,transport operation only; identical delivered task
S3,high,2025,0.0,0.0,0.0,0.0,0.0,0.0,0.0,0.0,0.0,transport operation only; identical delivered task
S3,high,2030,89.2585,433955910.6242829,486.1788071996313,153.1463242678839,289.27639028378064,1.3669611184664914,2.5820376682144834,1.8065584559288899,4.162939050618746,transport operation only; identical delivered task
S3,high,2035,146.561,754046318.2356105,514.4931586408461,162.06534497186655,306.1234293913035,2.3752459024421735,4.486575593501883,3.139094822814847,7.233566330834211,transport operation only; identical delivered task
S3,high,2040,211.4831,1099221747.0216615,519.7681266359637,163.72695989032857,309.2620353483984,3.462548503118234,6.540369394778887,4.576060132851177,10.5448342191788,transport operation only; identical delivered task
S3,high,2045,271.6329,1428790571.7317646,526.000558743718,165.6901760042712,312.97033245251225,4.500690300955059,8.501303901804,5.948055150119336,13.706387954622818,transport operation only; identical delivered task
S3,high,2050,329.286,1758221479.6255476,533.949660667489,168.19414311025906,317.70004809715596,5.5383976608204755,10.46141780377201,7.319476019681155,16.86661865404788,transport operation only; identical delivered task
S3,high,2055,382.8656,2418829959.695241,631.7699891803394,199.00754659180694,375.903143562302,7.619314373040011,14.392038260186686,10.069589122211289,23.203835803356448,transport operation only; identical delivered task
S3,high,2060,431.8735,3370583879.3278685,780.4562862337857,245.84373016364253,464.37149030910257,10.617339219882787,20.05497408200082,14.031740689641916,32.33401115439224,transport operation only; identical delivered task
S3,low,2025,0.0,0.0,0.0,0.0,0.0,0.0,0.0,0.0,0.0,transport operation only; identical delivered task
S3,low,2030,4.1718,12021482.363507746,288.1605629106799,90.77057731686419,171.45553493185457,0.03786766944504941,0.0715278200628711,0.05004543107928275,0.11532208031312981,transport operation only; identical delivered task
S3,low,2035,7.6919,22254840.44214622,289.32826014568855,91.13840194589191,172.1503147866847,0.0701027473927606,0.13241630063077003,0.09264690076065471,0.2134906843615087,transport operation only; identical delivered task
S3,low,2040,11.0137,31872230.4618435,289.38713113525426,91.15694630760511,172.1853430254763,0.10039752595480704,0.18963977124796885,0.1326840954126545,0.3057503068204648,transport operation only; identical delivered task
S3,low,2045,14.1126,40870088.659535006,289.5999933359906,91.22399790083705,172.31199603491442,0.12874077927753527,0.2431770275242333,0.17014217908964424,0.3920667605109193,transport operation only; identical delivered task
S3,low,2050,16.9363,49130475.09952039,290.08977816595353,91.37828012227538,172.60341800874238,0.15476099656348927,0.2923263268421464,0.2045301678393034,0.47130864762969915,transport operation only; identical delivered task
S3,low,2055,19.3577,56225376.64904782,290.4548404461678,91.49327474054287,172.82063006546986,0.17710993644450068,0.3345409910618346,0.23406624298998607,0.5393700381943158,transport operation only; identical delivered task
S3,low,2060,21.2938,61909365.51049092,290.7389264034175,91.58276181707653,172.98966121003343,0.19501450135804643,0.368360724787421,0.2577286886201737,0.5938965433421395,transport operation only; identical delivered task
S3,mid,2025,0.0,0.0,0.0,0.0,0.0,0.0,0.0,0.0,0.0,transport operation only; identical delivered task
S3,mid,2030,43.3514,179207142.5961767,413.3825957089661,130.21551764832435,245.96264444683487,0.5645024991779567,1.0662824984472516,0.7460393346278837,1.7191341189251232,transport operation only; identical delivered task
S3,mid,2035,81.9859,343925287.15101784,419.4932142612545,132.1403624922952,249.59846248544645,1.0833646545257065,2.0463554585485566,1.4317609704096874,3.2992752796397142,transport operation only; identical delivered task
S3,mid,2040,118.8166,501047623.6369169,421.6983347755423,132.83497545429586,250.91050919144772,1.5783000144562884,2.9812333606396555,2.0858612572004853,4.806549853548944,transport operation only; identical delivered task
S3,mid,2045,153.8719,652139080.8256856,423.8194763473289,133.50313504940863,252.17258842666072,2.05423810460091,3.8802275309128302,2.714854993477329,6.255970202360802,transport operation only; identical delivered task
S3,mid,2050,187.0868,798256975.2840781,426.67733655398354,134.40336101450484,253.87301524962024,2.5145094721448467,4.7496290029402655,3.323143788107618,7.657679163900162,transport operation only; identical delivered task
S3,mid,2055,212.4837,918775021.752115,432.3978835798299,136.20533332764646,257.27674072999883,2.8941413185191625,5.466711379425084,3.824860415554055,8.81380878366804,transport operation only; identical delivered task
S3,mid,2060,231.4165,1013622432.7252066,438.0078485005203,137.9724722776639,260.61466985780964,3.1929106630844015,6.03105347471498,4.219710187435036,9.723679997132907,transport operation only; identical delivered task
S4,high,2025,0.4487,913736.347716012,203.64081740940765,64.14685748396342,121.16628635859756,0.0028782694953054383,0.005436731268910272,0.0038038844155417586,0.008765472783639703,transport operation only; identical delivered task
S4,high,2030,11.7982,23185615.87261261,196.5182474666696,61.90324795200094,116.92835724266843,0.07303468999872974,0.13795441444204506,0.09652171887768629,0.2224196130659728,transport operation only; identical delivered task
S4,high,2035,41.1734,63852309.69247892,155.08145961343712,48.8506597782327,92.2734684699951,0.20113477553130862,0.3799212426702496,0.26581716524978977,0.6125352068799503,transport operation only; identical delivered task
S4,high,2040,77.4614,113965816.69481504,147.12594491555154,46.34467264839874,87.53993722475317,0.3589923225886674,0.6780966093341495,0.4744396949005151,1.0932740795533606,transport operation only; identical delivered task
S4,high,2045,127.3694,199789205.05783895,156.85808762374558,49.41029760147987,93.33056213612863,0.6293359959321928,1.188745770094142,0.8317224606557836,1.916577844119849,transport operation only; identical delivered task
S4,high,2050,207.971,459554687.2634093,220.9705618876715,69.60572699461653,131.47748432316456,1.4475972648797395,2.734350389217286,1.913126163077573,4.408508114917885,transport operation only; identical delivered task
S4,high,2055,277.4034,809349847.9290104,291.7591665888055,91.90413747547375,173.5967041203393,2.549452020976383,4.815631595177613,3.3693234169284705,7.764093091182997,transport operation only; identical delivered task
S4,high,2060,346.1174,1274133351.191803,368.12172724971447,115.95834408366008,219.03242771358015,4.01352005625418,7.581093439591229,5.304217141011476,12.222761237982967,transport operation only; identical delivered task
S4,low,2025,0.0,0.0,0.0,0.0,0.0,0.0,0.0,0.0,0.0,transport operation only; identical delivered task
S4,low,2030,1.744,4075144.719128184,233.6665549958821,73.60496482370287,139.03160022254988,0.012836705865253782,0.024247111078812698,0.016964827465730633,0.03909286329059667,transport operation only; identical delivered task
S4,low,2035,4.4296,10751685.492694808,242.7236204780298,76.4579404505794,144.42055418442774,0.03386780930198865,0.06397252868153412,0.04475926670608849,0.1031409189314213,transport operation only; identical delivered task
S4,low,2040,7.8858,19367831.841084093,245.60389359461428,77.36522648230351,146.1343166887955,0.0610086702994149,0.11523859945445036,0.08062828395443308,0.18579561085151972,transport operation only; identical delivered task
S4,low,2045,11.6797,28903516.943050973,247.4679738610664,77.95241176623594,147.24344444733453,0.09104607837061059,0.1719759258111533,0.12032534103392122,0.277271438034688,transport operation only; identical delivered task
S4,low,2050,15.252,37970087.6735706,248.95153208477967,78.41973260670561,148.12616159044393,0.11960577617174743,0.22592202165774514,0.15806947498507443,0.36424705105256283,transport operation only; identical delivered task
S4,low,2055,17.9359,44785510.60490419,249.69759312275488,78.6547418336678,148.57006790803916,0.1410743584054482,0.26647378809918,0.18644208064821616,0.4296274032328459,transport operation only; identical delivered task
S4,low,2060,19.1597,47880228.96894868,249.90072375323555,78.71872798226921,148.69093063317518,0.15082272125218837,0.28488736236524465,0.19932539319773335,0.4593150364991247,transport operation only; identical delivered task
S4,mid,2025,0.14,89005.75725828308,63.57554089877362,20.026295383113695,37.827446834770306,0.0002803681353635918,0.0005295842556867844,0.00037053096746623244,0.0008538322293787096,transport operation only; identical delivered task
S4,mid,2030,5.746,14356151.046214435,249.84599801974304,78.70148937621907,148.65836882174713,0.04522187579557548,0.0854190987249759,0.05976465680539069,0.1377185569863351,transport operation only; identical delivered task
S4,mid,2035,9.7907,26130110.2268502,266.8870481870571,84.069420178923,158.797793671299,0.08230984721457815,0.1554741558497587,0.1087796488743774,0.250666147406174,transport operation only; identical delivered task
S4,mid,2040,19.5512,43316267.37344621,221.55298587015736,69.78919054909959,131.82402659274365,0.1364462422263556,0.257731790872005,0.18032562107565658,0.41553295291346953,transport operation only; identical delivered task
S4,mid,2045,45.4793,79664286.11525321,175.16603403142355,55.177300719898426,104.22379024869703,0.2509425012630476,0.4740025023857567,0.3316424230977991,0.7642194967036241,transport operation only; identical delivered task
S4,mid,2050,77.2113,120885362.58398569,156.56434043201668,49.31776723608526,93.15578255704993,0.38078889213955497,0.7192679073747149,0.5032457644371324,1.1596532832681747,transport operation only; identical delivered task
S4,mid,2055,104.0938,155496904.5698309,149.38152375053164,47.055179981417474,88.88200663156634,0.4898152493949674,0.9252065821904939,0.6473336137242061,1.4916818055383878,transport operation only; identical delivered task
S4,mid,2060,127.5507,206498936.4618094,161.8955728677376,50.997105453337355,96.32786585630389,0.6504716498546997,1.2286686719477662,0.8596550724905127,1.9809442974781375,transport operation only; identical delivered task
S5,high,2025,4.9117,18279263.402302623,372.1575707454165,117.22963478480621,221.43375459352285,0.05757967971725327,0.10876161724370062,0.07609657354378582,0.17535297381828907,transport operation only; identical delivered task
S5,high,2030,245.8638,1341833214.684229,545.7628226213981,171.91528912574043,324.7288794597319,4.226774626255321,7.983907627371163,5.586051672730445,12.872206028465808,transport operation only; identical delivered task
S5,high,2035,455.7988,3329636999.706959,730.5058722635862,230.10934976302968,434.65099399683385,10.488356549076922,19.811340148256406,13.861278829780069,31.941207738188854,transport operation only; identical delivered task
S5,high,2040,681.2687,6789498588.29845,996.5962898777606,313.92783131149463,592.9747924772677,21.386920553140122,40.39751660037579,28.26468262308645,65.13165995754704,transport operation only; identical delivered task
S5,high,2045,908.5364,11770437130.393875,1295.5383108914375,408.0945679308029,770.8452949804055,37.07687696074071,70.03410092584356,49.000329773829705,112.91380339186846,transport operation only; identical delivered task
S5,high,2050,1128.9519,18450319269.281887,1634.2874545214804,514.8005481742664,972.401035440281,58.11850569823795,109.77939965222726,76.80867911802049,176.99391275022117,transport operation only; identical delivered task
S5,high,2055,1251.459,22471170773.74113,1795.5978401003254,565.6133196316026,1068.3807148596936,70.78418793728457,133.70346610375975,93.54748393108434,215.5659412324987,transport operation only; identical delivered task
S5,high,2060,1278.464,22826941620.976227,1785.497411032006,562.431684475082,1062.3709595640437,71.90486610607512,135.82030264480855,95.02855796812403,218.97885097002495,transport operation only; identical delivered task
S5,low,2025,0.9604,2368553.5803127927,246.62157229412665,77.68579527264991,146.73983551500538,0.007460943777985298,0.014092893802861117,0.009860288554842157,0.022721534495940623,transport operation only; identical delivered task
S5,low,2030,12.522,38098334.03363745,304.25119017439266,95.83912490493371,181.02945815376367,0.120009752205958,0.22668508750014285,0.1586033645820327,0.3654773183846841,transport operation only; identical delivered task
S5,low,2035,19.0987,65995989.284752086,345.5522589744437,108.84896157694979,205.60359408979403,0.2078873662469691,0.392676136244275,0.274741303392423,0.6330995252086269,transport operation only; identical delivered task
S5,low,2040,53.906,135617541.3789692,251.5815333709961,79.24818301186379,149.6910123557427,0.427195255343753,0.8069243712048668,0.5645758247606488,1.3009790744484515,transport operation only; identical delivered task
S5,low,2045,108.1644,249194532.9660941,230.38498153375244,72.57126918313203,137.07906401258273,0.7849627788431967,1.4827074711482602,1.0373968407378498,2.390523154743741,transport operation only; identical delivered task
S5,low,2050,185.5588,613843659.3632237,330.8081639691697,104.20457165028847,196.830857561656,1.933607526994155,3.652369773211181,2.5554311539291006,5.888602224271405,transport operation only; identical delivered task
S5,low,2055,307.3595,1357067556.7424664,441.52451990013856,139.08022376854368,262.70708934058246,4.27476280373877,8.074551962617676,5.6494722387188885,13.018349071830482,transport operation only; identical delivered task
S5,low,2060,459.6148,2275330284.9893017,495.0515703561551,155.9412446621889,294.5556843619123,7.167290397716302,13.538215195686348,9.472199976410463,21.82724342390237,transport operation only; identical delivered task
S5,mid,2025,5.1481,13998792.240382344,271.92152911525307,85.65528167130473,161.79330982357558,0.04409619555720439,0.08329281383027495,0.0582769720967117,0.13429041396198782,transport operation only; identical delivered task
S5,mid,2030,82.699,363001212.2384309,438.9426864151089,138.26694622075934,261.1708984169898,1.1434538185510577,2.159857212818664,1.511174046548588,3.4822706290032674,transport operation only; identical delivered task
S5,mid,2035,207.3252,1052284687.096413,507.55271770938265,159.87910607845555,301.99386703708274,3.3146967643537013,6.261093888223659,4.380661152382368,10.094567003315891,transport operation only; identical delivered task
S5,mid,2040,391.4279,1931583637.8483808,493.47111890807497,155.44340245604366,293.61531575030466,6.0844884592224,11.492922645197869,8.04118268436281,18.52968183787952,transport operation only; identical delivered task
S5,mid,2045,514.7747,2514261733.6767235,488.41983370136944,153.8522476159314,290.6098010523149,7.91992446108168,14.959857315376507,10.466871597296201,24.11931281116081,transport operation only; identical delivered task
S5,mid,2050,669.2964,4167233588.457408,622.6290158526788,196.12813999359386,370.46426443234395,13.126785803640837,24.795039851321583,17.34819342874819,39.976271814071914,transport operation only; identical delivered task
S5,mid,2055,843.3947,8050715993.665168,954.5608946398606,300.6866818115561,567.9637323107172,25.359755380045286,47.90176016230776,33.515130681628094,77.23051852722996,transport operation only; identical delivered task
S5,mid,2060,1008.7354,13368903273.377537,1325.3131865281557,417.4736537563691,788.5613459842527,42.11204531113925,79.54497447659635,55.65474432707069,128.2478891015107,transport operation only; identical delivered task
S6,high,2025,7.9129,29077164.50837031,367.46533519152666,115.75158058533091,218.64187443895838,0.09159306820136649,0.17300912882480338,0.12104823584834562,0.27893723912879637,transport operation only; identical delivered task
S6,high,2030,301.2805,2114641793.0758896,701.8847197465119,221.09368672015128,417.62140824917464,6.661121648189053,12.582118668801543,8.803253784574927,20.28575872097701,transport operation only; identical delivered task
S6,high,2035,542.7384,5455551556.098325,1005.1898955552666,316.634817099909,598.0879878553837,17.184987401709726,32.46053175878504,22.711461128037325,52.33510607765123,transport operation only; identical delivered task
S6,high,2040,788.3256,9297393730.927402,1179.384981399488,371.50626914083875,701.7340639326954,29.286790252421323,55.31949269901805,38.70505010185078,89.18989806078659,transport operation only; identical delivered task
S6,high,2045,1077.0216,15183313651.062576,1409.750152741837,444.0712981136787,838.8013408813931,47.82743800084712,90.34071622382234,63.20813472937351,145.6535278546433,transport operation only; identical delivered task
S6,high,2050,1181.8609,17322778325.911674,1465.7205704928283,461.701979705241,872.1037394432329,54.56675172662178,103.07053103917448,72.1147261707703,166.1774124804707,transport operation only; identical delivered task
S6,high,2055,1309.5297,20419919831.954723,1559.3323184617136,491.1896803154399,927.8027294847197,64.32274747065739,121.49852300013062,85.00812626042752,195.88829094794167,transport operation only; identical delivered task
S6,high,2060,1386.8653,22614820559.709583,1630.6429009154376,513.652513788363,970.2325260446855,71.23668476308521,134.55818233027205,94.145497990071,216.94397362929405,transport operation only; identical delivered task
S6,low,2025,1.1345,3127644.4995106827,275.6848390930527,86.84072431431161,164.03247926036636,0.009852080173458653,0.018609484772088566,0.013020384051462972,0.03000349368380598,transport operation only; identical delivered task
S6,low,2030,14.3671,46074834.878095575,320.69683428176575,101.01950279875624,190.81461639765064,0.1451357298660011,0.2741452675246687,0.19180953759751188,0.4419958909855709,transport operation only; identical delivered task
S6,low,2035,26.4652,103370044.5044905,390.5885634889987,123.03539749903462,232.40019527595427,0.32561564018914513,0.6150517648017185,0.4303294952721939,0.9916288369315773,transport operation only; identical delivered task
S6,low,2040,68.5767,229083965.41835928,334.05510241577576,105.22735726096938,198.7627859373866,0.7216144910678318,1.363049594239238,0.9536765480366297,2.1976024802583205,transport operation only; identical delivered task
S6,low,2045,128.6928,399232258.2197918,310.2211298687975,97.71965590867123,184.58157227193453,1.2575816133923445,2.375431936407762,1.6620038909689936,3.8298350531024634,transport operation only; identical delivered task
S6,low,2050,212.5596,685544649.6342083,322.5187898519796,101.5934188033736,191.89867996192788,2.1594656463477566,4.07899066532354,2.8539223764272093,6.576429823940961,transport operation only; identical delivered task
S6,low,2055,341.256,1483479802.7120423,434.7117128232302,136.93418953931754,258.653469129822,4.672961378542934,8.826704826136654,6.175726418690233,14.231021747416623,transport operation only; identical delivered task
S6,low,2060,483.8172,2320036840.431423,479.5275654589012,151.0511831195539,285.3189014480463,7.308116047358985,13.804219200566969,9.658313366716015,22.256113410258646,transport operation only; identical delivered task
S6,mid,2025,6.0676,17534134.28149741,288.97973303278746,91.02861590532807,171.94294115450856,0.05523252298671685,0.10432809897490962,0.07299460101387373,0.1682049501624047,transport operation only; identical delivered task
S6,mid,2030,101.7678,391201428.81450295,384.40590129147233,121.0878589068138,228.72151126842607,1.2322845007656846,2.327648501446293,1.6285715481547758,3.752795306617527,transport operation only; identical delivered task
S6,mid,2035,263.4696,1292358237.7278752,490.5151249813546,154.5122643691267,291.85649936390604,4.070928448842808,7.689531514480859,5.380087343661145,12.397592574523507,transport operation only; identical delivered task
S6,mid,2040,455.8251,2410863123.065478,528.900914641488,166.60378811206877,314.69604421168543,7.594218837656257,14.344635582239594,10.036423181321585,23.12740993956713,transport operation only; identical delivered task
S6,mid,2045,598.4807,3176801762.0266805,530.8110624163287,167.20548466114357,315.83258213771563,10.006925550384047,18.90197048405875,13.225025735317072,30.47505930312195,transport operation only; identical delivered task
S6,mid,2050,775.7952,5167014682.664899,666.0281840703447,209.79887798215861,396.28676952185515,16.276096250394435,30.74373736185615,21.510282123933976,49.56717185080438,transport operation only; identical delivered task
S6,mid,2055,970.4786,10221692403.722467,1053.263039877692,331.77785756147307,626.6915087272268,32.198331071725775,60.81906980214868,42.55290547669664,98.05669522890963,transport operation only; identical delivered task
S6,mid,2060,1223.3922,16888252225.64857,1380.4446542693806,434.840066094855,821.3645692902816,53.197994510793,100.485100742609,70.305794015375,162.00900360064674,transport operation only; identical delivered task
S7,high,2025,10.5383,38944022.404022105,369.54748302878176,116.40745715406628,219.88075240212518,0.12267367057266966,0.23171693330393153,0.16212396526794404,0.37359000692178407,transport operation only; identical delivered task
S7,high,2030,233.2981,1224408406.680472,524.8257086879283,165.32009823669745,312.2712966693174,3.856886481043487,7.285230019748809,5.097212197010805,11.745749845285768,transport operation only; identical delivered task
S7,high,2035,425.8944,2712385260.426249,636.8680265404403,200.61342836023871,378.93647579156203,8.544013570342686,16.13869229953618,11.291659839154475,26.01991180326901,transport operation only; identical delivered task
S7,high,2040,637.367,5939799824.74131,931.9277315489052,293.5572354379052,554.4970002715986,18.71036944793513,35.3418089572108,24.727386670398076,56.980499718743395,transport operation only; identical delivered task
S7,high,2045,852.4964,10562576086.850164,1239.0170899079646,390.29038332100896,737.215168495239,33.272114673578024,62.84732771675849,43.97200424955724,101.32679240115364,transport operation only; identical delivered task
S7,high,2050,1057.4997,16757821561.32347,1584.664426980307,499.16929449879683,942.8753340532828,52.78713791816894,99.70903828987466,69.7628111597896,160.75778223777604,transport operation only; identical delivered task
S7,high,2055,1262.6214,23484840120.50601,1860.006500801112,585.9020477523504,1106.7038679766617,73.97724637959394,139.73479871701076,97.76738942166652,225.29007127601415,transport operation only; identical delivered task
S7,high,2060,1207.9676,21469618180.062366,1777.3339433990088,559.8601921706879,1057.5136963224104,67.62929726719646,127.74422817137109,89.37802048359963,205.9580472013383,transport operation only; identical delivered task
S7,low,2025,1.2135,3150208.1009163987,259.596876878154,81.77301621661852,154.46014174250163,0.009923155517886658,0.018743738200452574,0.013114316324114968,0.030219946312091017,transport operation only; identical delivered task
S7,low,2030,16.334,49793225.34943887,304.84403911741686,96.02587232198633,181.38220327486306,0.15684865985073246,0.29626969082916127,0.20728919712971403,0.47766641077716715,transport operation only; identical delivered task
S7,low,2035,29.7549,128633004.64500748,432.3086437696228,136.1772227874312,257.2236430429256,0.4051939646317736,0.7653663776377946,0.5354991983371661,1.2339764135595568,transport operation only; identical delivered task
S7,low,2040,54.3525,247092863.9800481,454.611773110801,143.20270852990234,270.4940050009266,0.7783425215371517,1.4702025406812864,1.0286475927489402,2.3703618441606014,transport operation only; identical delivered task
S7,low,2045,107.3694,426928333.65556246,397.6257049546355,125.25209706071021,236.58729444800818,1.3448242510150221,2.540223585250597,1.7773026530081066,4.095523504757811,transport operation only; identical delivered task
S7,low,2050,179.4237,678791337.6987233,378.3175453960226,119.17002679974713,225.09893951063347,2.138192713750979,4.038808459307404,2.8258083388397854,6.511645302543853,transport operation only; identical delivered task
S7,low,2055,257.0942,1246277780.6301131,484.7553078327372,152.69792196731223,288.42940816047866,3.925775008984857,7.415352794749174,5.188254400763162,11.955542749584676,transport operation only; identical delivered task
S7,low,2060,342.5703,1781254348.8221216,519.9675362464644,163.78977391763632,309.3806840666464,5.610951198789683,10.598463375491624,7.415361854146492,17.087572968250612,transport operation only; identical delivered task
S7,mid,2025,6.4505,17646112.079463,273.56192666402603,86.17200689916821,162.76934636509552,0.05558525305030846,0.10499436687280488,0.07346076458680448,0.16927915317828857,transport operation only; identical delivered task
S7,mid,2030,77.3453,353366039.9958769,456.868148414806,143.91346675066393,271.8365483068096,1.1131030259870125,2.102527937975468,1.4710628245028357,3.3898404216804474,transport operation only; identical delivered task
S7,mid,2035,181.3656,903198414.5891522,497.9987465038311,156.86960514870682,296.30925416977954,2.84507500595583,5.374030566805457,3.7600149999346413,8.664382391153739,transport operation only; identical delivered task
S7,mid,2040,345.7532,1664341474.1807306,481.3669039594516,151.63057474722729,286.4133078558737,5.242675643669302,9.902831771375348,6.928653557014381,15.96602776181575,transport operation only; identical delivered task
S7,mid,2045,457.9997,2061968939.776214,450.21185380169766,141.8167339475348,267.8760530120101,6.495202160295075,12.268715191668475,8.58397669628838,19.78046803927322,transport operation only; identical delivered task
S7,mid,2050,620.453,3031677167.7092934,488.6231781793776,153.91630112650398,290.7307910167297,9.549783078284275,18.038479147870298,12.620872049173789,29.082879069835254,transport operation only; identical delivered task
S7,mid,2055,801.3943,6429944108.230726,802.3446271368197,252.73855754809824,477.39505314640775,20.254323940926792,38.25816744397282,26.767857322564513,61.68245383025736,transport operation only; identical delivered task
S7,mid,2060,960.6037,11331391061.873856,1179.6114320477693,371.5776010950474,701.8688020684228,35.693881844902656,67.42177681814945,47.17258099058087,108.70203445655591,transport operation only; identical delivered task
S8,high,2025,10.1684,38538562.00984563,379.0032061076042,119.38600992389536,225.50690763402454,0.12139647033101376,0.22930444395858154,0.16043603364698736,0.36970042536044917,transport operation only; identical delivered task
S8,high,2030,251.8061,1481878375.1279595,588.4997921527555,185.37743452811802,350.1573763308896,4.667916881653073,8.81717633201136,6.169059675657696,14.215659252602517,transport operation only; identical delivered task
S8,high,2035,463.6681,3601149843.3275304,776.6654301487488,244.6496104968559,462.1159309385056,11.343622006481723,21.42684156779881,14.99158679777251,34.545830447041006,transport operation only; identical delivered task
S8,high,2040,691.4909,7048406182.776675,1019.3057034845542,321.08129659763466,606.4868935733099,22.202479475746532,41.93801678752122,29.3425149388993,67.61536051137665,transport operation only; identical delivered task
S8,high,2045,936.621,12209523813.340126,1303.5714353340493,410.6250021302256,775.6250040237594,38.4600000120214,72.64666668937376,50.82824763493495,117.12596194137183,transport operation only; identical delivered task
S8,high,2050,1167.8787,18921271538.363155,1620.1401342762017,510.34414229700366,963.9833798943401,59.602005345843956,112.58156565326078,78.76925341420582,181.5117578675178,transport operation only; identical delivered task
S8,high,2055,1314.8347,23252174160.207123,1768.4484719035115,557.0612686496062,1052.2268407825895,73.24434860465246,138.3504362532324,96.79880102894226,223.05810671886695,transport operation only; identical delivered task
S8,high,2060,1209.8566,20907173614.18431,1728.0703857121837,544.342171499338,1028.2018794987493,65.85759688468059,124.39768300439667,87.03656375584929,200.56251648087013,transport operation only; identical delivered task
S8,low,2025,1.1729,3039332.211333894,259.1296965925394,81.62585442664992,154.18216947256096,0.009573896465701769,0.018084026657436674,0.012652739995783003,0.029156313903326046,transport operation only; identical delivered task
S8,low,2030,15.8109,49253938.92506565,311.5188820691147,98.12844785177114,185.35373483112326,0.15514990761395683,0.2930609366041407,0.2050441477450483,0.47249303610815485,transport operation only; identical delivered task
S8,low,2035,28.5614,127279582.24789454,445.6349557370946,140.37501105718482,265.15279866357133,0.40093068408086785,0.7573135143749726,0.529864900897985,1.2209930325040523,transport operation only; identical delivered task
S8,low,2040,59.4927,254150495.23473623,427.1961017649833,134.56677205596978,254.1816805501651,0.8005740599894193,1.512195446646681,1.058028511662207,2.438065700786825,transport operation only; identical delivered task
S8,low,2045,115.0748,437394064.3843184,380.0954373888274,119.73006277748065,226.15678524635234,1.3777913028106035,2.602494683086695,1.8208714900319176,4.195921259638767,transport operation only; identical delivered task
S8,low,2050,190.0355,679204934.849545,357.40950235589924,112.58399324210828,212.65865390176006,2.139495544776067,4.041269362354794,2.827530143778656,6.515612940011686,transport operation only; identical delivered task
S8,low,2055,283.6129,1308309527.365999,461.3011352325649,145.30985759825796,274.4741754633761,4.121175011202897,7.784441687827695,5.4464925624246545,12.550613296022028,transport operation only; identical delivered task
S8,low,2060,359.7806,1971753475.633451,548.0433007320158,172.63363973058503,326.0857639355495,6.2110234482453714,11.731933180019036,8.208409719062058,18.915031091751697,transport operation only; identical delivered task
S8,mid,2025,6.2533,17106992.95991988,273.5674437484189,86.17374478075197,162.77262903030928,0.05388702782374764,0.10178660811152332,0.07121641169214647,0.16410738346451145,transport operation only; identical delivered task
S8,mid,2030,84.5568,365081440.6204392,431.7588184752016,136.00402781968853,256.896496992745,1.1500065379543836,2.1722345716916136,1.5198340373028882,3.5022262598718736,transport operation only; identical delivered task
S8,mid,2035,192.5221,1009255311.1132222,524.228289174709,165.13191109003336,311.9158320589519,3.1791542300066506,6.005069101123673,4.201529860164345,9.681786199509142,transport operation only; identical delivered task
S8,mid,2040,368.4251,1883882234.582123,511.33384630475047,161.07016158599643,304.24363855132657,5.9342290389336885,11.209099295763632,7.842601742565379,18.072082276346308,transport operation only; identical delivered task
S8,mid,2045,485.3643,2353093605.972192,484.8097822547295,152.71508141023983,288.4618204415641,7.412244858812406,14.000906955534544,9.795928681662234,22.573226962091237,transport operation only; identical delivered task
S8,mid,2050,657.3348,3551614352.6730256,540.3052375552041,170.19614982988935,321.48161634534654,11.187585210920034,21.132105398404505,14.785370550177808,34.07063648519234,transport operation only; identical delivered task
S8,mid,2055,848.4388,7387688162.355252,870.7390753882604,274.28280874730206,518.089749856015,23.271217711419048,43.956744566013754,30.754945819884917,70.87009254147394,transport operation only; identical delivered task
S8,mid,2060,1054.0871,13160262434.266064,1248.4985760916782,393.2770514688787,742.8566527745486,41.45482666793811,78.3035614838831,54.78617251384963,126.24639753191435,transport operation only; identical delivered task
