year,segment_id,from_node_id,to_node_id,from_province,to_province,design_throughput_10kt_y,same_pipeline_task_10kt,capacity_10kt,distance_km,capacity_basis
2025,S001,N009,N034,新疆,新疆,1000,8.518029997701,991.4819700023,490.0796120514,同管道运输任务_万吨
2025,S002,N034,N068,新疆,甘肃,1000,8.518029997701,991.4819700023,539.185983012,同管道运输任务_万吨
2025,S003,N068,N136,甘肃,甘肃,1000,8.458149991481,991.5418500085,1,同管道运输任务_万吨
2025,S004,N136,N052,甘肃,甘肃,1000,8.458149991481,991.5418500085,190.6827379823,同管道运输任务_万吨
2025,S005,N052,N077,甘肃,甘肃,1000,8.405221363126,991.5947786369,220.4447200576,同管道运输任务_万吨
2025,S006,N077,N018,甘肃,甘肃,1000,2.696902154775,997.3030978452,233.1474672007,同管道运输任务_万吨
2025,S007,N100,N001,新疆,新疆,100,0,100,258.5647036559,同管道运输任务_万吨
2025,S008,N001,N009,新疆,新疆,100,0,100,32.21673231182,同管道运输任务_万吨
2025,S009,N100,N102,新疆,新疆,520,0,520,290.7209493193,同管道运输任务_万吨
2025,S010,N015,N102,新疆,新疆,160,0,160,290.7209493193,同管道运输任务_万吨
2025,S011,N015,N102,新疆,新疆,400,0,400,290.7209493193,同管道运输任务_万吨
2025,S012,N018,N033,甘肃,陕西,1000,563.0523474026,436.9476525974,482.7844223775,同管道运输任务_万吨
2025,S013,N033,N133,陕西,河南,1500,361.7176713609,1138.282328639,452.4894536775,同管道运输任务_万吨
2025,S014,N133,N078,河南,湖北,1000,361.7176713609,638.2823286391,465.8914014778,同管道运输任务_万吨
2025,S015,N078,N144,湖北,湖南,500,132.4244051111,367.5755948889,294.4894358354,同管道运输任务_万吨
2025,S016,N037,N084,天津,河北,285,118.6419240477,166.3580759523,98.15406962574,同管道运输任务_万吨
2025,S017,N084,N055,河北,山东,285,102.6384982942,182.3615017058,106.8696995817,同管道运输任务_万吨
2025,S018,N055,N089,山东,山东,285,73.06002945866,211.9399705413,104.7760009591,同管道运输任务_万吨
2025,S019,N089,N089,山东,山东,285,44.46469622099,240.535303779,1,同管道运输任务_万吨
2025,S020,N089,N016,山东,山东,285,44.46469622099,240.535303779,141.8453430493,同管道运输任务_万吨
2025,S021,N139,N049,宁夏,内蒙古,240,3.263825466443,236.7361745336,269.5692947473,同管道运输任务_万吨
2025,S022,N016,N114,山东,山东,285,16.14276222563,268.8572377744,98.00787875952,同管道运输任务_万吨
2025,S023,N114,N067,山东,山东,285,16.14276222563,268.8572377744,155.5763598401,同管道运输任务_万吨
2025,S024,N032,N020,内蒙古,内蒙古,200,18.97412887313,181.0258711269,153.0994759461,同管道运输任务_万吨
2025,S025,N020,N135,内蒙古,内蒙古,200,11.31539482584,188.6846051742,113.5796267743,同管道运输任务_万吨
2025,S026,N058,N130,辽宁,辽宁,600,536.0089240793,63.99107592071,90.66720168779,同管道运输任务_万吨
2025,S027,N130,N129,辽宁,辽宁,600,531.4020617099,68.59793829009,108.3049541324,同管道运输任务_万吨
2025,S028,N129,N140,辽宁,辽宁,750,526.4003278915,223.5996721085,96.97372460332,同管道运输任务_万吨
2025,S029,N140,N036,辽宁,河北,1300,506.990643885,793.009356115,414.5369322765,同管道运输任务_万吨
2025,S030,N036,N012,河北,河北,800,63.0537412186,736.9462587814,128.6230495114,同管道运输任务_万吨
2025,S031,N012,N132,河北,河北,1100,28.99713536046,1071.00286464,262.5316624369,同管道运输任务_万吨
2025,S032,N132,N133,河北,河南,800,0,800,224.7585240323,同管道运输任务_万吨
2025,S033,N031,N143,吉林,吉林,245,10.99260692675,234.0073930733,98.79246594876,同管道运输任务_万吨
2025,S034,N018,N057,甘肃,四川,700,62.79974389414,637.2002561059,597.2917296284,同管道运输任务_万吨
2025,S035,N057,N137,四川,重庆,350,0,350,271.7748380194,同管道运输任务_万吨
2025,S036,N044,N038,云南,云南,173,118.8900412697,54.10995873027,256.1167141436,同管道运输任务_万吨
2025,S037,N038,N013,云南,云南,57,68.02658458684,0,124.130796815,同管道运输任务_万吨
2025,S038,N044,N101,云南,云南,225,119.2703446999,105.7296553001,84.16073196024,同管道运输任务_万吨
2025,S039,N101,N121,云南,云南,115,71.5689547908,43.4310452092,139.370081841,同管道运输任务_万吨
2025,S040,N044,N047,云南,云南,323,175.0666580185,147.9333419815,1,同管道运输任务_万吨
2025,S041,N047,N066,云南,云南,155,175.0666580185,0,114.9330292875,同管道运输任务_万吨
2025,S042,N047,N063,云南,云南,168,0,168,1,同管道运输任务_万吨
2025,S043,N138,N024,广西,广西,500,235.3712860507,264.6287139493,97.62752678335,同管道运输任务_万吨
2025,S044,N024,N069,广西,广西,300,79.50443822752,220.4955617725,199.6645928393,同管道运输任务_万吨
2025,S045,N095,N117,广东,广东,500,702.3440991484,0,71.64398617532,同管道运输任务_万吨
2025,S046,N117,N069,广东,广西,800,585.278194385,214.721805615,333.2363072599,同管道运输任务_万吨
2025,S047,N069,N127,广西,贵州,800,438.8762068899,361.1237931101,383.1404481031,同管道运输任务_万吨
2025,S048,N127,N066,贵州,云南,800,175.0666580185,624.9333419815,320.9147812201,同管道运输任务_万吨
2025,S049,N080,N137,重庆,重庆,800,0,800,1,同管道运输任务_万吨
2025,S050,N069,N070,广西,广西,500,0,500,1,同管道运输任务_万吨
2025,S051,N127,N109,贵州,四川,600,0,600,510.4984836446,同管道运输任务_万吨
2025,S052,N069,N073,广西,广西,600,66.89754926761,533.1024507324,136.4517130161,同管道运输任务_万吨
2025,S053,N006,N024,广东,广西,800,381.7969625246,418.2030374754,270.9212702775,同管道运输任务_万吨
2025,S054,N024,N141,广西,云南,800,225.9301147014,574.0698852986,623.7954009713,同管道运输任务_万吨
2025,S055,N141,N038,云南,云南,800,50.86345668289,749.1365433171,256.1167141436,同管道运输任务_万吨
2025,S056,N024,N151,广西,广西,800,0,800,1,同管道运输任务_万吨
2025,S057,N141,N066,云南,云南,800,175.0666580185,624.9333419815,114.9330292875,同管道运输任务_万吨
2025,S058,N108,N062,云南,云南,800,0,800,1,同管道运输任务_万吨
2025,S059,N117,N081,广东,广东,550,63.66253745832,486.3374625417,243.9417369173,同管道运输任务_万吨
2025,S060,N026,N027,广东,广东,250,0,250,19.09871202011,同管道运输任务_万吨
2025,S061,N003,N115,广东,广东,250,0,250,19.09871202011,同管道运输任务_万吨
2025,S062,N026,N060,广东,广东,100,0,100,100.8048484868,同管道运输任务_万吨
2025,S063,N021,N103,广东,广东,100,0,100,1,同管道运输任务_万吨
2025,S064,N150,N026,广东,广东,300,267.8941648885,32.10583511149,1,同管道运输任务_万吨
2025,S065,N150,N056,广东,广东,350,247.1142008899,102.8857991101,117.9051205886,同管道运输任务_万吨
2025,S066,N039,N041,广东,广东,250,0,250,1,同管道运输任务_万吨
2025,S067,N056,N075,广东,广东,120,176.5001384685,0,217.3794119684,同管道运输任务_万吨
2025,S068,N078,N014,湖北,河南,,57.19812758075,0,173.9497469924,同管道运输任务_万吨
2025,S069,N050,N051,湖北,湖北,10,0,10,1,同管道运输任务_万吨
2025,S070,N119,N124,湖北,湖北,350,135.7981814427,214.2018185573,108.5250365034,同管道运输任务_万吨
2025,S071,N119,N118,湖北,湖北,150,62.65285318033,87.34714681967,77.70770101937,同管道运输任务_万吨
2025,S072,N142,N002,湖南,湖南,600,326.8698778916,273.1301221084,1,同管道运输任务_万吨
2025,S073,N002,N083,湖南,湖南,560,298.3984083335,261.6015916665,1,同管道运输任务_万吨
2025,S074,N083,N144,湖南,湖南,538,298.3984083335,239.6015916665,142.0010421679,同管道运输任务_万吨
2025,S075,N144,N094,湖南,湖南,385,165.9740032224,219.0259967776,44.30902209218,同管道运输任务_万吨
2025,S076,N094,N123,湖南,湖南,220,145.0603480618,74.93965193818,110.3842250222,同管道运输任务_万吨
2025,S077,N123,N112,湖南,湖南,136,145.0603480618,0,1,同管道运输任务_万吨
2025,S078,N112,N134,湖南,湖南,100,57.10146210683,42.89853789317,132.5778164966,同管道运输任务_万吨
2025,S079,N094,N042,湖南,湖南,250,128.967258189,121.032741811,94.39854001898,同管道运输任务_万吨
2025,S080,N094,N071,湖南,湖南,350,31.36905012937,318.6309498706,18.49187998705,同管道运输任务_万吨
2025,S081,N010,N025,江西,江西,330,286.0124963933,43.9875036067,108.6105132513,同管道运输任务_万吨
2025,S082,N025,N030,江西,江西,240,165.9111615842,74.08883841578,197.4631244572,同管道运输任务_万吨
2025,S083,N030,N076,江西,江西,274,134.7570824806,139.2429175194,97.07015693906,同管道运输任务_万吨
2025,S084,N076,N128,江西,江西,170,67.85866374341,102.1413362566,226.5322157291,同管道运输任务_万吨
2025,S085,N004,N076,江西,江西,,66.89841873714,0,352.9393516458,同管道运输任务_万吨
2025,S086,N045,N029,安徽,安徽,410,264.4642573297,145.5357426703,143.6360184791,同管道运输任务_万吨
2025,S087,N029,N092,安徽,安徽,270,194.2211479738,75.77885202616,87.17523735415,同管道运输任务_万吨
2025,S088,N092,N145,安徽,安徽,140,157.5785389317,0,117.7796602808,同管道运输任务_万吨
2025,S089,N145,N011,安徽,安徽,140,87.49922864643,52.50077135357,106.2674435054,同管道运输任务_万吨
2025,S090,N045,N029,安徽,安徽,120,70.24310935586,49.75689064414,143.6360184791,同管道运输任务_万吨
2025,S091,N029,N017,安徽,安徽,140,28.6223402738,111.3776597262,67.91871138908,同管道运输任务_万吨
2025,S092,N092,N122,安徽,安徽,80,36.19933367677,43.80066632323,50.35323866621,同管道运输任务_万吨
2025,S093,N035,N093,浙江,浙江,510,26.31364742104,483.686352579,65.94894528416,同管道运输任务_万吨
2025,S094,N035,N116,浙江,江苏,510,480.5486915091,29.45130849088,63.57562871305,同管道运输任务_万吨
2025,S095,N023,N087,江苏,江苏,545,164.1446813815,380.8553186185,114.4833118214,同管道运输任务_万吨
2025,S096,N023,N054,江苏,江苏,545,0,545,276.9115998483,同管道运输任务_万吨
2025,S097,N023,N105,江苏,江苏,545,97.56421348498,447.435786515,191.8610036166,同管道运输任务_万吨
2025,S098,N022,N116,江苏,江苏,580,480.5486915091,99.45130849088,189.3371214002,同管道运输任务_万吨
2025,S099,N110,N153,浙江,浙江,760,153.4991593527,606.5008406473,285.5275920545,同管道运输任务_万吨
2025,S100,N153,N076,浙江,江西,450,66.89841873714,383.1015812629,453.1326401913,同管道运输任务_万吨
2025,S101,N126,N074,浙江,浙江,135,108.8158365089,26.18416349107,42.27850958589,同管道运输任务_万吨
2025,S102,N111,N120,浙江,浙江,500,0,500,42.27850958589,同管道运输任务_万吨
2025,S103,N110,N043,浙江,浙江,460,303.2136431593,156.7863568407,1,同管道运输任务_万吨
2025,S104,N043,N008,浙江,浙江,460,209.936008882,250.063991118,134.9056669374,同管道运输任务_万吨
2025,S105,N008,N099,浙江,浙江,460,147.314202464,312.685797536,102.2518494834,同管道运输任务_万吨
2025,S106,N099,N104,浙江,浙江,460,0,460,1,同管道运输任务_万吨
2025,S107,N085,N019,福建,福建,220,65.18807200578,154.8119279942,146.977849406,同管道运输任务_万吨
2025,S108,N085,N005,福建,福建,380,41.93560089029,338.0643991097,74.53127886045,同管道运输任务_万吨
2025,S109,N085,N107,福建,福建,380,0,380,74.53127886045,同管道运输任务_万吨
2025,S110,N152,N091,山东,山东,655,340.2713194776,314.7286805224,1,同管道运输任务_万吨
2025,S111,N091,N089,山东,山东,655,295.7373949068,359.2626050932,95.82581836938,同管道运输任务_万吨
2025,S112,N089,N086,山东,山东,655,267.1420616692,387.8579383308,50.39831502666,同管道运输任务_万吨
2025,S113,N086,N065,山东,山东,655,244.7175232322,410.2824767678,98.00787875952,同管道运输任务_万吨
2025,S114,N065,N067,山东,山东,655,244.7175232322,410.2824767678,94.47889312212,同管道运输任务_万吨
2025,S115,N067,N053,山东,江苏,655,163.6259356194,491.3740643806,67.88363102691,同管道运输任务_万吨
2025,S116,N053,N046,江苏,安徽,655,64.18813269102,590.811867309,68.27567140554,同管道运输任务_万吨
2025,S117,N065,N090,山东,山东,655,0,655,1,同管道运输任务_万吨
2025,S118,N067,N007,山东,山东,655,64.94882538718,590.0511746128,99.71138548294,同管道运输任务_万吨
2025,S119,N147,N097,山东,山东,820,55.25135843693,764.7486415631,130.6795326906,同管道运输任务_万吨
2025,S120,N097,N089,山东,山东,820,28.59533323766,791.4046667623,192.5624527192,同管道运输任务_万吨
2025,S121,N089,N113,山东,山东,820,160.1314504817,659.8685495183,93.21608317735,同管道运输任务_万吨
2025,S122,N113,N098,山东,河南,820,141.0889755919,678.9110244081,115.1930105614,同管道运输任务_万吨
2025,S123,N098,N082,河南,河南,820,77.47844153555,742.5215584644,70.40284280982,同管道运输任务_万吨
2025,S124,N082,N061,河南,河南,820,88.56372410745,731.4362758925,96.65790953178,同管道运输任务_万吨
2025,S125,N061,N133,河南,河南,820,0,820,67.65045252974,同管道运输任务_万吨
2025,S126,N082,N132,河南,河北,820,84.6656043365,735.3343956635,61.02865368683,同管道运输任务_万吨
2025,S127,N132,N131,河北,河北,820,55.66846897604,764.331531024,49.40123273755,同管道运输任务_万吨
2025,S128,N131,N106,河北,河北,820,39.71304424151,780.2869557585,108.0642480112,同管道运输任务_万吨
2025,S129,N106,N149,河北,河北,820,91.98532701378,728.0146729862,1,同管道运输任务_万吨
2025,S130,N149,N146,河北,山西,820,91.98532701378,728.0146729862,83.39947410673,同管道运输任务_万吨
2025,S131,N146,N064,山西,山西,820,81.91932726433,738.0806727357,76.48152333733,同管道运输任务_万吨
2025,S132,N064,N040,山西,山西,820,69.19284401656,750.8071559834,27.19403166545,同管道运输任务_万吨
2025,S133,N088,N048,河南,河南,820,393.7837890145,426.2162109855,111.8321473902,同管道运输任务_万吨
2025,S134,N048,N133,河南,河南,820,241.9192375357,578.0807624643,1,同管道运输任务_万吨
2025,S135,N133,N125,河南,河南,820,241.9192375357,578.0807624643,81.38804499697,同管道运输任务_万吨
2025,S136,N125,N096,河南,河南,820,146.0040948282,673.9959051718,53.05342007042,同管道运输任务_万吨
2025,S137,N096,N148,河南,河南,820,43.8451312598,776.1548687402,63.78578749544,同管道运输任务_万吨
2025,S138,N148,N014,河南,河南,820,57.19812758075,762.8018724193,95.72615837574,同管道运输任务_万吨
2025,S139,N028,N079,天津,天津,155,0,155,1,同管道运输任务_万吨
2025,S140,N072,N059,青海,西藏,130,3.02729759244,126.9727024076,1032.422556507,同管道运输任务_万吨
2030,S001,N009,N034,新疆,新疆,1000,6.556909200611,993.4430907994,490.0796120514,同管道运输任务_万吨
2030,S002,N034,N068,新疆,甘肃,1000,6.556909200611,993.4430907994,539.185983012,同管道运输任务_万吨
2030,S003,N068,N136,甘肃,甘肃,1000,6.500430217814,993.4995697822,1,同管道运输任务_万吨
2030,S004,N136,N052,甘肃,甘肃,1000,6.500430217814,993.4995697822,190.6827379823,同管道运输任务_万吨
2030,S005,N052,N077,甘肃,甘肃,1000,6.45029175926,993.5497082407,220.4447200576,同管道运输任务_万吨
2030,S006,N077,N018,甘肃,甘肃,1000,2.14914018538,997.8508598146,233.1474672007,同管道运输任务_万吨
2030,S007,N100,N001,新疆,新疆,100,0,100,258.5647036559,同管道运输任务_万吨
2030,S008,N001,N009,新疆,新疆,100,0,100,32.21673231182,同管道运输任务_万吨
2030,S009,N100,N102,新疆,新疆,520,0,520,290.7209493193,同管道运输任务_万吨
2030,S010,N015,N102,新疆,新疆,160,0,160,290.7209493193,同管道运输任务_万吨
2030,S011,N015,N102,新疆,新疆,400,0,400,290.7209493193,同管道运输任务_万吨
2030,S012,N018,N033,甘肃,陕西,1000,503.2101588073,496.7898411927,482.7844223775,同管道运输任务_万吨
2030,S013,N033,N133,陕西,河南,1500,321.8257916836,1178.174208316,452.4894536775,同管道运输任务_万吨
2030,S014,N133,N078,河南,湖北,1000,321.8257916836,678.1742083164,465.8914014778,同管道运输任务_万吨
2030,S015,N078,N144,湖北,湖南,500,119.4216371853,380.5783628147,294.4894358354,同管道运输任务_万吨
2030,S016,N037,N084,天津,河北,285,116.9421275159,168.0578724841,98.15406962574,同管道运输任务_万吨
2030,S017,N084,N055,河北,山东,285,100.4411495052,184.5588504948,106.8696995817,同管道运输任务_万吨
2030,S018,N055,N089,山东,山东,285,70.82166989207,214.1783301079,104.7760009591,同管道运输任务_万吨
2030,S019,N089,N089,山东,山东,285,42.87314710952,242.1268528905,1,同管道运输任务_万吨
2030,S020,N089,N016,山东,山东,285,42.87314710952,242.1268528905,141.8453430493,同管道运输任务_万吨
2030,S021,N139,N049,宁夏,内蒙古,240,1.73704508842,238.2629549116,269.5692947473,同管道运输任务_万吨
2030,S022,N016,N114,山东,山东,285,15.62186775433,269.3781322457,98.00787875952,同管道运输任务_万吨
2030,S023,N114,N067,山东,山东,285,15.62186775433,269.3781322457,155.5763598401,同管道运输任务_万吨
2030,S024,N032,N020,内蒙古,内蒙古,200,13.29100319432,186.7089968057,153.0994759461,同管道运输任务_万吨
2030,S025,N020,N135,内蒙古,内蒙古,200,9.091151675784,190.9088483242,113.5796267743,同管道运输任务_万吨
2030,S026,N058,N130,辽宁,辽宁,600,526.709576537,73.29042346301,90.66720168779,同管道运输任务_万吨
2030,S027,N130,N129,辽宁,辽宁,600,522.5614325678,77.43856743224,108.3049541324,同管道运输任务_万吨
2030,S028,N129,N140,辽宁,辽宁,750,518.0420533007,231.9579466993,96.97372460332,同管道运输任务_万吨
2030,S029,N140,N036,辽宁,河北,1300,500.9124937289,799.0875062711,414.5369322765,同管道运输任务_万吨
2030,S030,N036,N012,河北,河北,800,66.28302652382,733.7169734762,128.6230495114,同管道运输任务_万吨
2030,S031,N012,N132,河北,河北,1100,30.48187431502,1069.518125685,262.5316624369,同管道运输任务_万吨
2030,S032,N132,N133,河北,河南,800,0,800,224.7585240323,同管道运输任务_万吨
2030,S033,N031,N143,吉林,吉林,245,8.231784681826,236.7682153182,98.79246594876,同管道运输任务_万吨
2030,S034,N018,N057,甘肃,四川,700,48.88335270141,651.1166472986,597.2917296284,同管道运输任务_万吨
2030,S035,N057,N137,四川,重庆,350,0,350,271.7748380194,同管道运输任务_万吨
2030,S036,N044,N038,云南,云南,173,109.7900595413,63.20994045875,256.1167141436,同管道运输任务_万吨
2030,S037,N038,N013,云南,云南,57,62.89900973638,0,124.130796815,同管道运输任务_万吨
2030,S038,N044,N101,云南,云南,225,110.9238638552,114.0761361448,84.16073196024,同管道运输任务_万吨
2030,S039,N101,N121,云南,云南,115,65.77428464655,49.22571535345,139.370081841,同管道运输任务_万吨
2030,S040,N044,N047,云南,云南,323,157.4437048697,165.5562951303,1,同管道运输任务_万吨
2030,S041,N047,N066,云南,云南,155,157.4437048697,0,114.9330292875,同管道运输任务_万吨
2030,S042,N047,N063,云南,云南,168,0,168,1,同管道运输任务_万吨
2030,S043,N138,N024,广西,广西,500,251.4603834832,248.5396165168,97.62752678335,同管道运输任务_万吨
2030,S044,N024,N069,广西,广西,300,84.39612296846,215.6038770315,199.6645928393,同管道运输任务_万吨
2030,S045,N095,N117,广东,广东,500,652.7877801079,0,71.64398617532,同管道运输任务_万吨
2030,S046,N117,N069,广东,广西,800,539.8923786762,260.1076213238,333.2363072599,同管道运输任务_万吨
2030,S047,N069,N127,广西,贵州,800,384.265475524,415.734524476,383.1404481031,同管道运输任务_万吨
2030,S048,N127,N066,贵州,云南,800,157.4437048697,642.5562951303,320.9147812201,同管道运输任务_万吨
2030,S049,N080,N137,重庆,重庆,800,0,800,1,同管道运输任务_万吨
2030,S050,N069,N070,广西,广西,500,0,500,1,同管道运输任务_万吨
2030,S051,N127,N109,贵州,四川,600,0,600,510.4984836446,同管道运输任务_万吨
2030,S052,N069,N073,广西,广西,600,71.23078018378,528.7692198162,136.4517130161,同管道运输任务_万吨
2030,S053,N006,N024,广东,广西,800,371.3990151893,428.6009848107,270.9212702775,同管道运输任务_万吨
2030,S054,N024,N141,广西,云南,800,204.3347546745,595.6652453255,623.7954009713,同管道运输任务_万吨
2030,S055,N141,N038,云南,云南,800,46.89104980488,753.1089501951,256.1167141436,同管道运输任务_万吨
2030,S056,N024,N151,广西,广西,800,0,800,1,同管道运输任务_万吨
2030,S057,N141,N066,云南,云南,800,157.4437048697,642.5562951303,114.9330292875,同管道运输任务_万吨
2030,S058,N108,N062,云南,云南,800,0,800,1,同管道运输任务_万吨
2030,S059,N117,N081,广东,广东,550,56.44242690343,493.5575730966,243.9417369173,同管道运输任务_万吨
2030,S060,N026,N027,广东,广东,250,0,250,19.09871202011,同管道运输任务_万吨
2030,S061,N003,N115,广东,广东,250,0,250,19.09871202011,同管道运输任务_万吨
2030,S062,N026,N060,广东,广东,100,0,100,100.8048484868,同管道运输任务_万吨
2030,S063,N021,N103,广东,广东,100,0,100,1,同管道运输任务_万吨
2030,S064,N150,N026,广东,广东,300,239.7251444527,60.27485554726,1,同管道运输任务_万吨
2030,S065,N150,N056,广东,广东,350,218.2274737349,131.7725262651,117.9051205886,同管道运输任务_万吨
2030,S066,N039,N041,广东,广东,250,0,250,1,同管道运输任务_万吨
2030,S067,N056,N075,广东,广东,120,156.4184547018,0,217.3794119684,同管道运输任务_万吨
2030,S068,N078,N014,湖北,河南,,59.0236008546,0,173.9497469924,同管道运输任务_万吨
2030,S069,N050,N051,湖北,湖北,10,0,10,1,同管道运输任务_万吨
2030,S070,N119,N124,湖北,湖北,350,130.2386745204,219.7613254796,108.5250365034,同管道运输任务_万吨
2030,S071,N119,N118,湖北,湖北,150,54.01774990109,95.98225009891,77.70770101937,同管道运输任务_万吨
2030,S072,N142,N002,湖南,湖南,600,292.0178699616,307.9821300384,1,同管道运输任务_万吨
2030,S073,N002,N083,湖南,湖南,560,266.5536618433,293.4463381567,1,同管道运输任务_万吨
2030,S074,N083,N144,湖南,湖南,538,266.5536618433,271.4463381567,142.0010421679,同管道运输任务_万吨
2030,S075,N144,N094,湖南,湖南,385,147.132024658,237.867975342,44.30902209218,同管道运输任务_万吨
2030,S076,N094,N123,湖南,湖南,220,128.1817636582,91.81823634181,110.3842250222,同管道运输任务_万吨
2030,S077,N123,N112,湖南,湖南,136,128.1817636582,7.818236341808,1,同管道运输任务_万吨
2030,S078,N112,N134,湖南,湖南,100,49.80214300995,50.19785699005,132.5778164966,同管道运输任务_万吨
2030,S079,N094,N042,湖南,湖南,250,113.556623331,136.443376669,94.39854001898,同管道运输任务_万吨
2030,S080,N094,N071,湖南,湖南,350,28.47082528744,321.5291747126,18.49187998705,同管道运输任务_万吨
2030,S081,N010,N025,江西,江西,330,285.2886178036,44.71138219644,108.6105132513,同管道运输任务_万吨
2030,S082,N025,N030,江西,江西,240,164.174349069,75.825650931,197.4631244572,同管道运输任务_万吨
2030,S083,N030,N076,江西,江西,274,133.6215686035,140.3784313965,97.07015693906,同管道运输任务_万吨
2030,S084,N076,N128,江西,江西,170,66.79467584794,103.2053241521,226.5322157291,同管道运输任务_万吨
2030,S085,N004,N076,江西,江西,,66.82689275554,0,352.9393516458,同管道运输任务_万吨
2030,S086,N045,N029,安徽,安徽,410,271.380650872,138.619349128,143.6360184791,同管道运输任务_万吨
2030,S087,N029,N092,安徽,安徽,270,197.9440793006,72.05592069942,87.17523735415,同管道运输任务_万吨
2030,S088,N092,N145,安徽,安徽,140,160.4751331647,0,117.7796602808,同管道运输任务_万吨
2030,S089,N145,N011,安徽,安徽,140,89.05656337267,50.94343662733,106.2674435054,同管道运输任务_万吨
2030,S090,N045,N029,安徽,安徽,120,73.43657157139,46.56342842861,143.6360184791,同管道运输任务_万吨
2030,S091,N029,N017,安徽,安徽,140,28.63482793351,111.3651720665,67.91871138908,同管道运输任务_万吨
2030,S092,N092,N122,安徽,安徽,80,37.08812212508,42.91187787492,50.35323866621,同管道运输任务_万吨
2030,S093,N035,N093,浙江,浙江,510,24.37625432977,485.6237456702,65.94894528416,同管道运输任务_万吨
2030,S094,N035,N116,浙江,江苏,510,450.5062955715,59.49370442853,63.57562871305,同管道运输任务_万吨
2030,S095,N023,N087,江苏,江苏,545,158.7464043296,386.2535956704,114.4833118214,同管道运输任务_万吨
2030,S096,N023,N054,江苏,江苏,545,0,545,276.9115998483,同管道运输任务_万吨
2030,S097,N023,N105,江苏,江苏,545,93.08857769962,451.9114223004,191.8610036166,同管道运输任务_万吨
2030,S098,N022,N116,江苏,江苏,580,450.5062955715,129.4937044285,189.3371214002,同管道运输任务_万吨
2030,S099,N110,N153,浙江,浙江,760,147.2688777112,612.7311222888,285.5275920545,同管道运输任务_万吨
2030,S100,N153,N076,浙江,江西,450,66.82689275554,383.1731072445,453.1326401913,同管道运输任务_万吨
2030,S101,N126,N074,浙江,浙江,135,101.9780996602,33.02190033976,42.27850958589,同管道运输任务_万吨
2030,S102,N111,N120,浙江,浙江,500,0,500,42.27850958589,同管道运输任务_万吨
2030,S103,N110,N043,浙江,浙江,460,283.055826493,176.944173507,1,同管道运输任务_万吨
2030,S104,N043,N008,浙江,浙江,460,195.9335598727,264.0664401273,134.9056669374,同管道运输任务_万吨
2030,S105,N008,N099,浙江,浙江,460,137.930133022,322.069866978,102.2518494834,同管道运输任务_万吨
2030,S106,N099,N104,浙江,浙江,460,0,460,1,同管道运输任务_万吨
2030,S107,N085,N019,福建,福建,220,54.60912281995,165.3908771801,146.977849406,同管道运输任务_万吨
2030,S108,N085,N005,福建,福建,380,35.27575525767,344.7242447423,74.53127886045,同管道运输任务_万吨
2030,S109,N085,N107,福建,福建,380,0,380,74.53127886045,同管道运输任务_万吨
2030,S110,N152,N091,山东,山东,655,330.394825787,324.605174213,1,同管道运输任务_万吨
2030,S111,N091,N089,山东,山东,655,287.3595863301,367.6404136699,95.82581836938,同管道运输任务_万吨
2030,S112,N089,N086,山东,山东,655,259.4110635475,395.5889364525,50.39831502666,同管道运输任务_万吨
2030,S113,N086,N065,山东,山东,655,237.7122781228,417.2877218772,98.00787875952,同管道运输任务_万吨
2030,S114,N065,N067,山东,山东,655,237.7122781228,417.2877218772,94.47889312212,同管道运输任务_万吨
2030,S115,N067,N053,山东,江苏,655,160.3546902735,494.6453097265,67.88363102691,同管道运输任务_万吨
2030,S116,N053,N046,江苏,安徽,655,64.95969269029,590.0403073097,68.27567140554,同管道运输任务_万吨
2030,S117,N065,N090,山东,山东,655,0,655,1,同管道运输任务_万吨
2030,S118,N067,N007,山东,山东,655,61.73572009491,593.2642799051,99.71138548294,同管道运输任务_万吨
2030,S119,N147,N097,山东,山东,820,53.53596608013,766.4640339199,130.6795326906,同管道运输任务_万吨
2030,S120,N097,N089,山东,山东,820,27.94852278255,792.0514772175,192.5624527192,同管道运输任务_万吨
2030,S121,N089,N113,山东,山东,820,166.6430492591,653.3569507409,93.21608317735,同管道运输任务_万吨
2030,S122,N113,N098,山东,河南,820,148.4829692248,671.5170307752,115.1930105614,同管道运输任务_万吨
2030,S123,N098,N082,河南,河南,820,84.90290861951,735.0970913805,70.40284280982,同管道运输任务_万吨
2030,S124,N082,N061,河南,河南,820,96.02052286297,723.979477137,96.65790953178,同管道运输任务_万吨
2030,S125,N061,N133,河南,河南,820,0,820,67.65045252974,同管道运输任务_万吨
2030,S126,N082,N132,河南,河北,820,89.5934006655,730.4065993345,61.02865368683,同管道运输任务_万吨
2030,S127,N132,N131,河北,河北,820,59.11152635048,760.8884736495,49.40123273755,同管道运输任务_万吨
2030,S128,N131,N106,河北,河北,820,42.33192260505,777.6680773949,108.0642480112,同管道运输任务_万吨
2030,S129,N106,N149,河北,河北,820,111.6881748235,708.3118251765,1,同管道运输任务_万吨
2030,S130,N149,N146,河北,山西,820,111.6881748235,708.3118251765,83.39947410673,同管道运输任务_万吨
2030,S131,N146,N064,山西,山西,820,99.41820617686,720.5817938231,76.48152333733,同管道运输任务_万吨
2030,S132,N064,N040,山西,山西,820,84.07761570721,735.9223842928,27.19403166545,同管道运输任务_万吨
2030,S133,N088,N048,河南,河南,820,410.7393246901,409.2606753099,111.8321473902,同管道运输任务_万吨
2030,S134,N048,N133,河南,河南,820,249.2655464786,570.7344535214,1,同管道运输任务_万吨
2030,S135,N133,N125,河南,河南,820,249.2655464786,570.7344535214,81.38804499697,同管道运输任务_万吨
2030,S136,N125,N096,河南,河南,820,149.9737993052,670.0262006948,53.05342007042,同管道运输任务_万吨
2030,S137,N096,N148,河南,河南,820,45.17566143541,774.8243385646,63.78578749544,同管道运输任务_万吨
2030,S138,N148,N014,河南,河南,820,59.0236008546,760.9763991454,95.72615837574,同管道运输任务_万吨
2030,S139,N028,N079,天津,天津,155,0,155,1,同管道运输任务_万吨
2030,S140,N072,N059,青海,西藏,130,0,130,1032.422556507,同管道运输任务_万吨
2035,S001,N009,N034,新疆,新疆,1000,5.576974861561,994.4230251384,490.0796120514,同管道运输任务_万吨
2035,S002,N034,N068,新疆,甘肃,1000,5.576974861561,994.4230251384,539.185983012,同管道运输任务_万吨
2035,S003,N068,N136,甘肃,甘肃,1000,5.522091904667,994.4779080953,1,同管道运输任务_万吨
2035,S004,N136,N052,甘肃,甘肃,1000,5.522091904667,994.4779080953,190.6827379823,同管道运输任务_万吨
2035,S005,N052,N077,甘肃,甘肃,1000,5.473195889634,994.5268041104,220.4447200576,同管道运输任务_万吨
2035,S006,N077,N018,甘肃,甘肃,1000,1.882093668544,998.1179063315,233.1474672007,同管道运输任务_万吨
2035,S007,N100,N001,新疆,新疆,100,0,100,258.5647036559,同管道运输任务_万吨
2035,S008,N001,N009,新疆,新疆,100,0,100,32.21673231182,同管道运输任务_万吨
2035,S009,N100,N102,新疆,新疆,520,0,520,290.7209493193,同管道运输任务_万吨
2035,S010,N015,N102,新疆,新疆,160,0,160,290.7209493193,同管道运输任务_万吨
2035,S011,N015,N102,新疆,新疆,400,0,400,290.7209493193,同管道运输任务_万吨
2035,S012,N018,N033,甘肃,陕西,1000,460.5702205496,539.4297794504,482.7844223775,同管道运输任务_万吨
2035,S013,N033,N133,陕西,河南,1500,287.0566200319,1212.943379968,452.4894536775,同管道运输任务_万吨
2035,S014,N133,N078,河南,湖北,1000,287.0566200319,712.9433799681,465.8914014778,同管道运输任务_万吨
2035,S015,N078,N144,湖北,湖南,500,83.37429597631,416.6257040237,294.4894358354,同管道运输任务_万吨
2035,S016,N037,N084,天津,河北,285,109.6512757218,175.3487242782,98.15406962574,同管道运输任务_万吨
2035,S017,N084,N055,河北,山东,285,94.87315289063,190.1268471094,106.8696995817,同管道运输任务_万吨
2035,S018,N055,N089,山东,山东,285,67.83996509334,217.1600349067,104.7760009591,同管道运输任务_万吨
2035,S019,N089,N089,山东,山东,285,40.90175274772,244.0982472523,1,同管道运输任务_万吨
2035,S020,N089,N016,山东,山东,285,40.90175274772,244.0982472523,141.8453430493,同管道运输任务_万吨
2035,S021,N139,N049,宁夏,内蒙古,240,1.930113363142,238.0698866369,269.5692947473,同管道运输任务_万吨
2035,S022,N016,N114,山东,山东,285,14.95223772059,270.0477622794,98.00787875952,同管道运输任务_万吨
2035,S023,N114,N067,山东,山东,285,14.95223772059,270.0477622794,155.5763598401,同管道运输任务_万吨
2035,S024,N032,N020,内蒙古,内蒙古,200,13.17538966915,186.8246103308,153.0994759461,同管道运输任务_万吨
2035,S025,N020,N135,内蒙古,内蒙古,200,8.393687688097,191.6063123119,113.5796267743,同管道运输任务_万吨
2035,S026,N058,N130,辽宁,辽宁,600,442.9658257638,157.0341742362,90.66720168779,同管道运输任务_万吨
2035,S027,N130,N129,辽宁,辽宁,600,439.3525987377,160.6474012623,108.3049541324,同管道运输任务_万吨
2035,S028,N129,N140,辽宁,辽宁,750,435.4033319828,314.5966680172,96.97372460332,同管道运输任务_万吨
2035,S029,N140,N036,辽宁,河北,1300,419.4873012596,880.5126987404,414.5369322765,同管道运输任务_万吨
2035,S030,N036,N012,河北,河北,800,60.15824429534,739.8417557047,128.6230495114,同管道运输任务_万吨
2035,S031,N012,N132,河北,河北,1100,27.66391509191,1072.336084908,262.5316624369,同管道运输任务_万吨
2035,S032,N132,N133,河北,河南,800,0,800,224.7585240323,同管道运输任务_万吨
2035,S033,N031,N143,吉林,吉林,245,8.561639615907,236.4383603841,98.79246594876,同管道运输任务_万吨
2035,S034,N018,N057,甘肃,四川,700,32.61434466942,667.3856553306,597.2917296284,同管道运输任务_万吨
2035,S035,N057,N137,四川,重庆,350,0,350,271.7748380194,同管道运输任务_万吨
2035,S036,N044,N038,云南,云南,173,106.7912492557,66.2087507443,256.1167141436,同管道运输任务_万吨
2035,S037,N038,N013,云南,云南,57,61.41912239991,0,124.130796815,同管道运输任务_万吨
2035,S038,N044,N101,云南,云南,225,108.8987103603,116.1012896397,84.16073196024,同管道运输任务_万吨
2035,S039,N101,N121,云南,云南,115,63.86896583862,51.13103416138,139.370081841,同管道运输任务_万吨
2035,S040,N044,N047,云南,云南,323,148.5491850504,174.4508149496,1,同管道运输任务_万吨
2035,S041,N047,N066,云南,云南,155,148.5491850504,6.450814949639,114.9330292875,同管道运输任务_万吨
2035,S042,N047,N063,云南,云南,168,0,168,1,同管道运输任务_万吨
2035,S043,N138,N024,广西,广西,500,245.3549520755,254.6450479245,97.62752678335,同管道运输任务_万吨
2035,S044,N024,N069,广西,广西,300,81.89950749871,218.1004925013,199.6645928393,同管道运输任务_万吨
2035,S045,N095,N117,广东,广东,500,607.8606259362,0,71.64398617532,同管道运输任务_万吨
2035,S046,N117,N069,广东,广西,800,501.0217299673,298.9782700327,333.2363072599,同管道运输任务_万吨
2035,S047,N069,N127,广西,贵州,800,349.794417773,450.205582227,383.1404481031,同管道运输任务_万吨
2035,S048,N127,N066,贵州,云南,800,148.5491850504,651.4508149496,320.9147812201,同管道运输任务_万吨
2035,S049,N080,N137,重庆,重庆,800,0,800,1,同管道运输任务_万吨
2035,S050,N069,N070,广西,广西,500,0,500,1,同管道运输任务_万吨
2035,S051,N127,N109,贵州,四川,600,0,600,510.4984836446,同管道运输任务_万吨
2035,S052,N069,N073,广西,广西,600,69.32780469562,530.6721953044,136.4517130161,同管道运输任务_万吨
2035,S053,N006,N024,广东,广西,800,357.376756483,442.623243517,270.9212702775,同管道运输任务_万吨
2035,S054,N024,N141,广西,云南,800,193.9213119061,606.0786880939,623.7954009713,同管道运输任务_万吨
2035,S055,N141,N038,云南,云南,800,45.37212685579,754.6278731442,256.1167141436,同管道运输任务_万吨
2035,S056,N024,N151,广西,广西,800,0,800,1,同管道运输任务_万吨
2035,S057,N141,N066,云南,云南,800,148.5491850504,651.4508149496,114.9330292875,同管道运输任务_万吨
2035,S058,N108,N062,云南,云南,800,0,800,1,同管道运输任务_万吨
2035,S059,N117,N081,广东,广东,550,52.56557129799,497.434428702,243.9417369173,同管道运输任务_万吨
2035,S060,N026,N027,广东,广东,250,0,250,19.09871202011,同管道运输任务_万吨
2035,S061,N003,N115,广东,广东,250,0,250,19.09871202011,同管道运输任务_万吨
2035,S062,N026,N060,广东,广东,100,0,100,100.8048484868,同管道运输任务_万吨
2035,S063,N021,N103,广东,广东,100,0,100,1,同管道运输任务_万吨
2035,S064,N150,N026,广东,广东,300,225.112340187,74.88765981304,1,同管道运输任务_万吨
2035,S065,N150,N056,广东,广东,350,202.1049606831,147.8950393169,117.9051205886,同管道运输任务_万吨
2035,S066,N039,N041,广东,广东,250,0,250,1,同管道运输任务_万吨
2035,S067,N056,N075,广东,广东,120,145.2349184963,0,217.3794119684,同管道运输任务_万吨
2035,S068,N078,N014,湖北,河南,,59.57410594314,0,173.9497469924,同管道运输任务_万吨
2035,S069,N050,N051,湖北,湖北,10,0,10,1,同管道运输任务_万吨
2035,S070,N119,N124,湖北,湖北,350,129.8266799577,220.1733200423,108.5250365034,同管道运输任务_万吨
2035,S071,N119,N118,湖北,湖北,150,53.29507920096,96.70492079904,77.70770101937,同管道运输任务_万吨
2035,S072,N142,N002,湖南,湖南,600,207.1261278292,392.8738721708,1,同管道运输任务_万吨
2035,S073,N002,N083,湖南,湖南,560,189.456302904,370.543697096,1,同管道运输任务_万吨
2035,S074,N083,N144,湖南,湖南,538,189.456302904,348.543697096,142.0010421679,同管道运输任务_万吨
2035,S075,N144,N094,湖南,湖南,385,106.0820069276,278.9179930724,44.30902209218,同管道运输任务_万吨
2035,S076,N094,N123,湖南,湖南,220,92.80451510373,127.1954848963,110.3842250222,同管道运输任务_万吨
2035,S077,N123,N112,湖南,湖南,136,92.80451510373,43.19548489627,1,同管道运输任务_万吨
2035,S078,N112,N134,湖南,湖南,100,38.57674682868,61.42325317132,132.5778164966,同管道运输任务_万吨
2035,S079,N094,N042,湖南,湖南,250,77.80349681677,172.1965031832,94.39854001898,同管道运输任务_万吨
2035,S080,N094,N071,湖南,湖南,350,19.98156237787,330.0184376221,18.49187998705,同管道运输任务_万吨
2035,S081,N010,N025,江西,江西,330,284.2675225395,45.73247746055,108.6105132513,同管道运输任务_万吨
2035,S082,N025,N030,江西,江西,240,162.6160237179,77.38397628212,197.4631244572,同管道运输任务_万吨
2035,S083,N030,N076,江西,江西,274,132.5631960026,141.4368039974,97.07015693906,同管道运输任务_万吨
2035,S084,N076,N128,江西,江西,170,65.86443170498,104.135568295,226.5322157291,同管道运输任务_万吨
2035,S085,N004,N076,江西,江西,,66.69876429763,0,352.9393516458,同管道运输任务_万吨
2035,S086,N045,N029,安徽,安徽,410,271.6304041072,138.3695958928,143.6360184791,同管道运输任务_万吨
2035,S087,N029,N092,安徽,安徽,270,197.2143847313,72.78561526869,87.17523735415,同管道运输任务_万吨
2035,S088,N092,N145,安徽,安徽,140,159.8465069924,0,117.7796602808,同管道运输任务_万吨
2035,S089,N145,N011,安徽,安徽,140,88.79621088326,51.20378911674,106.2674435054,同管道运输任务_万吨
2035,S090,N045,N029,安徽,安徽,120,74.41601937586,45.58398062414,143.6360184791,同管道运输任务_万吨
2035,S091,N029,N017,安徽,安徽,140,28.08419965304,111.915800347,67.91871138908,同管道运输任务_万吨
2035,S092,N092,N122,安徽,安徽,80,37.05127889319,42.94872110681,50.35323866621,同管道运输任务_万吨
2035,S093,N035,N093,浙江,浙江,510,21.51051171054,488.4894882895,65.94894528416,同管道运输任务_万吨
2035,S094,N035,N116,浙江,江苏,510,385.5772921672,124.4227078328,63.57562871305,同管道运输任务_万吨
2035,S095,N023,N087,江苏,江苏,545,133.8025290134,411.1974709866,114.4833118214,同管道运输任务_万吨
2035,S096,N023,N054,江苏,江苏,545,0,545,276.9115998483,同管道运输任务_万吨
2035,S097,N023,N105,江苏,江苏,545,77.76033204464,467.2396679554,191.8610036166,同管道运输任务_万吨
2035,S098,N022,N116,江苏,江苏,580,385.5772921672,194.4227078328,189.3371214002,同管道运输任务_万吨
2035,S099,N110,N153,浙江,浙江,760,138.4262506397,621.5737493603,285.5275920545,同管道运输任务_万吨
2035,S100,N153,N076,浙江,江西,450,66.69876429763,383.3012357024,453.1326401913,同管道运输任务_万吨
2035,S101,N126,N074,浙江,浙江,135,90.75427779084,44.24572220916,42.27850958589,同管道运输任务_万吨
2035,S102,N111,N120,浙江,浙江,500,0,500,42.27850958589,同管道运输任务_万吨
2035,S103,N110,N043,浙江,浙江,460,251.1454359677,208.8545640323,1,同管道运输任务_万吨
2035,S104,N043,N008,浙江,浙江,460,173.8088174017,286.1911825983,134.9056669374,同管道运输任务_万吨
2035,S105,N008,N099,浙江,浙江,460,122.6531812285,337.3468187715,102.2518494834,同管道运输任务_万吨
2035,S106,N099,N104,浙江,浙江,460,0,460,1,同管道运输任务_万吨
2035,S107,N085,N019,福建,福建,220,44.82832806842,175.1716719316,146.977849406,同管道运输任务_万吨
2035,S108,N085,N005,福建,福建,380,29.05220961277,350.9477903872,74.53127886045,同管道运输任务_万吨
2035,S109,N085,N107,福建,福建,380,0,380,74.53127886045,同管道运输任务_万吨
2035,S110,N152,N091,山东,山东,655,302.5334918371,352.4665081629,1,同管道运输任务_万吨
2035,S111,N091,N089,山东,山东,655,261.4058549647,393.5941450353,95.82581836938,同管道运输任务_万吨
2035,S112,N089,N086,山东,山东,655,234.4676426191,420.5323573809,50.39831502666,同管道运输任务_万吨
2035,S113,N086,N065,山东,山东,655,213.7063961671,441.2936038329,98.00787875952,同管道运输任务_万吨
2035,S114,N065,N067,山东,山东,655,213.7063961671,441.2936038329,94.47889312212,同管道运输任务_万吨
2035,S115,N067,N053,山东,江苏,655,144.2446930225,510.7553069775,67.88363102691,同管道运输任务_万吨
2035,S116,N053,N046,江苏,安徽,655,64.28321066085,590.7167893391,68.27567140554,同管道运输任务_万吨
2035,S117,N065,N090,山东,山东,655,0,655,1,同管道运输任务_万吨
2035,S118,N067,N007,山东,山东,655,54.50946542405,600.490534576,99.71138548294,同管道运输任务_万吨
2035,S119,N147,N097,山东,山东,820,51.2558837208,768.7441162792,130.6795326906,同管道运输任务_万吨
2035,S120,N097,N089,山东,山东,820,26.93821234561,793.0617876544,192.5624527192,同管道运输任务_万吨
2035,S121,N089,N113,山东,山东,820,167.5091443165,652.4908556835,93.21608317735,同管道运输任务_万吨
2035,S122,N113,N098,山东,河南,820,150.3375083691,669.6624916309,115.1930105614,同管道运输任务_万吨
2035,S123,N098,N082,河南,河南,820,87.81360869385,732.1863913061,70.40284280982,同管道运输任务_万吨
2035,S124,N082,N061,河南,河南,820,99.39766032139,720.6023396786,96.65790953178,同管道运输任务_万吨
2035,S125,N061,N133,河南,河南,820,0,820,67.65045252974,同管道运输任务_万吨
2035,S126,N082,N132,河南,河北,820,81.69725516654,738.3027448335,61.02865368683,同管道运输任务_万吨
2035,S127,N132,N131,河北,河北,820,54.03334007462,765.9666599254,49.40123273755,同管道运输任务_万吨
2035,S128,N131,N106,河北,河北,820,38.79432494305,781.2056750569,108.0642480112,同管道运输任务_万吨
2035,S129,N106,N149,河北,河北,820,117.1862391139,702.8137608861,1,同管道运输任务_万吨
2035,S130,N149,N146,河北,山西,820,117.1862391139,702.8137608861,83.39947410673,同管道运输任务_万吨
2035,S131,N146,N064,山西,山西,820,104.2615338137,715.7384661863,76.48152333733,同管道运输任务_万吨
2035,S132,N064,N040,山西,山西,820,88.25714418139,731.7428558186,27.19403166545,同管道运输任务_万吨
2035,S133,N088,N048,河南,河南,820,417.6124036812,402.3875963188,111.8321473902,同管道运输任务_万吨
2035,S134,N048,N133,河南,河南,820,251.0241331412,568.9758668588,1,同管道运输任务_万吨
2035,S135,N133,N125,河南,河南,820,251.0241331412,568.9758668588,81.38804499697,同管道运输任务_万吨
2035,S136,N125,N096,河南,河南,820,150.6802358753,669.3197641247,53.05342007042,同管道运输任务_万吨
2035,S137,N096,N148,河南,河南,820,45.50662582487,774.4933741751,63.78578749544,同管道运输任务_万吨
2035,S138,N148,N014,河南,河南,820,59.57410594314,760.4258940569,95.72615837574,同管道运输任务_万吨
2035,S139,N028,N079,天津,天津,155,0,155,1,同管道运输任务_万吨
2035,S140,N072,N059,青海,西藏,130,0,130,1032.422556507,同管道运输任务_万吨
2040,S001,N009,N034,新疆,新疆,1000,4.406868843542,995.5931311565,490.0796120514,同管道运输任务_万吨
2040,S002,N034,N068,新疆,甘肃,1000,4.406868843542,995.5931311565,539.185983012,同管道运输任务_万吨
2040,S003,N068,N136,甘肃,甘肃,1000,4.363144690403,995.6368553096,1,同管道运输任务_万吨
2040,S004,N136,N052,甘肃,甘肃,1000,4.363144690403,995.6368553096,190.6827379823,同管道运输任务_万吨
2040,S005,N052,N077,甘肃,甘肃,1000,4.324068649755,995.6759313502,220.4447200576,同管道运输任务_万吨
2040,S006,N077,N018,甘肃,甘肃,1000,1.48165080317,998.5183491968,233.1474672007,同管道运输任务_万吨
2040,S007,N100,N001,新疆,新疆,100,0,100,258.5647036559,同管道运输任务_万吨
2040,S008,N001,N009,新疆,新疆,100,0,100,32.21673231182,同管道运输任务_万吨
2040,S009,N100,N102,新疆,新疆,520,0,520,290.7209493193,同管道运输任务_万吨
2040,S010,N015,N102,新疆,新疆,160,0,160,290.7209493193,同管道运输任务_万吨
2040,S011,N015,N102,新疆,新疆,400,0,400,290.7209493193,同管道运输任务_万吨
2040,S012,N018,N033,甘肃,陕西,1000,453.1108475609,546.8891524391,482.7844223775,同管道运输任务_万吨
2040,S013,N033,N133,陕西,河南,1500,279.0540716643,1220.945928336,452.4894536775,同管道运输任务_万吨
2040,S014,N133,N078,河南,湖北,1000,279.0540716643,720.9459283357,465.8914014778,同管道运输任务_万吨
2040,S015,N078,N144,湖北,湖南,500,100.1744741841,399.8255258159,294.4894358354,同管道运输任务_万吨
2040,S016,N037,N084,天津,河北,285,103.9360756019,181.0639243981,98.15406962574,同管道运输任务_万吨
2040,S017,N084,N055,河北,山东,285,89.75323015063,195.2467698494,106.8696995817,同管道运输任务_万吨
2040,S018,N055,N089,山东,山东,285,64.07241338967,220.9275866103,104.7760009591,同管道运输任务_万吨
2040,S019,N089,N089,山东,山东,285,38.50728637407,246.4927136259,1,同管道运输任务_万吨
2040,S020,N089,N016,山东,山东,285,38.50728637407,246.4927136259,141.8453430493,同管道运输任务_万吨
2040,S021,N139,N049,宁夏,内蒙古,240,2.205847049766,237.7941529502,269.5692947473,同管道运输任务_万吨
2040,S022,N016,N114,山东,山东,285,14.11852918538,270.8814708146,98.00787875952,同管道运输任务_万吨
2040,S023,N114,N067,山东,山东,285,14.11852918538,270.8814708146,155.5763598401,同管道运输任务_万吨
2040,S024,N032,N020,内蒙古,内蒙古,200,13.78756289641,186.2124371036,153.0994759461,同管道运输任务_万吨
2040,S025,N020,N135,内蒙古,内蒙古,200,8.215490982969,191.784509017,113.5796267743,同管道运输任务_万吨
2040,S026,N058,N130,辽宁,辽宁,600,377.3296295332,222.6703704668,90.66720168779,同管道运输任务_万吨
2040,S027,N130,N129,辽宁,辽宁,600,374.3659435868,225.6340564132,108.3049541324,同管道运输任务_万吨
2040,S028,N129,N140,辽宁,辽宁,750,371.1169884754,378.8830115246,96.97372460332,同管道运输任务_万吨
2040,S029,N140,N036,辽宁,河北,1300,355.7005762147,944.2994237853,414.5369322765,同管道运输任务_万吨
2040,S030,N036,N012,河北,河北,800,58.23678300663,741.7632169934,128.6230495114,同管道运输任务_万吨
2040,S031,N012,N132,河北,河北,1100,26.77906886512,1073.220931135,262.5316624369,同管道运输任务_万吨
2040,S032,N132,N133,河北,河南,800,0,800,224.7585240323,同管道运输任务_万吨
2040,S033,N031,N143,吉林,吉林,245,8.794975096371,236.2050249036,98.79246594876,同管道运输任务_万吨
2040,S034,N018,N057,甘肃,四川,700,27.7322084227,672.2677915773,597.2917296284,同管道运输任务_万吨
2040,S035,N057,N137,四川,重庆,350,0,350,271.7748380194,同管道运输任务_万吨
2040,S036,N044,N038,云南,云南,173,78.20385797531,94.79614202469,256.1167141436,同管道运输任务_万吨
2040,S037,N038,N013,云南,云南,57,44.78235135286,12.21764864714,124.130796815,同管道运输任务_万吨
2040,S038,N044,N101,云南,云南,225,79.77759658827,145.2224034117,84.16073196024,同管道运输任务_万吨
2040,S039,N101,N121,云南,云南,115,46.34070292184,68.65929707816,139.370081841,同管道运输任务_万吨
2040,S040,N044,N047,云南,云南,323,114.6993675935,208.3006324065,1,同管道运输任务_万吨
2040,S041,N047,N066,云南,云南,155,114.6993675935,40.30063240649,114.9330292875,同管道运输任务_万吨
2040,S042,N047,N063,云南,云南,168,0,168,1,同管道运输任务_万吨
2040,S043,N138,N024,广西,广西,500,204.0971739715,295.9028260285,97.62752678335,同管道运输任务_万吨
2040,S044,N024,N069,广西,广西,300,67.81770714685,232.1822928532,199.6645928393,同管道运输任务_万吨
2040,S045,N095,N117,广东,广东,500,508.5401342479,0,71.64398617532,同管道运输任务_万吨
2040,S046,N117,N069,广东,广西,800,416.9964356635,383.0035643365,333.2363072599,同管道运输任务_万吨
2040,S047,N069,N127,广西,贵州,800,291.6142080081,508.3857919919,383.1404481031,同管道运输任务_万吨
2040,S048,N127,N066,贵州,云南,800,114.6993675935,685.3006324065,320.9147812201,同管道运输任务_万吨
2040,S049,N080,N137,重庆,重庆,800,0,800,1,同管道运输任务_万吨
2040,S050,N069,N070,广西,广西,500,0,500,1,同管道运输任务_万吨
2040,S051,N127,N109,贵州,四川,600,0,600,510.4984836446,同管道运输任务_万吨
2040,S052,N069,N073,广西,广西,600,57.56452050852,542.4354794915,136.4517130161,同管道运输任务_万吨
2040,S053,N006,N024,广东,广西,800,284.4003410406,515.5996589594,270.9212702775,同管道运输任务_万吨
2040,S054,N024,N141,广西,云南,800,148.120874216,651.879125784,623.7954009713,同管道运输任务_万吨
2040,S055,N141,N038,云南,云南,800,33.42150662244,766.5784933776,256.1167141436,同管道运输任务_万吨
2040,S056,N024,N151,广西,广西,800,0,800,1,同管道运输任务_万吨
2040,S057,N141,N066,云南,云南,800,114.6993675935,685.3006324065,114.9330292875,同管道运输任务_万吨
2040,S058,N108,N062,云南,云南,800,0,800,1,同管道运输任务_万吨
2040,S059,N117,N081,广东,广东,550,47.37187010023,502.6281298998,243.9417369173,同管道运输任务_万吨
2040,S060,N026,N027,广东,广东,250,0,250,19.09871202011,同管道运输任务_万吨
2040,S061,N003,N115,广东,广东,250,0,250,19.09871202011,同管道运输任务_万吨
2040,S062,N026,N060,广东,广东,100,0,100,100.8048484868,同管道运输任务_万吨
2040,S063,N021,N103,广东,广东,100,0,100,1,同管道运输任务_万吨
2040,S064,N150,N026,广东,广东,300,204.2792038516,95.72079614839,1,同管道运输任务_万吨
2040,S065,N150,N056,广东,广东,350,181.6176568564,168.3823431436,117.9051205886,同管道运输任务_万吨
2040,S066,N039,N041,广东,广东,250,0,250,1,同管道运输任务_万吨
2040,S067,N056,N075,广东,广东,120,130.9327548594,0,217.3794119684,同管道运输任务_万吨
2040,S068,N078,N014,湖北,河南,,61.41966443493,0,173.9497469924,同管道运输任务_万吨
2040,S069,N050,N051,湖北,湖北,10,0,10,1,同管道运输任务_万吨
2040,S070,N119,N124,湖北,湖北,350,125.4315096452,224.5684903548,108.5250365034,同管道运输任务_万吨
2040,S071,N119,N118,湖北,湖北,150,46.01478621337,103.9852137866,77.70770101937,同管道运输任务_万吨
2040,S072,N142,N002,湖南,湖南,600,242.1620897466,357.8379102534,1,同管道运输任务_万吨
2040,S073,N002,N083,湖南,湖南,560,221.0255394896,338.9744605104,1,同管道运输任务_万吨
2040,S074,N083,N144,湖南,湖南,538,221.0255394896,316.9744605104,142.0010421679,同管道运输任务_万吨
2040,S075,N144,N094,湖南,湖南,385,120.8510653054,264.1489346946,44.30902209218,同管道运输任务_万吨
2040,S076,N094,N123,湖南,湖南,220,104.8557293472,115.1442706528,110.3842250222,同管道运输任务_万吨
2040,S077,N123,N112,湖南,湖南,136,104.8557293472,31.14427065277,1,同管道运输任务_万吨
2040,S078,N112,N134,湖南,湖南,100,40.14167833112,59.85832166888,132.5778164966,同管道运输任务_万吨
2040,S079,N094,N042,湖南,湖南,250,92.13595417029,157.8640458297,94.39854001898,同管道运输任务_万吨
2040,S080,N094,N071,湖南,湖南,350,24.10850064476,325.8914993552,18.49187998705,同管道运输任务_万吨
2040,S081,N010,N025,江西,江西,330,257.127045246,72.87295475402,108.6105132513,同管道运输任务_万吨
2040,S082,N025,N030,江西,江西,240,146.4603132897,93.53968671032,197.4631244572,同管道运输任务_万吨
2040,S083,N030,N076,江西,江西,274,119.5331248109,154.4668751891,97.07015693906,同管道运输任务_万吨
2040,S084,N076,N128,江西,江西,170,59.10689386934,110.8931061307,226.5322157291,同管道运输任务_万吨
2040,S085,N004,N076,江西,江西,,60.42623094152,0,352.9393516458,同管道运输任务_万吨
2040,S086,N045,N029,安徽,安徽,410,264.2249871067,145.7750128933,143.6360184791,同管道运输任务_万吨
2040,S087,N029,N092,安徽,安徽,270,192.5076390467,77.49236095334,87.17523735415,同管道运输任务_万吨
2040,S088,N092,N145,安徽,安徽,140,156.9009144388,0,117.7796602808,同管道运输任务_万吨
2040,S089,N145,N011,安徽,安徽,140,89.30639271615,50.69360728385,106.2674435054,同管道运输任务_万吨
2040,S090,N045,N029,安徽,安徽,120,71.71734805999,48.28265194001,143.6360184791,同管道运输任务_万吨
2040,S091,N029,N017,安徽,安徽,140,26.43903694957,113.5609630504,67.91871138908,同管道运输任务_万吨
2040,S092,N092,N122,安徽,安徽,80,35.356913478,44.643086522,50.35323866621,同管道运输任务_万吨
2040,S093,N035,N093,浙江,浙江,510,16.43915576631,493.5608442337,65.94894528416,同管道运输任务_万吨
2040,S094,N035,N116,浙江,江苏,510,337.5574072881,172.4425927119,63.57562871305,同管道运输任务_万吨
2040,S095,N023,N087,江苏,江苏,545,124.3905316143,420.6094683857,114.4833118214,同管道运输任务_万吨
2040,S096,N023,N054,江苏,江苏,545,0,545,276.9115998483,同管道运输任务_万吨
2040,S097,N023,N105,江苏,江苏,545,71.88527582328,473.1147241767,191.8610036166,同管道运输任务_万吨
2040,S098,N022,N116,江苏,江苏,580,337.5574072881,242.4425927119,189.3371214002,同管道运输任务_万吨
2040,S099,N110,N153,浙江,浙江,760,117.1441726256,642.8558273744,285.5275920545,同管道运输任务_万吨
2040,S100,N153,N076,浙江,江西,450,60.42623094152,389.5737690585,453.1326401913,同管道运输任务_万吨
2040,S101,N126,N074,浙江,浙江,135,69.80683392905,65.19316607095,42.27850958589,同管道运输任务_万吨
2040,S102,N111,N120,浙江,浙江,500,0,500,42.27850958589,同管道运输任务_万吨
2040,S103,N110,N043,浙江,浙江,460,192.7147686388,267.2852313612,1,同管道运输任务_万吨
2040,S104,N043,N008,浙江,浙江,460,133.3463590537,326.6536409463,134.9056669374,同管道运输任务_万吨
2040,S105,N008,N099,浙江,浙江,460,94.27724374864,365.7227562514,102.2518494834,同管道运输任务_万吨
2040,S106,N099,N104,浙江,浙江,460,0,460,1,同管道运输任务_万吨
2040,S107,N085,N019,福建,福建,220,38.17977702978,181.8202229702,146.977849406,同管道运输任务_万吨
2040,S108,N085,N005,福建,福建,380,24.80046407863,355.1995359214,74.53127886045,同管道运输任务_万吨
2040,S109,N085,N107,福建,福建,380,0,380,74.53127886045,同管道运输任务_万吨
2040,S110,N152,N091,山东,山东,655,283.6698091645,371.3301908355,1,同管道运输任务_万吨
2040,S111,N091,N089,山东,山东,655,244.8957075166,410.1042924834,95.82581836938,同管道运输任务_万吨
2040,S112,N089,N086,山东,山东,655,219.3305805011,435.6694194989,50.39831502666,同管道运输任务_万吨
2040,S113,N086,N065,山东,山东,655,199.7370048478,455.2629951522,98.00787875952,同管道运输任务_万吨
2040,S114,N065,N067,山东,山东,655,199.7370048478,455.2629951522,94.47889312212,同管道运输任务_万吨
2040,S115,N067,N053,山东,江苏,655,134.9865165378,520.0134834622,67.88363102691,同管道运输任务_万吨
2040,S116,N053,N046,江苏,安徽,655,60.91441282012,594.0855871799,68.27567140554,同管道运输任务_万吨
2040,S117,N065,N090,山东,山东,655,0,655,1,同管道运输任务_万吨
2040,S118,N067,N007,山东,山东,655,50.6319591246,604.3680408754,99.71138548294,同管道运输任务_万吨
2040,S119,N147,N097,山东,山东,820,48.38311059688,771.6168894031,130.6795326906,同管道运输任务_万吨
2040,S120,N097,N089,山东,山东,820,25.5651270156,794.4348729844,192.5624527192,同管道运输任务_万吨
2040,S121,N089,N113,山东,山东,820,164.4856076291,655.5143923709,93.21608317735,同管道运输任务_万吨
2040,S122,N113,N098,山东,河南,820,148.4390833862,671.5609166138,115.1930105614,同管道运输任务_万吨
2040,S123,N098,N082,河南,河南,820,86.12497077676,733.8750292232,70.40284280982,同管道运输任务_万吨
2040,S124,N082,N061,河南,河南,820,100.2608373918,719.7391626082,96.65790953178,同管道运输任务_万吨
2040,S125,N061,N133,河南,河南,820,0,820,67.65045252974,同管道运输任务_万吨
2040,S126,N082,N132,河南,河北,820,79.3325552244,740.6674447756,61.02865368683,同管道运输任务_万吨
2040,S127,N132,N131,河北,河北,820,52.55348635928,767.4465136407,49.40123273755,同管道运输任务_万吨
2040,S128,N131,N106,河北,河北,820,37.79215136315,782.2078486369,108.0642480112,同管道运输任务_万吨
2040,S129,N106,N149,河北,河北,820,94.31881927722,725.6811807228,1,同管道运输任务_万吨
2040,S130,N149,N146,河北,山西,820,94.31881927722,725.6811807228,83.39947410673,同管道运输任务_万吨
2040,S131,N146,N064,山西,山西,820,83.87868820359,736.1213117964,76.48152333733,同管道运输任务_万吨
2040,S132,N064,N040,山西,山西,820,71.05402571888,748.9459742811,27.19403166545,同管道运输任务_万吨
2040,S133,N088,N048,河南,河南,820,432.6513727528,387.3486272472,111.8321473902,同管道运输任务_万吨
2040,S134,N048,N133,河南,河南,820,258.1870670889,561.8129329111,1,同管道运输任务_万吨
2040,S135,N133,N125,河南,河南,820,258.1870670889,561.8129329111,81.38804499697,同管道运输任务_万吨
2040,S136,N125,N096,河南,河南,820,154.715566198,665.284433802,53.05342007042,同管道运输任务_万吨
2040,S137,N096,N148,河南,河南,820,46.82012798387,773.1798720161,63.78578749544,同管道运输任务_万吨
2040,S138,N148,N014,河南,河南,820,61.41966443493,758.5803355651,95.72615837574,同管道运输任务_万吨
2040,S139,N028,N079,天津,天津,155,0,155,1,同管道运输任务_万吨
2040,S140,N072,N059,青海,西藏,130,0,130,1032.422556507,同管道运输任务_万吨
2045,S001,N009,N034,新疆,新疆,1000,3.781699264464,996.2183007355,490.0796120514,同管道运输任务_万吨
2045,S002,N034,N068,新疆,甘肃,1000,3.781699264464,996.2183007355,539.185983012,同管道运输任务_万吨
2045,S003,N068,N136,甘肃,甘肃,1000,3.748025332805,996.2519746672,1,同管道运输任务_万吨
2045,S004,N136,N052,甘肃,甘肃,1000,3.748025332805,996.2519746672,190.6827379823,同管道运输任务_万吨
2045,S005,N052,N077,甘肃,甘肃,1000,3.717856219489,996.2821437805,220.4447200576,同管道运输任务_万吨
2045,S006,N077,N018,甘肃,甘肃,1000,1.218946504512,998.7810534955,233.1474672007,同管道运输任务_万吨
2045,S007,N100,N001,新疆,新疆,100,0,100,258.5647036559,同管道运输任务_万吨
2045,S008,N001,N009,新疆,新疆,100,0,100,32.21673231182,同管道运输任务_万吨
2045,S009,N100,N102,新疆,新疆,520,0,520,290.7209493193,同管道运输任务_万吨
2045,S010,N015,N102,新疆,新疆,160,0,160,290.7209493193,同管道运输任务_万吨
2045,S011,N015,N102,新疆,新疆,400,0,400,290.7209493193,同管道运输任务_万吨
2045,S012,N018,N033,甘肃,陕西,1000,388.64601153,611.35398847,482.7844223775,同管道运输任务_万吨
2045,S013,N033,N133,陕西,河南,1500,227.5833802863,1272.416619714,452.4894536775,同管道运输任务_万吨
2045,S014,N133,N078,河南,湖北,1000,227.5833802863,772.4166197137,465.8914014778,同管道运输任务_万吨
2045,S015,N078,N144,湖北,湖南,500,83.34683534292,416.6531646571,294.4894358354,同管道运输任务_万吨
2045,S016,N037,N084,天津,河北,285,94.51062442545,190.4893755746,98.15406962574,同管道运输任务_万吨
2045,S017,N084,N055,河北,山东,285,82.43445193415,202.5655480658,106.8696995817,同管道运输任务_万吨
2045,S018,N055,N089,山东,山东,285,59.8832728771,225.1167271229,104.7760009591,同管道运输任务_万吨
2045,S019,N089,N089,山东,山东,285,35.88488076398,249.115119236,1,同管道运输任务_万吨
2045,S020,N089,N016,山东,山东,285,35.88488076398,249.115119236,141.8453430493,同管道运输任务_万吨
2045,S021,N139,N049,宁夏,内蒙古,240,2.042244331311,237.9577556687,269.5692947473,同管道运输任务_万吨
2045,S022,N016,N114,山东,山东,285,13.19662531467,271.8033746853,98.00787875952,同管道运输任务_万吨
2045,S023,N114,N067,山东,山东,285,13.19662531467,271.8033746853,155.5763598401,同管道运输任务_万吨
2045,S024,N032,N020,内蒙古,内蒙古,200,12.6014355764,187.3985644236,153.0994759461,同管道运输任务_万吨
2045,S025,N020,N135,内蒙古,内蒙古,200,7.359859236707,192.6401407633,113.5796267743,同管道运输任务_万吨
2045,S026,N058,N130,辽宁,辽宁,600,299.5454982582,300.4545017418,90.66720168779,同管道运输任务_万吨
2045,S027,N130,N129,辽宁,辽宁,600,297.1808887855,302.8191112145,108.3049541324,同管道运输任务_万吨
2045,S028,N129,N140,辽宁,辽宁,750,294.5810015345,455.4189984655,96.97372460332,同管道运输任务_万吨
2045,S029,N140,N036,辽宁,河北,1300,281.3346074333,1018.665392567,414.5369322765,同管道运输任务_万吨
2045,S030,N036,N012,河北,河北,800,49.89209738398,750.107902616,128.6230495114,同管道运输任务_万吨
2045,S031,N012,N132,河北,河北,1100,22.94063341028,1077.05936659,262.5316624369,同管道运输任务_万吨
2045,S032,N132,N133,河北,河南,800,0,800,224.7585240323,同管道运输任务_万吨
2045,S033,N031,N143,吉林,吉林,245,8.431058697009,236.568941303,98.79246594876,同管道运输任务_万吨
2045,S034,N018,N057,甘肃,四川,700,24.57917011482,675.4208298852,597.2917296284,同管道运输任务_万吨
2045,S035,N057,N137,四川,重庆,350,0,350,271.7748380194,同管道运输任务_万吨
2045,S036,N044,N038,云南,云南,173,55.53579344443,117.4642065556,256.1167141436,同管道运输任务_万吨
2045,S037,N038,N013,云南,云南,57,31.62163054341,25.37836945659,124.130796815,同管道运输任务_万吨
2045,S038,N044,N101,云南,云南,225,56.56152957647,168.4384704235,84.16073196024,同管道运输任务_万吨
2045,S039,N101,N121,云南,云南,115,32.58094759675,82.41905240325,139.370081841,同管道运输任务_万吨
2045,S040,N044,N047,云南,云南,323,87.32804181354,235.6719581865,1,同管道运输任务_万吨
2045,S041,N047,N066,云南,云南,155,87.32804181354,67.67195818646,114.9330292875,同管道运输任务_万吨
2045,S042,N047,N063,云南,云南,168,0,168,1,同管道运输任务_万吨
2045,S043,N138,N024,广西,广西,500,166.8731830635,333.1268169365,97.62752678335,同管道运输任务_万吨
2045,S044,N024,N069,广西,广西,300,55.23139804473,244.7686019553,199.6645928393,同管道运输任务_万吨
2045,S045,N095,N117,广东,广东,500,421.9097032559,78.09029674411,71.64398617532,同管道运输任务_万吨
2045,S046,N117,N069,广东,广西,800,345.1972847785,454.8027152215,333.2363072599,同管道运输任务_万吨
2045,S047,N069,N127,广西,贵州,800,242.9663500761,557.0336499239,383.1404481031,同管道运输任务_万吨
2045,S048,N127,N066,贵州,云南,800,87.32804181354,712.6719581865,320.9147812201,同管道运输任务_万吨
2045,S049,N080,N137,重庆,重庆,800,0,800,1,同管道运输任务_万吨
2045,S050,N069,N070,广西,广西,500,0,500,1,同管道运输任务_万吨
2045,S051,N127,N109,贵州,四川,600,0,600,510.4984836446,同管道运输任务_万吨
2045,S052,N069,N073,广西,广西,600,46.99953665768,553.0004633423,136.4517130161,同管道运输任务_万吨
2045,S053,N006,N024,广东,广西,800,222.8839897333,577.1160102667,270.9212702775,同管道运输任务_万吨
2045,S054,N024,N141,广西,云南,800,111.2422047146,688.7577952854,623.7954009713,同管道运输任务_万吨
2045,S055,N141,N038,云南,云南,800,23.91416290102,776.085837099,256.1167141436,同管道运输任务_万吨
2045,S056,N024,N151,广西,广西,800,0,800,1,同管道运输任务_万吨
2045,S057,N141,N066,云南,云南,800,87.32804181354,712.6719581865,114.9330292875,同管道运输任务_万吨
2045,S058,N108,N062,云南,云南,800,0,800,1,同管道运输任务_万吨
2045,S059,N117,N081,广东,广东,550,41.40842617982,508.5915738202,243.9417369173,同管道运输任务_万吨
2045,S060,N026,N027,广东,广东,250,0,250,19.09871202011,同管道运输任务_万吨
2045,S061,N003,N115,广东,广东,250,0,250,19.09871202011,同管道运输任务_万吨
2045,S062,N026,N060,广东,广东,100,0,100,100.8048484868,同管道运输任务_万吨
2045,S063,N021,N103,广东,广东,100,0,100,1,同管道运输任务_万吨
2045,S064,N150,N026,广东,广东,300,179.82640394,120.17359606,1,同管道运输任务_万吨
2045,S065,N150,N056,广东,广东,350,158.6321684738,191.3678315262,117.9051205886,同管道运输任务_万吨
2045,S066,N039,N041,广东,广东,250,0,250,1,同管道运输任务_万吨
2045,S067,N056,N075,广东,广东,120,114.8543144016,5.145685598415,217.3794119684,同管道运输任务_万吨
2045,S068,N078,N014,湖北,河南,,60.79059126166,0,173.9497469924,同管道运输任务_万吨
2045,S069,N050,N051,湖北,湖北,10,0,10,1,同管道运输任务_万吨
2045,S070,N119,N124,湖北,湖北,350,115.6731424738,234.3268575262,108.5250365034,同管道运输任务_万吨
2045,S071,N119,N118,湖北,湖北,150,36.51758169982,113.4824183002,77.70770101937,同管道运输任务_万吨
2045,S072,N142,N002,湖南,湖南,600,201.3033616789,398.6966383211,1,同管道运输任务_万吨
2045,S073,N002,N083,湖南,湖南,560,183.7775004717,376.2224995283,1,同管道运输任务_万吨
2045,S074,N083,N144,湖南,湖南,538,183.7775004717,354.2224995283,142.0010421679,同管道运输任务_万吨
2045,S075,N144,N094,湖南,湖南,385,100.4306651287,284.5693348713,44.30902209218,同管道运输任务_万吨
2045,S076,N094,N123,湖南,湖南,220,87.09444898268,132.9055510173,110.3842250222,同管道运输任务_万吨
2045,S077,N123,N112,湖南,湖南,136,87.09444898268,48.90555101732,1,同管道运输任务_万吨
2045,S078,N112,N134,湖南,湖南,100,33.53652516427,66.46347483573,132.5778164966,同管道运输任务_万吨
2045,S079,N094,N042,湖南,湖南,250,75.77568182563,174.2243181744,94.39854001898,同管道运输任务_万吨
2045,S080,N094,N071,湖南,湖南,350,20.12750910246,329.8724908975,18.49187998705,同管道运输任务_万吨
2045,S081,N010,N025,江西,江西,330,215.3027628685,114.6972371315,108.6105132513,同管道运输任务_万吨
2045,S082,N025,N030,江西,江西,240,122.2470640615,117.7529359385,197.4631244572,同管道运输任务_万吨
2045,S083,N030,N076,江西,江西,274,99.86064359471,174.1393564053,97.07015693906,同管道运输任务_万吨
2045,S084,N076,N128,江西,江西,170,49.19139251032,120.8086074897,226.5322157291,同管道运输任务_万吨
2045,S085,N004,N076,江西,江西,,50.6692510844,0,352.9393516458,同管道运输任务_万吨
2045,S086,N045,N029,安徽,安徽,410,247.4010900713,162.5989099287,143.6360184791,同管道运输任务_万吨
2045,S087,N029,N092,安徽,安徽,270,181.072688254,88.92731174599,87.17523735415,同管道运输任务_万吨
2045,S088,N092,N145,安徽,安徽,140,148.4194648549,0,117.7796602808,同管道运输任务_万吨
2045,S089,N145,N011,安徽,安徽,140,86.49637368107,53.50362631893,106.2674435054,同管道运输任务_万吨
2045,S090,N045,N029,安徽,安徽,120,66.32840181729,53.67159818271,143.6360184791,同管道运输任务_万吨
2045,S091,N029,N017,安徽,安徽,140,24.02452204213,115.9754779579,67.91871138908,同管道运输任务_万吨
2045,S092,N092,N122,安徽,安徽,80,32.46640530628,47.53359469372,50.35323866621,同管道运输任务_万吨
2045,S093,N035,N093,浙江,浙江,510,13.64456756692,496.3554324331,65.94894528416,同管道运输任务_万吨
2045,S094,N035,N116,浙江,江苏,510,288.0701348878,221.9298651122,63.57562871305,同管道运输任务_万吨
2045,S095,N023,N087,江苏,江苏,545,111.7251606745,433.2748393255,114.4833118214,同管道运输任务_万吨
2045,S096,N023,N054,江苏,江苏,545,0,545,276.9115998483,同管道运输任务_万吨
2045,S097,N023,N105,江苏,江苏,545,64.32231754837,480.6776824516,191.8610036166,同管道运输任务_万吨
2045,S098,N022,N116,江苏,江苏,580,288.0701348878,291.9298651122,189.3371214002,同管道运输任务_万吨
2045,S099,N110,N153,浙江,浙江,760,98.40346262158,661.5965373784,285.5275920545,同管道运输任务_万吨
2045,S100,N153,N076,浙江,江西,450,50.6692510844,399.3307489156,453.1326401913,同管道运输任务_万吨
2045,S101,N126,N074,浙江,浙江,135,58.29840134661,76.70159865339,42.27850958589,同管道运输任务_万吨
2045,S102,N111,N120,浙江,浙江,500,0,500,42.27850958589,同管道运输任务_万吨
2045,S103,N110,N043,浙江,浙江,460,160.5495205876,299.4504794124,1,同管道运输任务_万吨
2045,S104,N043,N008,浙江,浙江,460,111.0667765336,348.9332234664,134.9056669374,同管道运输任务_万吨
2045,S105,N008,N099,浙江,浙江,460,78.66927595814,381.3307240419,102.2518494834,同管道运输任务_万吨
2045,S106,N099,N104,浙江,浙江,460,0,460,1,同管道运输任务_万吨
2045,S107,N085,N019,福建,福建,220,33.7006730424,186.2993269576,146.977849406,同管道运输任务_万吨
2045,S108,N085,N005,福建,福建,380,21.93050580585,358.0694941941,74.53127886045,同管道运输任务_万吨
2045,S109,N085,N107,福建,福建,380,0,380,74.53127886045,同管道运输任务_万吨
2045,S110,N152,N091,山东,山东,655,259.7470815877,395.2529184123,1,同管道运输任务_万吨
2045,S111,N091,N089,山东,山东,655,223.5669452345,431.4330547655,95.82581836938,同管道运输任务_万吨
2045,S112,N089,N086,山东,山东,655,199.5685531214,455.4314468786,50.39831502666,同管道运输任务_万吨
2045,S113,N086,N065,山东,山东,655,181.2668085016,473.7331914984,98.00787875952,同管道运输任务_万吨
2045,S114,N065,N067,山东,山东,655,181.2668085016,473.7331914984,94.47889312212,同管道运输任务_万吨
2045,S115,N067,N053,山东,江苏,655,121.9956528017,533.0043471983,67.88363102691,同管道运输任务_万吨
2045,S116,N053,N046,江苏,安徽,655,55.62963138622,599.3703686138,68.27567140554,同管道运输任务_万吨
2045,S117,N065,N090,山东,山东,655,0,655,1,同管道运输任务_万吨
2045,S118,N067,N007,山东,山东,655,46.0745303853,608.9254696147,99.71138548294,同管道运输任务_万吨
2045,S119,N147,N097,山东,山东,820,45.19222730754,774.8077726925,130.6795326906,同管道运输任务_万吨
2045,S120,N097,N089,山东,山东,820,23.99839211312,796.0016078869,192.5624527192,同管道运输任务_万吨
2045,S121,N089,N113,山东,山东,820,159.1880049774,660.8119950226,93.21608317735,同管道运输任务_万吨
2045,S122,N113,N098,山东,河南,820,144.3418564502,675.6581435498,115.1930105614,同管道运输任务_万吨
2045,S123,N098,N082,河南,河南,820,84.06989960781,735.9301003922,70.40284280982,同管道运输任务_万吨
2045,S124,N082,N061,河南,河南,820,99.04058870592,720.9594112941,96.65790953178,同管道运输任务_万吨
2045,S125,N061,N133,河南,河南,820,0,820,67.65045252974,同管道运输任务_万吨
2045,S126,N082,N132,河南,河北,820,68.11567706965,751.8843229303,61.02865368683,同管道运输任务_万吨
2045,S127,N132,N131,河北,河北,820,45.17504365938,774.8249563406,49.40123273755,同管道运输任务_万吨
2045,S128,N131,N106,河北,河北,820,32.52212098694,787.4778790131,108.0642480112,同管道运输任务_万吨
2045,S129,N106,N149,河北,河北,820,84.01377889072,735.9862211093,1,同管道运输任务_万吨
2045,S130,N149,N146,河北,山西,820,84.01377889072,735.9862211093,83.39947410673,同管道运输任务_万吨
2045,S131,N146,N064,山西,山西,820,74.68319086884,745.3168091312,76.48152333733,同管道运输任务_万吨
2045,S132,N064,N040,山西,山西,820,63.30203222261,756.6979677774,27.19403166545,同管道运输任务_万吨
2045,S133,N088,N048,河南,河南,820,429.6792330073,390.3207669927,111.8321473902,同管道运输任务_万吨
2045,S134,N048,N133,河南,河南,820,254.9707780677,565.0292219323,1,同管道运输任务_万吨
2045,S135,N133,N125,河南,河南,820,254.9707780677,565.0292219323,81.38804499697,同管道运输任务_万吨
2045,S136,N125,N096,河南,河南,820,152.5886500717,667.4113499283,53.05342007042,同管道运输任务_万吨
2045,S137,N096,N148,河南,河南,820,46.25230777085,773.7476922292,63.78578749544,同管道运输任务_万吨
2045,S138,N148,N014,河南,河南,820,60.79059126166,759.2094087383,95.72615837574,同管道运输任务_万吨
2045,S139,N028,N079,天津,天津,155,0,155,1,同管道运输任务_万吨
2045,S140,N072,N059,青海,西藏,130,0,130,1032.422556507,同管道运输任务_万吨
2050,S001,N009,N034,新疆,新疆,1000,3.036205027827,996.9637949722,490.0796120514,同管道运输任务_万吨
2050,S002,N034,N068,新疆,甘肃,1000,3.036205027827,996.9637949722,539.185983012,同管道运输任务_万吨
2050,S003,N068,N136,甘肃,甘肃,1000,3.012837805828,996.9871621942,1,同管道运输任务_万吨
2050,S004,N136,N052,甘肃,甘肃,1000,3.012837805828,996.9871621942,190.6827379823,同管道运输任务_万吨
2050,S005,N052,N077,甘肃,甘肃,1000,2.991861917455,997.0081380825,220.4447200576,同管道运输任务_万吨
2050,S006,N077,N018,甘肃,甘肃,1000,0.9284573246346,999.0715426754,233.1474672007,同管道运输任务_万吨
2050,S007,N100,N001,新疆,新疆,100,0,100,258.5647036559,同管道运输任务_万吨
2050,S008,N001,N009,新疆,新疆,100,0,100,32.21673231182,同管道运输任务_万吨
2050,S009,N100,N102,新疆,新疆,520,0,520,290.7209493193,同管道运输任务_万吨
2050,S010,N015,N102,新疆,新疆,160,0,160,290.7209493193,同管道运输任务_万吨
2050,S011,N015,N102,新疆,新疆,400,0,400,290.7209493193,同管道运输任务_万吨
2050,S012,N018,N033,甘肃,陕西,1000,322.1561711954,677.8438288046,482.7844223775,同管道运输任务_万吨
2050,S013,N033,N133,陕西,河南,1500,175.7566474609,1324.243352539,452.4894536775,同管道运输任务_万吨
2050,S014,N133,N078,河南,湖北,1000,175.7566474609,824.2433525391,465.8914014778,同管道运输任务_万吨
2050,S015,N078,N144,湖北,湖南,500,68.77461354674,431.2253864533,294.4894358354,同管道运输任务_万吨
2050,S016,N037,N084,天津,河北,285,77.56919500368,207.4308049963,98.15406962574,同管道运输任务_万吨
2050,S017,N084,N055,河北,山东,285,67.1334778465,217.8665221535,106.8696995817,同管道运输任务_万吨
2050,S018,N055,N089,山东,山东,285,48.21071058903,236.789289411,104.7760009591,同管道运输任务_万吨
2050,S019,N089,N089,山东,山东,285,28.82798528908,256.1720147109,1,同管道运输任务_万吨
2050,S020,N089,N016,山东,山东,285,28.82798528908,256.1720147109,141.8453430493,同管道运输任务_万吨
2050,S021,N139,N049,宁夏,内蒙古,240,2.064039112364,237.9359608876,269.5692947473,同管道运输任务_万吨
2050,S022,N016,N114,山东,山东,285,10.62721383353,274.3727861665,98.00787875952,同管道运输任务_万吨
2050,S023,N114,N067,山东,山东,285,10.62721383353,274.3727861665,155.5763598401,同管道运输任务_万吨
2050,S024,N032,N020,内蒙古,内蒙古,200,11.97968117066,188.0203188293,153.0994759461,同管道运输任务_万吨
2050,S025,N020,N135,内蒙古,内蒙古,200,6.616110472915,193.3838895271,113.5796267743,同管道运输任务_万吨
2050,S026,N058,N130,辽宁,辽宁,600,223.3774057202,376.6225942798,90.66720168779,同管道运输任务_万吨
2050,S027,N130,N129,辽宁,辽宁,600,221.6660692133,378.3339307867,108.3049541324,同管道运输任务_万吨
2050,S028,N129,N140,辽宁,辽宁,750,219.7795910324,530.2204089676,96.97372460332,同管道运输任务_万吨
2050,S029,N140,N036,辽宁,河北,1300,208.1771022388,1091.822897761,414.5369322765,同管道运输任务_万吨
2050,S030,N036,N012,河北,河北,800,43.26136963739,756.7386303626,128.6230495114,同管道运输任务_万吨
2050,S031,N012,N132,河北,河北,1100,19.89125954635,1080.108740454,262.5316624369,同管道运输任务_万吨
2050,S032,N132,N133,河北,河南,800,0,800,224.7585240323,同管道运输任务_万吨
2050,S033,N031,N143,吉林,吉林,245,8.074975180597,236.9250248194,98.79246594876,同管道运输任务_万吨
2050,S034,N018,N057,甘肃,四川,700,20.9476373399,679.0523626601,597.2917296284,同管道运输任务_万吨
2050,S035,N057,N137,四川,重庆,350,0,350,271.7748380194,同管道运输任务_万吨
2050,S036,N044,N038,云南,云南,173,36.70936107662,136.2906389234,256.1167141436,同管道运输任务_万吨
2050,S037,N038,N013,云南,云南,57,20.75602981637,36.24397018363,124.130796815,同管道运输任务_万吨
2050,S038,N044,N101,云南,云南,225,37.24708661239,187.7529133876,84.16073196024,同管道运输任务_万吨
2050,S039,N101,N121,云南,云南,115,21.31141016445,93.68858983555,139.370081841,同管道运输任务_万吨
2050,S040,N044,N047,云南,云南,323,62.38352073788,260.6164792621,1,同管道运输任务_万吨
2050,S041,N047,N066,云南,云南,155,62.38352073788,92.61647926212,114.9330292875,同管道运输任务_万吨
2050,S042,N047,N063,云南,云南,168,0,168,1,同管道运输任务_万吨
2050,S043,N138,N024,广西,广西,500,125.4467968982,374.5532031018,97.62752678335,同管道运输任务_万吨
2050,S044,N024,N069,广西,广西,300,41.39131367203,258.608686328,199.6645928393,同管道运输任务_万吨
2050,S045,N095,N117,广东,广东,500,326.4156346592,173.5843653408,71.64398617532,同管道运输任务_万吨
2050,S046,N117,N069,广东,广西,800,266.2033903804,533.7966096196,333.2363072599,同管道运输任务_万吨
2050,S047,N069,N127,广西,贵州,800,189.5157452002,610.4842547998,383.1404481031,同管道运输任务_万吨
2050,S048,N127,N066,贵州,云南,800,62.38352073788,737.6164792621,320.9147812201,同管道运输任务_万吨
2050,S049,N080,N137,重庆,重庆,800,0,800,1,同管道运输任务_万吨
2050,S050,N069,N070,广西,广西,500,0,500,1,同管道运输任务_万吨
2050,S051,N127,N109,贵州,四川,600,0,600,510.4984836446,同管道运输任务_万吨
2050,S052,N069,N073,广西,广西,600,35.29633150821,564.7036684918,136.4517130161,同管道运输任务_万吨
2050,S053,N006,N024,广东,广西,800,162.3923352243,637.6076647757,270.9212702775,同管道运输任务_万吨
2050,S054,N024,N141,广西,云南,800,78.33685199813,721.6631480019,623.7954009713,同管道运输任务_万吨
2050,S055,N141,N038,云南,云南,800,15.95333126025,784.0466687398,256.1167141436,同管道运输任务_万吨
2050,S056,N024,N151,广西,广西,800,0,800,1,同管道运输任务_万吨
2050,S057,N141,N066,云南,云南,800,62.38352073788,737.6164792621,114.9330292875,同管道运输任务_万吨
2050,S058,N108,N062,云南,云南,800,0,800,1,同管道运输任务_万吨
2050,S059,N117,N081,广东,广东,550,34.35182541242,515.6481745876,243.9417369173,同管道运输任务_万吨
2050,S060,N026,N027,广东,广东,250,0,250,19.09871202011,同管道运输任务_万吨
2050,S061,N003,N115,广东,广东,250,0,250,19.09871202011,同管道运输任务_万吨
2050,S062,N026,N060,广东,广东,100,0,100,100.8048484868,同管道运输任务_万吨
2050,S063,N021,N103,广东,广东,100,0,100,1,同管道运输任务_万吨
2050,S064,N150,N026,广东,广东,300,150.0275439673,149.9724560327,1,同管道运输任务_万吨
2050,S065,N150,N056,广东,广东,350,130.9574960628,219.0425039372,117.9051205886,同管道运输任务_万吨
2050,S066,N039,N041,广东,广东,250,0,250,1,同管道运输任务_万吨
2050,S067,N056,N075,广东,广东,120,95.0052389678,24.9947610322,217.3794119684,同管道运输任务_万吨
2050,S068,N078,N014,湖北,河南,,55.86115043376,0,173.9497469924,同管道运输任务_万吨
2050,S069,N050,N051,湖北,湖北,10,0,10,1,同管道运输任务_万吨
2050,S070,N119,N124,湖北,湖北,350,99.90337478909,250.0966252109,108.5250365034,同管道运输任务_万吨
2050,S071,N119,N118,湖北,湖北,150,26.73850433214,123.2614956679,77.70770101937,同管道运输任务_万吨
2050,S072,N142,N002,湖南,湖南,600,165.6496150899,434.3503849101,1,同管道运输任务_万吨
2050,S073,N002,N083,湖南,湖南,560,151.2214260596,408.7785739404,1,同管道运输任务_万吨
2050,S074,N083,N144,湖南,湖南,538,151.2214260596,386.7785739404,142.0010421679,同管道运输任务_万吨
2050,S075,N144,N094,湖南,湖南,385,82.44681251288,302.5531874871,44.30902209218,同管道运输任务_万吨
2050,S076,N094,N123,湖南,湖南,220,71.42623169553,148.5737683045,110.3842250222,同管道运输任务_万吨
2050,S077,N123,N112,湖南,湖南,136,71.42623169553,64.57376830447,1,同管道运输任务_万吨
2050,S078,N112,N134,湖南,湖南,100,27.39476554786,72.60523445214,132.5778164966,同管道运输任务_万吨
2050,S079,N094,N042,湖南,湖南,250,62.01590709779,187.9840929022,94.39854001898,同管道运输任务_万吨
2050,S080,N094,N071,湖南,湖南,350,16.64964852745,333.3503514726,18.49187998705,同管道运输任务_万吨
2050,S081,N010,N025,江西,江西,330,156.6686176515,173.3313823485,108.6105132513,同管道运输任务_万吨
2050,S082,N025,N030,江西,江西,240,88.76473340048,151.2352665995,197.4631244572,同管道运输任务_万吨
2050,S083,N030,N076,江西,江西,274,72.55440185335,201.4455981466,97.07015693906,同管道运输任务_万吨
2050,S084,N076,N128,江西,江西,170,35.64386795748,134.3561320425,226.5322157291,同管道运输任务_万吨
2050,S085,N004,N076,江西,江西,,36.91053389587,0,352.9393516458,同管道运输任务_万吨
2050,S086,N045,N029,安徽,安徽,410,216.832602186,193.167397814,143.6360184791,同管道运输任务_万吨
2050,S087,N029,N092,安徽,安徽,270,159.4704525376,110.5295474624,87.17523735415,同管道运输任务_万吨
2050,S088,N092,N145,安徽,安徽,140,131.3846483484,8.615351651614,117.7796602808,同管道运输任务_万吨
2050,S089,N145,N011,安徽,安徽,140,78.15363263818,61.84636736182,106.2674435054,同管道运输任务_万吨
2050,S090,N045,N029,安徽,安徽,120,57.36214964839,62.63785035161,143.6360184791,同管道运输任务_万吨
2050,S091,N029,N017,安徽,安徽,140,20.54160458641,119.4583954136,67.91871138908,同管道运输任务_万吨
2050,S092,N092,N122,安徽,安徽,80,27.95196410704,52.04803589296,50.35323866621,同管道运输任务_万吨
2050,S093,N035,N093,浙江,浙江,510,9.124295448578,500.8757045514,65.94894528416,同管道运输任务_万吨
2050,S094,N035,N116,浙江,江苏,510,225.4919887671,284.5080112329,63.57562871305,同管道运输任务_万吨
2050,S095,N023,N087,江苏,江苏,545,93.59811855982,451.4018814402,114.4833118214,同管道运输任务_万吨
2050,S096,N023,N054,江苏,江苏,545,0,545,276.9115998483,同管道运输任务_万吨
2050,S097,N023,N105,江苏,江苏,545,53.78232500739,491.2176749926,191.8610036166,同管道运输任务_万吨
2050,S098,N022,N116,江苏,江苏,580,225.4919887671,354.5080112329,189.3371214002,同管道运输任务_万吨
2050,S099,N110,N153,浙江,浙江,760,70.71532385438,689.2846761456,285.5275920545,同管道运输任务_万吨
2050,S100,N153,N076,浙江,江西,450,36.91053389587,413.0894661041,453.1326401913,同管道运输任务_万吨
2050,S101,N126,N074,浙江,浙江,135,39.15127260026,95.84872739974,42.27850958589,同管道运输任务_万吨
2050,S102,N111,N120,浙江,浙江,500,0,500,42.27850958589,同管道运输任务_万吨
2050,S103,N110,N043,浙江,浙江,460,107.6256255977,352.3743744023,1,同管道运输任务_万吨
2050,S104,N043,N008,浙江,浙江,460,74.44095375721,385.5590462428,134.9056669374,同管道运输任务_万吨
2050,S105,N008,N099,浙江,浙江,460,52.79380821478,407.2061917852,102.2518494834,同管道运输任务_万吨
2050,S106,N099,N104,浙江,浙江,460,0,460,1,同管道运输任务_万吨
2050,S107,N085,N019,福建,福建,220,23.7861779933,196.2138220067,146.977849406,同管道运输任务_万吨
2050,S108,N085,N005,福建,福建,380,15.4992045425,364.5007954575,74.53127886045,同管道运输任务_万吨
2050,S109,N085,N107,福建,福建,380,0,380,74.53127886045,同管道运输任务_万吨
2050,S110,N152,N091,山东,山东,655,214.7850564609,440.2149435391,1,同管道运输任务_万吨
2050,S111,N091,N089,山东,山东,655,185.6920945072,469.3079054928,95.82581836938,同管道运输任务_万吨
2050,S112,N089,N086,山东,山东,655,166.3093692073,488.6906307927,50.39831502666,同管道运输任务_万吨
2050,S113,N086,N065,山东,山东,655,151.5806080153,503.4193919847,98.00787875952,同管道运输任务_万吨
2050,S114,N065,N067,山东,山东,655,151.5806080153,503.4193919847,94.47889312212,同管道运输任务_万吨
2050,S115,N067,N053,山东,江苏,655,103.2489247366,551.7510752634,67.88363102691,同管道运输任务_万吨
2050,S116,N053,N046,江苏,安徽,655,47.72118345075,607.2788165493,68.27567140554,同管道运输任务_万吨
2050,S117,N065,N090,山东,山东,655,0,655,1,同管道运输任务_万吨
2050,S118,N067,N007,山东,山东,655,37.70446944516,617.2955305548,99.71138548294,同管道运输任务_万吨
2050,S119,N147,N097,山东,山东,820,36.36412685296,783.635873147,130.6795326906,同管道运输任务_万吨
2050,S120,N097,N089,山东,山东,820,19.38272529996,800.6172747,192.5624527192,同管道运输任务_万吨
2050,S121,N089,N113,山东,山东,820,140.8531276478,679.1468723522,93.21608317735,同管道运输任务_万吨
2050,S122,N113,N098,山东,河南,820,128.9931597827,691.0068402173,115.1930105614,同管道运输任务_万吨
2050,S123,N098,N082,河南,河南,820,75.74442853736,744.2555714626,70.40284280982,同管道运输任务_万吨
2050,S124,N082,N061,河南,河南,820,90.33557038819,729.6644296118,96.65790953178,同管道运输任务_万吨
2050,S125,N061,N133,河南,河南,820,0,820,67.65045252974,同管道运输任务_万吨
2050,S126,N082,N132,河南,河北,820,59.1356876981,760.8643123019,61.02865368683,同管道运输任务_万吨
2050,S127,N132,N131,河北,河北,820,39.24442815175,780.7555718482,49.40123273755,同管道运输任务_万吨
2050,S128,N131,N106,河北,河北,820,28.26940704474,791.7305929553,108.0642480112,同管道运输任务_万吨
2050,S129,N106,N149,河北,河北,820,67.60155360031,752.3984463997,1,同管道运输任务_万吨
2050,S130,N149,N146,河北,山西,820,67.60155360031,752.3984463997,83.39947410673,同管道运输任务_万吨
2050,S131,N146,N064,山西,山西,820,60.07409587746,759.9259041225,76.48152333733,同管道运输任务_万吨
2050,S132,N064,N040,山西,山西,820,50.94043306186,769.0595669381,27.19403166545,同管道运输任务_万吨
2050,S133,N088,N048,河南,河南,820,395.6506052565,424.3493947435,111.8321473902,同管道运输任务_万吨
2050,S134,N048,N133,河南,河南,820,233.8979835502,586.1020164498,1,同管道运输任务_万吨
2050,S135,N133,N125,河南,河南,820,233.8979835502,586.1020164498,81.38804499697,同管道运输任务_万吨
2050,S136,N125,N096,河南,河南,820,139.8552249221,680.1447750779,53.05342007042,同管道运输任务_万吨
2050,S137,N096,N148,河南,河南,820,42.43861117239,777.5613888276,63.78578749544,同管道运输任务_万吨
2050,S138,N148,N014,河南,河南,820,55.86115043376,764.1388495662,95.72615837574,同管道运输任务_万吨
2050,S139,N028,N079,天津,天津,155,0,155,1,同管道运输任务_万吨
2050,S140,N072,N059,青海,西藏,130,0,130,1032.422556507,同管道运输任务_万吨
2055,S001,N009,N034,新疆,新疆,1000,1.964353641518,998.0356463585,490.0796120514,同管道运输任务_万吨
2055,S002,N034,N068,新疆,甘肃,1000,1.964353641518,998.0356463585,539.185983012,同管道运输任务_万吨
2055,S003,N068,N136,甘肃,甘肃,1000,1.952000184907,998.0479998151,1,同管道运输任务_万吨
2055,S004,N136,N052,甘肃,甘肃,1000,1.952000184907,998.0479998151,190.6827379823,同管道运输任务_万吨
2055,S005,N052,N077,甘肃,甘肃,1000,1.940894260339,998.0591057397,220.4447200576,同管道运输任务_万吨
2055,S006,N077,N018,甘肃,甘肃,1000,0.5621506481679,999.4378493518,233.1474672007,同管道运输任务_万吨
2055,S007,N100,N001,新疆,新疆,100,0,100,258.5647036559,同管道运输任务_万吨
2055,S008,N001,N009,新疆,新疆,100,0,100,32.21673231182,同管道运输任务_万吨
2055,S009,N100,N102,新疆,新疆,520,0,520,290.7209493193,同管道运输任务_万吨
2055,S010,N015,N102,新疆,新疆,160,0,160,290.7209493193,同管道运输任务_万吨
2055,S011,N015,N102,新疆,新疆,400,0,400,290.7209493193,同管道运输任务_万吨
2055,S012,N018,N033,甘肃,陕西,1000,218.665612395,781.334387605,482.7844223775,同管道运输任务_万吨
2055,S013,N033,N133,陕西,河南,1500,90.93159421081,1409.068405789,452.4894536775,同管道运输任务_万吨
2055,S014,N133,N078,河南,湖北,1000,90.93159421081,909.0684057892,465.8914014778,同管道运输任务_万吨
2055,S015,N078,N144,湖北,湖南,500,37.52888004608,462.4711199539,294.4894358354,同管道运输任务_万吨
2055,S016,N037,N084,天津,河北,285,59.14794697797,225.852053022,98.15406962574,同管道运输任务_万吨
2055,S017,N084,N055,河北,山东,285,50.33758258012,234.6624174199,106.8696995817,同管道运输任务_万吨
2055,S018,N055,N089,山东,山东,285,35.18859790847,249.8114020915,104.7760009591,同管道运输任务_万吨
2055,S019,N089,N089,山东,山东,285,21.00112655624,263.9988734438,1,同管道运输任务_万吨
2055,S020,N089,N016,山东,山东,285,21.00112655624,263.9988734438,141.8453430493,同管道运输任务_万吨
2055,S021,N139,N049,宁夏,内蒙古,240,1.684198361341,238.3158016387,269.5692947473,同管道运输任务_万吨
2055,S022,N016,N114,山东,山东,285,7.759708905551,277.2402910944,98.00787875952,同管道运输任务_万吨
2055,S023,N114,N067,山东,山东,285,7.759708905551,277.2402910944,155.5763598401,同管道运输任务_万吨
2055,S024,N032,N020,内蒙古,内蒙古,200,10.04153750768,189.9584624923,153.0994759461,同管道运输任务_万吨
2055,S025,N020,N135,内蒙古,内蒙古,200,5.620941036342,194.3790589637,113.5796267743,同管道运输任务_万吨
2055,S026,N058,N130,辽宁,辽宁,600,149.744540026,450.255459974,90.66720168779,同管道运输任务_万吨
2055,S027,N130,N129,辽宁,辽宁,600,148.69040609,451.30959391,108.3049541324,同管道运输任务_万吨
2055,S028,N129,N140,辽宁,辽宁,750,147.5255919803,602.4744080197,96.97372460332,同管道运输任务_万吨
2055,S029,N140,N036,辽宁,河北,1300,138.1459329124,1161.854067088,414.5369322765,同管道运输任务_万吨
2055,S030,N036,N012,河北,河北,800,36.60371627262,763.3962837274,128.6230495114,同管道运输任务_万吨
2055,S031,N012,N132,河北,河北,1100,16.82986067272,1083.170139327,262.5316624369,同管道运输任务_万吨
2055,S032,N132,N133,河北,河南,800,0,800,224.7585240323,同管道运输任务_万吨
2055,S033,N031,N143,吉林,吉林,245,6.788269772925,238.2117302271,98.79246594876,同管道运输任务_万吨
2055,S034,N018,N057,甘肃,四川,700,12.83130586271,687.1686941373,597.2917296284,同管道运输任务_万吨
2055,S035,N057,N137,四川,重庆,350,0,350,271.7748380194,同管道运输任务_万吨
2055,S036,N044,N038,云南,云南,173,16.11170468907,156.8882953109,256.1167141436,同管道运输任务_万吨
2055,S037,N038,N013,云南,云南,57,9.010671821355,47.98932817864,124.130796815,同管道运输任务_万吨
2055,S038,N044,N101,云南,云南,225,16.21221924013,208.7877807599,84.16073196024,同管道运输任务_万吨
2055,S039,N101,N121,云南,云南,115,9.225423187332,105.7745768127,139.370081841,同管道运输任务_万吨
2055,S040,N044,N047,云南,云南,323,30.33199014406,292.6680098559,1,同管道运输任务_万吨
2055,S041,N047,N066,云南,云南,155,30.33199014406,124.6680098559,114.9330292875,同管道运输任务_万吨
2055,S042,N047,N063,云南,云南,168,0,168,1,同管道运输任务_万吨
2055,S043,N138,N024,广西,广西,500,72.3376582334,427.6623417666,97.62752678335,同管道运输任务_万吨
2055,S044,N024,N069,广西,广西,300,23.80757003333,276.1924299667,199.6645928393,同管道运输任务_万吨
2055,S045,N095,N117,广东,广东,500,185.4440549771,314.5559450229,71.64398617532,同管道运输任务_万吨
2055,S046,N117,N069,广东,广西,800,145.7761130457,654.2238869543,333.2363072599,同管道运输任务_万吨
2055,S047,N069,N127,广西,贵州,800,101.6305489764,698.3694510236,383.1404481031,同管道运输任务_万吨
2055,S048,N127,N066,贵州,云南,800,30.33199014406,769.6680098559,320.9147812201,同管道运输任务_万吨
2055,S049,N080,N137,重庆,重庆,800,0,800,1,同管道运输任务_万吨
2055,S050,N069,N070,广西,广西,500,0,500,1,同管道运输任务_万吨
2055,S051,N127,N109,贵州,四川,600,0,600,510.4984836446,同管道运输任务_万吨
2055,S052,N069,N073,广西,广西,600,20.33799403601,579.662005964,136.4517130161,同管道运输任务_万吨
2055,S053,N006,N024,广东,广西,800,85.96311121184,714.0368887882,270.9212702775,同管道运输任务_万吨
2055,S054,N024,N141,广西,云南,800,37.43302301177,762.5669769882,623.7954009713,同管道运输任务_万吨
2055,S055,N141,N038,云南,云南,800,7.101032867719,792.8989671323,256.1167141436,同管道运输任务_万吨
2055,S056,N024,N151,广西,广西,800,0,800,1,同管道运输任务_万吨
2055,S057,N141,N066,云南,云南,800,30.33199014406,769.6680098559,114.9330292875,同管道运输任务_万吨
2055,S058,N108,N062,云南,云南,800,0,800,1,同管道运输任务_万吨
2055,S059,N117,N081,广东,广东,550,25.57980968111,524.4201903189,243.9417369173,同管道运输任务_万吨
2055,S060,N026,N027,广东,广东,250,0,250,19.09871202011,同管道运输任务_万吨
2055,S061,N003,N115,广东,广东,250,0,250,19.09871202011,同管道运输任务_万吨
2055,S062,N026,N060,广东,广东,100,0,100,100.8048484868,同管道运输任务_万吨
2055,S063,N021,N103,广东,广东,100,0,100,1,同管道运输任务_万吨
2055,S064,N150,N026,广东,广东,300,112.3215394763,187.6784605237,1,同管道运输任务_万吨
2055,S065,N150,N056,广东,广东,350,96.37036885843,253.6296311416,117.9051205886,同管道运输任务_万吨
2055,S066,N039,N041,广东,广东,250,0,250,1,同管道运输任务_万吨
2055,S067,N056,N075,广东,广东,120,69.86829482586,50.13170517414,217.3794119684,同管道运输任务_万吨
2055,S068,N078,N014,湖北,河南,,48.97835841329,0,173.9497469924,同管道运输任务_万吨
2055,S069,N050,N051,湖北,湖北,10,0,10,1,同管道运输任务_万吨
2055,S070,N119,N124,湖北,湖北,350,78.16157294799,271.838427052,108.5250365034,同管道运输任务_万吨
2055,S071,N119,N118,湖北,湖北,150,13.18765608578,136.8123439142,77.70770101937,同管道运输任务_万吨
2055,S072,N142,N002,湖南,湖南,600,92.3953575278,507.6046424722,1,同管道运输任务_万吨
2055,S073,N002,N083,湖南,湖南,560,84.53558651085,475.4644134891,1,同管道运输任务_万吨
2055,S074,N083,N144,湖南,湖南,538,84.53558651085,453.4644134891,142.0010421679,同管道运输任务_万吨
2055,S075,N144,N094,湖南,湖南,385,47.00670646477,337.9932935352,44.30902209218,同管道运输任务_万吨
2055,S076,N094,N123,湖南,湖南,220,40.9864398374,179.0135601626,110.3842250222,同管道运输任务_万吨
2055,S077,N123,N112,湖南,湖南,136,40.9864398374,95.0135601626,1,同管道运输任务_万吨
2055,S078,N112,N134,湖南,湖南,100,17.02576511383,82.97423488617,132.5778164966,同管道运输任务_万吨
2055,S079,N094,N042,湖南,湖南,250,33.62868465307,216.3713153469,94.39854001898,同管道运输任务_万吨
2055,S080,N094,N071,湖南,湖南,350,9.102925393862,340.8970746061,18.49187998705,同管道运输任务_万吨
2055,S081,N010,N025,江西,江西,330,84.436123553,245.563876447,108.6105132513,同管道运输任务_万吨
2055,S082,N025,N030,江西,江西,240,47.76631027974,192.2336897203,197.4631244572,同管道运输任务_万吨
2055,S083,N030,N076,江西,江西,274,39.06065979443,234.9393402056,97.07015693906,同管道运输任务_万吨
2055,S084,N076,N128,江西,江西,170,19.15079969858,150.8492003014,226.5322157291,同管道运输任务_万吨
2055,S085,N004,N076,江西,江西,,19.90986009585,0,352.9393516458,同管道运输任务_万吨
2055,S086,N045,N029,安徽,安徽,410,172.7470975177,237.2529024823,143.6360184791,同管道运输任务_万吨
2055,S087,N029,N092,安徽,安徽,270,128.7489251787,141.2510748213,87.17523735415,同管道运输任务_万吨
2055,S088,N092,N145,安徽,安徽,140,107.2945560204,32.70544397955,117.7796602808,同管道运输任务_万吨
2055,S089,N145,N011,安徽,安徽,140,66.64725926846,73.35274073154,106.2674435054,同管道运输任务_万吨
2055,S090,N045,N029,安徽,安徽,120,43.99817233906,76.00182766094,143.6360184791,同管道运输任务_万吨
2055,S091,N029,N017,安徽,安徽,140,15.62057447943,124.3794255206,67.91871138908,同管道运输任务_万吨
2055,S092,N092,N122,安徽,安徽,80,21.36850959671,58.63149040329,50.35323866621,同管道运输任务_万吨
2055,S093,N035,N093,浙江,浙江,510,5.125802387792,504.8741976122,65.94894528416,同管道运输任务_万吨
2055,S094,N035,N116,浙江,江苏,510,135.2335435151,374.7664564849,63.57562871305,同管道运输任务_万吨
2055,S095,N023,N087,江苏,江苏,545,52.39155338839,492.6084466116,114.4833118214,同管道运输任务_万吨
2055,S096,N023,N054,江苏,江苏,545,0,545,276.9115998483,同管道运输任务_万吨
2055,S097,N023,N105,江苏,江苏,545,30.07202987918,514.9279701208,191.8610036166,同管道运输任务_万吨
2055,S098,N022,N116,江苏,江苏,580,135.2335435151,444.7664564849,189.3371214002,同管道运输任务_万吨
2055,S099,N110,N153,浙江,浙江,760,40.68648195234,719.3135180477,285.5275920545,同管道运输任务_万吨
2055,S100,N153,N076,浙江,江西,450,19.90986009585,430.0901399041,453.1326401913,同管道运输任务_万吨
2055,S101,N126,N074,浙江,浙江,135,22.0752270918,112.9247729082,42.27850958589,同管道运输任务_万吨
2055,S102,N111,N120,浙江,浙江,500,0,500,42.27850958589,同管道运输任务_万吨
2055,S103,N110,N043,浙江,浙江,460,60.5861058794,399.4138941206,1,同管道运输任务_万吨
2055,S104,N043,N008,浙江,浙江,460,41.89803626855,418.1019637315,134.9056669374,同管道运输任务_万吨
2055,S105,N008,N099,浙江,浙江,460,29.7463401727,430.2536598273,102.2518494834,同管道运输任务_万吨
2055,S106,N099,N104,浙江,浙江,460,0,460,1,同管道运输任务_万吨
2055,S107,N085,N019,福建,福建,220,9.164461712969,210.835538287,146.977849406,同管道运输任务_万吨
2055,S108,N085,N005,福建,福建,380,5.977713372543,374.0222866275,74.53127886045,同管道运输任务_万吨
2055,S109,N085,N107,福建,福建,380,0,380,74.53127886045,同管道运输任务_万吨
2055,S110,N152,N091,山东,山东,655,145.4987090934,509.5012909066,1,同管道运输任务_万吨
2055,S111,N091,N089,山东,山东,655,124.2863735742,530.7136264258,95.82581836938,同管道运输任务_万吨
2055,S112,N089,N086,山东,山东,655,110.098902222,544.901097778,50.39831502666,同管道运输任务_万吨
2055,S113,N086,N065,山东,山东,655,99.35139549893,555.6486045011,98.00787875952,同管道运输任务_万吨
2055,S114,N065,N067,山东,山东,655,99.35139549893,555.6486045011,94.47889312212,同管道运输任务_万吨
2055,S115,N067,N053,山东,江苏,655,67.4410931789,587.5589068211,67.88363102691,同管道运输任务_万吨
2055,S116,N053,N046,江苏,安徽,655,36.38089897473,618.6191010253,68.27567140554,同管道运输任务_万吨
2055,S117,N065,N090,山东,山东,655,0,655,1,同管道运输任务_万吨
2055,S118,N067,N007,山东,山东,655,24.15059341447,630.8494065855,99.71138548294,同管道运输任务_万吨
2055,S119,N147,N097,山东,山东,820,26.52810987046,793.4718901295,130.6795326906,同管道运输任务_万吨
2055,S120,N097,N089,山东,山东,820,14.18747135223,805.8125286478,192.5624527192,同管道运输任务_万吨
2055,S121,N089,N113,山东,山东,820,118.7109907876,701.2890092124,93.21608317735,同管道运输任务_万吨
2055,S122,N113,N098,山东,河南,820,110.1155562804,709.8844437196,115.1930105614,同管道运输任务_万吨
2055,S123,N098,N082,河南,河南,820,65.53053939019,754.4694606098,70.40284280982,同管道运输任务_万吨
2055,S124,N082,N061,河南,河南,820,78.83171886093,741.1682811391,96.65790953178,同管道运输任务_万吨
2055,S125,N061,N133,河南,河南,820,0,820,67.65045252974,同管道运输任务_万吨
2055,S126,N082,N132,河南,河北,820,50.07478172352,769.9252182765,61.02865368683,同管道运输任务_万吨
2055,S127,N132,N131,河北,河北,820,33.24492105079,786.7550789492,49.40123273755,同管道运输任务_万吨
2055,S128,N131,N106,河北,河北,820,23.95664691609,796.0433530839,108.0642480112,同管道运输任务_万吨
2055,S129,N106,N149,河北,河北,820,53.55036167544,766.4496383246,1,同管道运输任务_万吨
2055,S130,N149,N146,河北,山西,820,53.55036167544,766.4496383246,83.39947410673,同管道运输任务_万吨
2055,S131,N146,N064,山西,山西,820,47.57432536784,772.4256746322,76.48152333733,同管道运输任务_万吨
2055,S132,N064,N040,山西,山西,820,40.35425053247,779.6457494675,27.19403166545,同管道运输任务_万吨
2055,S133,N088,N048,河南,河南,820,347.3952745248,472.6047254752,111.8321473902,同管道运输任务_万吨
2055,S134,N048,N133,河南,河南,820,204.8065978913,615.1934021087,1,同管道运输任务_万吨
2055,S135,N133,N125,河南,河南,820,204.8065978913,615.1934021087,81.38804499697,同管道运输任务_万吨
2055,S136,N125,N096,河南,河南,820,122.3821646532,697.6178353468,53.05342007042,同管道运输任务_万吨
2055,S137,N096,N148,河南,河南,820,37.1663936012,782.8336063988,63.78578749544,同管道运输任务_万吨
2055,S138,N148,N014,河南,河南,820,48.97835841329,771.0216415867,95.72615837574,同管道运输任务_万吨
2055,S139,N028,N079,天津,天津,155,0,155,1,同管道运输任务_万吨
2055,S140,N072,N059,青海,西藏,130,0,130,1032.422556507,同管道运输任务_万吨
2060,S001,N009,N034,新疆,新疆,1000,0.6079969679015,999.3920030321,490.0796120514,同管道运输任务_万吨
2060,S002,N034,N068,新疆,甘肃,1000,0.6079969679015,999.3920030321,539.185983012,同管道运输任务_万吨
2060,S003,N068,N136,甘肃,甘肃,1000,0.6060659862359,999.3939340138,1,同管道运输任务_万吨
2060,S004,N136,N052,甘肃,甘肃,1000,0.6060659862359,999.3939340138,190.6827379823,同管道运输任务_万吨
2060,S005,N052,N077,甘肃,甘肃,1000,0.6043280879322,999.3956719121,220.4447200576,同管道运输任务_万吨
2060,S006,N077,N018,甘肃,甘肃,1000,0.1487045634096,999.8512954366,233.1474672007,同管道运输任务_万吨
2060,S007,N100,N001,新疆,新疆,100,0,100,258.5647036559,同管道运输任务_万吨
2060,S008,N001,N009,新疆,新疆,100,0,100,32.21673231182,同管道运输任务_万吨
2060,S009,N100,N102,新疆,新疆,520,0,520,290.7209493193,同管道运输任务_万吨
2060,S010,N015,N102,新疆,新疆,160,0,160,290.7209493193,同管道运输任务_万吨
2060,S011,N015,N102,新疆,新疆,400,0,400,290.7209493193,同管道运输任务_万吨
2060,S012,N018,N033,甘肃,陕西,1000,72.88035262443,927.1196473756,482.7844223775,同管道运输任务_万吨
2060,S013,N033,N133,陕西,河南,1500,4.71168828907,1495.288311711,452.4894536775,同管道运输任务_万吨
2060,S014,N133,N078,河南,湖北,1000,4.71168828907,995.2883117109,465.8914014778,同管道运输任务_万吨
2060,S015,N078,N144,湖北,湖南,500,0,500,294.4894358354,同管道运输任务_万吨
2060,S016,N037,N084,天津,河北,285,19.37991602861,265.6200839714,98.15406962574,同管道运输任务_万吨
2060,S017,N084,N055,河北,山东,285,14.9462761473,270.0537238527,106.8696995817,同管道运输任务_万吨
2060,S018,N055,N089,山东,山东,285,8.625971319483,276.3740286805,104.7760009591,同管道运输任务_万吨
2060,S019,N089,N089,山东,山东,285,5.141045645437,279.8589543546,1,同管道运输任务_万吨
2060,S020,N089,N016,山东,山东,285,5.141045645437,279.8589543546,141.8453430493,同管道运输任务_万吨
2060,S021,N139,N049,宁夏,内蒙古,240,1.05853901227,238.9414609877,269.5692947473,同管道运输任务_万吨
2060,S022,N016,N114,山东,山东,285,1.902876216014,283.097123784,98.00787875952,同管道运输任务_万吨
2060,S023,N114,N067,山东,山东,285,1.902876216014,283.097123784,155.5763598401,同管道运输任务_万吨
2060,S024,N032,N020,内蒙古,内蒙古,200,5.826225342513,194.1737746575,153.0994759461,同管道运输任务_万吨
2060,S025,N020,N135,内蒙古,内蒙古,200,3.026097090663,196.9739029093,113.5796267743,同管道运输任务_万吨
2060,S026,N058,N130,辽宁,辽宁,600,62.74618539224,537.2538146078,90.66720168779,同管道运输任务_万吨
2060,S027,N130,N129,辽宁,辽宁,600,62.48760528481,537.5123947152,108.3049541324,同管道运输任务_万吨
2060,S028,N129,N140,辽宁,辽宁,750,62.20129400764,687.7987059924,96.97372460332,同管道运输任务_万吨
2060,S029,N140,N036,辽宁,河北,1300,57.40290081335,1242.597099187,414.5369322765,同管道运输任务_万吨
2060,S030,N036,N012,河北,河北,800,18.43650129141,781.5634987086,128.6230495114,同管道运输任务_万吨
2060,S031,N012,N132,河北,河北,1100,8.47683085779,1091.523169142,262.5316624369,同管道运输任务_万吨
2060,S032,N132,N133,河北,河南,800,0,800,224.7585240323,同管道运输任务_万吨
2060,S033,N031,N143,吉林,吉林,245,3.672202745492,241.3277972545,98.79246594876,同管道运输任务_万吨
2060,S034,N018,N057,甘肃,四川,700,4.111654985914,695.8883450141,597.2917296284,同管道运输任务_万吨
2060,S035,N057,N137,四川,重庆,350,0,350,271.7748380194,同管道运输任务_万吨
2060,S036,N044,N038,云南,云南,173,6.6505593483,166.3494406517,256.1167141436,同管道运输任务_万吨
2060,S037,N038,N013,云南,云南,57,3.74524718087,53.25475281913,124.130796815,同管道运输任务_万吨
2060,S038,N044,N101,云南,云南,225,6.751776225234,218.2482237748,84.16073196024,同管道运输任务_万吨
2060,S039,N101,N121,云南,云南,115,3.82632559828,111.1736744017,139.370081841,同管道运输任务_万吨
2060,S040,N044,N047,云南,云南,323,11.5706723835,311.4293276165,1,同管道运输任务_万吨
2060,S041,N047,N066,云南,云南,155,11.5706723835,143.4293276165,114.9330292875,同管道运输任务_万吨
2060,S042,N047,N063,云南,云南,168,0,168,1,同管道运输任务_万吨
2060,S043,N138,N024,广西,广西,500,11.76593298984,488.2340670102,97.62752678335,同管道运输任务_万吨
2060,S044,N024,N069,广西,广西,300,3.864962150716,296.1350378493,199.6645928393,同管道运输任务_万吨
2060,S045,N095,N117,广东,广东,500,54.2532504496,445.7467495504,71.64398617532,同管道运输任务_万吨
2060,S046,N117,N069,广东,广西,800,43.57493488662,756.4250651134,333.2363072599,同管道运输任务_万吨
2060,S047,N069,N127,广西,贵州,800,36.40363059848,763.5963694015,383.1404481031,同管道运输任务_万吨
2060,S048,N127,N066,贵州,云南,800,11.5706723835,788.4293276165,320.9147812201,同管道运输任务_万吨
2060,S049,N080,N137,重庆,重庆,800,0,800,1,同管道运输任务_万吨
2060,S050,N069,N070,广西,广西,500,0,500,1,同管道运输任务_万吨
2060,S051,N127,N109,贵州,四川,600,0,600,510.4984836446,同管道运输任务_万吨
2060,S052,N069,N073,广西,广西,600,3.306342137424,596.6936578626,136.4517130161,同管道运输任务_万吨
2060,S053,N006,N024,广东,广西,800,22.37695539006,777.6230446099,270.9212702775,同管道运输任务_万吨
2060,S054,N024,N141,广西,云南,800,14.47598455093,785.5240154491,623.7954009713,同管道运输任务_万吨
2060,S055,N141,N038,云南,云南,800,2.90531216743,797.0946878326,256.1167141436,同管道运输任务_万吨
2060,S056,N024,N151,广西,广西,800,0,800,1,同管道运输任务_万吨
2060,S057,N141,N066,云南,云南,800,11.5706723835,788.4293276165,114.9330292875,同管道运输任务_万吨
2060,S058,N108,N062,云南,云南,800,0,800,1,同管道运输任务_万吨
2060,S059,N117,N081,广东,广东,550,8.963524433264,541.0364755667,243.9417369173,同管道运输任务_万吨
2060,S060,N026,N027,广东,广东,250,0,250,19.09871202011,同管道运输任务_万吨
2060,S061,N003,N115,广东,广东,250,0,250,19.09871202011,同管道运输任务_万吨
2060,S062,N026,N060,广东,广东,100,0,100,100.8048484868,同管道运输任务_万吨
2060,S063,N021,N103,广东,广东,100,0,100,1,同管道运输任务_万吨
2060,S064,N150,N026,广东,广东,300,39.52826801376,260.4717319862,1,同管道运输任务_万吨
2060,S065,N150,N056,广东,广东,350,33.76130848875,316.2386915112,117.9051205886,同管道运输任务_万吨
2060,S066,N039,N041,广东,广东,250,0,250,1,同管道运输任务_万吨
2060,S067,N056,N075,广东,广东,120,24.55117498105,95.44882501895,217.3794119684,同管道运输任务_万吨
2060,S068,N078,N014,湖北,河南,,19.41894233605,0,173.9497469924,同管道运输任务_万吨
2060,S069,N050,N051,湖北,湖北,10,0,10,1,同管道运输任务_万吨
2060,S070,N119,N124,湖北,湖北,350,27.25296731148,322.7470326885,108.5250365034,同管道运输任务_万吨
2060,S071,N119,N118,湖北,湖北,150,1.152703171999,148.847296828,77.70770101937,同管道运输任务_万吨
2060,S072,N142,N002,湖南,湖南,600,2.901315910419,597.0986840896,1,同管道运输任务_万吨
2060,S073,N002,N083,湖南,湖南,560,2.901315910419,557.0986840896,1,同管道运输任务_万吨
2060,S074,N083,N144,湖南,湖南,538,2.901315910419,535.0986840896,142.0010421679,同管道运输任务_万吨
2060,S075,N144,N094,湖南,湖南,385,2.901315910419,382.0986840896,44.30902209218,同管道运输任务_万吨
2060,S076,N094,N123,湖南,湖南,220,2.901315910419,217.0986840896,110.3842250222,同管道运输任务_万吨
2060,S077,N123,N112,湖南,湖南,136,2.901315910419,133.0986840896,1,同管道运输任务_万吨
2060,S078,N112,N134,湖南,湖南,100,2.901315910419,97.09868408958,132.5778164966,同管道运输任务_万吨
2060,S079,N094,N042,湖南,湖南,250,0,250,94.39854001898,同管道运输任务_万吨
2060,S080,N094,N071,湖南,湖南,350,0,350,18.49187998705,同管道运输任务_万吨
2060,S081,N010,N025,江西,江西,330,9.39008910762,320.6099108924,108.6105132513,同管道运输任务_万吨
2060,S082,N025,N030,江西,江西,240,5.30690541342,234.6930945866,197.4631244572,同管道运输任务_万吨
2060,S083,N030,N076,江西,江西,274,4.340936864037,269.659063136,97.07015693906,同管道运输任务_万吨
2060,S084,N076,N128,江西,江西,170,2.125486902806,167.8745130972,226.5322157291,同管道运输任务_万吨
2060,S085,N004,N076,江西,江西,,2.215449961231,0,352.9393516458,同管道运输任务_万吨
2060,S086,N045,N029,安徽,安徽,410,70.51908503155,339.4809149685,143.6360184791,同管道运输任务_万吨
2060,S087,N029,N092,安徽,安徽,270,52.26866259244,217.7313374076,87.17523735415,同管道运输任务_万吨
2060,S088,N092,N145,安徽,安徽,140,43.39144892528,96.60855107472,117.7796602808,同管道运输任务_万吨
2060,S089,N145,N011,安徽,安徽,140,26.57572971605,113.424270284,106.2674435054,同管道运输任务_万吨
2060,S090,N045,N029,安徽,安徽,120,18.25042243911,101.7495775609,143.6360184791,同管道运输任务_万吨
2060,S091,N029,N017,安徽,安徽,140,6.445541473265,133.5544585267,67.91871138908,同管道运输任务_万吨
2060,S092,N092,N122,安徽,安徽,80,8.846018554656,71.15398144534,50.35323866621,同管道运输任务_万吨
2060,S093,N035,N093,浙江,浙江,510,0.6622530554065,509.3377469446,65.94894528416,同管道运输任务_万吨
2060,S094,N035,N116,浙江,江苏,510,41.24367052004,468.75632948,63.57562871305,同管道运输任务_万吨
2060,S095,N023,N087,江苏,江苏,545,10.68688883808,534.3131111619,114.4833118214,同管道运输任务_万吨
2060,S096,N023,N054,江苏,江苏,545,0,545,276.9115998483,同管道运输任务_万吨
2060,S097,N023,N105,江苏,江苏,545,6.132990261982,538.867009738,191.8610036166,同管道运输任务_万吨
2060,S098,N022,N116,江苏,江苏,580,41.24367052004,538.75632948,189.3371214002,同管道运输任务_万吨
2060,S099,N110,N153,浙江,浙江,760,6.908529355843,753.0914706442,285.5275920545,同管道运输任务_万吨
2060,S100,N153,N076,浙江,江西,450,2.215449961231,447.7845500388,453.1326401913,同管道运输任务_万吨
2060,S101,N126,N074,浙江,浙江,135,2.859019795838,132.1409802042,42.27850958589,同管道运输任务_万吨
2060,S102,N111,N120,浙江,浙江,500,0,500,42.27850958589,同管道运输任务_万吨
2060,S103,N110,N043,浙江,浙江,460,7.838040132696,452.1619598673,1,同管道运输任务_万吨
2060,S104,N043,N008,浙江,浙江,460,5.419696830297,454.5803031697,134.9056669374,同管道运输任务_万吨
2060,S105,N008,N099,浙江,浙江,460,3.850527757891,456.1494722421,102.2518494834,同管道运输任务_万吨
2060,S106,N099,N104,浙江,浙江,460,0,460,1,同管道运输任务_万吨
2060,S107,N085,N019,福建,福建,220,3.239348680707,216.7606513193,146.977849406,同管道运输任务_万吨
2060,S108,N085,N005,福建,福建,380,2.114453371216,377.8855466288,74.53127886045,同管道运输任务_万吨
2060,S109,N085,N107,福建,福建,380,0,380,74.53127886045,同管道运输任务_万吨
2060,S110,N152,N091,山东,山东,655,40.05423609191,614.9457639081,1,同管道运输任务_万吨
2060,S111,N091,N089,山东,山东,655,34.85823314646,620.1417668535,95.82581836938,同管道运输任务_万吨
2060,S112,N089,N086,山东,山东,655,31.37330747242,623.6266925276,50.39831502666,同管道运输任务_万吨
2060,S113,N086,N065,山东,山东,655,28.73909487723,626.2609051228,98.00787875952,同管道运输任务_万吨
2060,S114,N065,N067,山东,山东,655,28.73909487723,626.2609051228,94.47889312212,同管道运输任务_万吨
2060,S115,N067,N053,山东,江苏,655,21.37073104897,633.629268951,67.88363102691,同管道运输任务_万吨
2060,S116,N053,N046,江苏,安徽,655,15.03534838324,639.9646516168,68.27567140554,同管道运输任务_万吨
2060,S117,N065,N090,山东,山东,655,0,655,1,同管道运输任务_万吨
2060,S118,N067,N007,山东,山东,655,5.465487612248,649.5345123878,99.71138548294,同管道运输任务_万吨
2060,S119,N147,N097,山东,山东,820,6.500366884241,813.4996331158,130.6795326906,同管道运输任务_万吨
2060,S120,N097,N089,山东,山东,820,3.484925674046,816.515074326,192.5624527192,同管道运输任务_万吨
2060,S121,N089,N113,山东,山东,820,48.16934758718,771.8306524128,93.21608317735,同管道运输任务_万吨
2060,S122,N113,N098,山东,河南,820,46.07319787873,773.9268021213,115.1930105614,同管道运输任务_万吨
2060,S123,N098,N082,河南,河南,820,29.87150932769,790.1284906723,70.40284280982,同管道运输任务_万吨
2060,S124,N082,N061,河南,河南,820,34.0509289973,785.9490710027,96.65790953178,同管道运输任务_万吨
2060,S125,N061,N133,河南,河南,820,0,820,67.65045252974,同管道运输任务_万吨
2060,S126,N082,N132,河南,河北,820,25.22914503098,794.770854969,61.02865368683,同管道运输任务_万吨
2060,S127,N132,N131,河北,河北,820,16.75231417319,803.2476858268,49.40123273755,同管道运输任务_万吨
2060,S128,N131,N106,河北,河北,820,12.07357892799,807.926421072,108.0642480112,同管道运输任务_万吨
2060,S129,N106,N149,河北,河北,820,40.14804929863,779.8519507014,1,同管道运输任务_万吨
2060,S130,N149,N146,河北,山西,820,40.14804929863,779.8519507014,83.39947410673,同管道运输任务_万吨
2060,S131,N146,N064,山西,山西,820,35.66074540197,784.339254598,76.48152333733,同管道运输任务_万吨
2060,S132,N064,N040,山西,山西,820,30.2550930364,789.7449069636,27.19403166545,同管道运输任务_万吨
2060,S133,N088,N048,河南,河南,820,137.8459010915,682.1540989085,111.8321473902,同管道运输任务_万吨
2060,S134,N048,N133,河南,河南,820,81.13818183262,738.8618181674,1,同管道运输任务_万吨
2060,S135,N133,N125,河南,河南,820,81.13818183262,738.8618181674,81.38804499697,同管道运输任务_万吨
2060,S136,N125,N096,河南,河南,820,48.46634697603,771.533653024,53.05342007042,同管道运输任务_万吨
2060,S137,N096,N148,河南,河南,820,14.72549114565,805.2745088544,63.78578749544,同管道运输任务_万吨
2060,S138,N148,N014,河南,河南,820,19.41894233605,800.5810576639,95.72615837574,同管道运输任务_万吨
2060,S139,N028,N079,天津,天津,155,0,155,1,同管道运输任务_万吨
2060,S140,N072,N059,青海,西藏,130,0,130,1032.422556507,同管道运输任务_万吨
