scenario,tier,year,province_key,supply_10kt
high,high,2025,上海,0
high,high,2025,云南,55.42463688618
high,high,2025,内蒙古,249.9712308819
high,high,2025,北京,0.1514952466769
high,high,2025,吉林,31.25517412693
high,high,2025,四川,5.682936472736
high,high,2025,天津,3.304104513969
high,high,2025,宁夏,49.19439301438
high,high,2025,安徽,6.102839052569
high,high,2025,山东,41.55364391617
high,high,2025,山西,43.61439242789
high,high,2025,广东,6.826635729473
high,high,2025,广西,19.06381496691
high,high,2025,新疆,229.8525943639
high,high,2025,江苏,12.04392863904
high,high,2025,江西,8.474082760956
high,high,2025,河北,112.8684626215
high,high,2025,河南,26.39369296253
high,high,2025,浙江,0.8302725596161
high,high,2025,海南,2.991317349124
high,high,2025,湖北,13.64348342791
high,high,2025,湖南,19.15037681832
high,high,2025,甘肃,86.26073717587
high,high,2025,福建,0
high,high,2025,西藏,16.08768591622
high,high,2025,贵州,12.85981034489
high,high,2025,辽宁,33.35094620209
high,high,2025,重庆,0
high,high,2025,陕西,35.8170385815
high,high,2025,青海,111.5778280558
high,high,2025,黑龙江,27.37151708563
high,high,2030,上海,0
high,high,2030,云南,176.5043695686
high,high,2030,内蒙古,750.2788870267
high,high,2030,北京,0.4472879549939
high,high,2030,吉林,91.71546443959
high,high,2030,四川,17.47101124782
high,high,2030,天津,10.36842564131
high,high,2030,宁夏,155.1158315936
high,high,2030,安徽,19.08215470382
high,high,2030,山东,125.7877869537
high,high,2030,山西,129.690007386
high,high,2030,广东,20.20857693682
high,high,2030,广西,57.25788989098
high,high,2030,新疆,717.0514552634
high,high,2030,江苏,35.69280120139
high,high,2030,江西,25.32913880717
high,high,2030,河北,341.7664060064
high,high,2030,河南,77.37817705485
high,high,2030,浙江,2.41087553233
high,high,2030,海南,9.270030253372
high,high,2030,湖北,43.12595000117
high,high,2030,湖南,56.47005516283
high,high,2030,甘肃,267.4644876623
high,high,2030,福建,0
high,high,2030,西藏,51.4812545177
high,high,2030,贵州,41.31703024709
high,high,2030,辽宁,98.19002344218
high,high,2030,重庆,0
high,high,2030,陕西,112.4865164869
high,high,2030,青海,358.2380829362
high,high,2030,黑龙江,81.41589509663
high,high,2035,上海,0
high,high,2035,云南,252.7839930999
high,high,2035,内蒙古,1069.269927867
high,high,2035,北京,0.636554552692
high,high,2035,吉林,130.4542054191
high,high,2035,四川,24.94946651348
high,high,2035,天津,14.83167667759
high,high,2035,宁夏,221.974286849
high,high,2035,安徽,27.2883473815
high,high,2035,山东,179.3980181491
high,high,2035,山西,184.6811923047
high,high,2035,广东,28.76625265731
high,high,2035,广西,81.6065444244
high,high,2035,新疆,1025.223875703
high,high,2035,江苏,50.81244787465
high,high,2035,江西,36.08530771583
high,high,2035,河北,487.4379338881
high,high,2035,河南,110.0522043736
high,high,2035,浙江,3.4260047149
high,high,2035,海南,13.24684368893
high,high,2035,湖北,61.72655582619
high,high,2035,湖南,80.35612341052
high,high,2035,甘肃,382.2229213555
high,high,2035,福建,0
high,high,2035,西藏,73.75838251998
high,high,2035,贵州,59.21472967143
high,high,2035,辽宁,139.7039467858
high,high,2035,重庆,0
high,high,2035,陕西,160.9187090153
high,high,2035,青海,513.3913168894
high,high,2035,黑龙江,115.9409608293
high,high,2040,上海,0
high,high,2040,云南,296.2227766589
high,high,2040,内蒙古,1367.491403567
high,high,2040,北京,0.8338736028958
high,high,2040,吉林,172.4262855214
high,high,2040,四川,30.80427679114
high,high,2040,天津,17.76492844429
high,high,2040,宁夏,263.9894967975
high,high,2040,安徽,32.8600237229
high,high,2040,山东,226.5896400961
high,high,2040,山西,239.4339179385
high,high,2040,广东,37.53930069684
high,high,2040,广西,104.2638607086
high,high,2040,新疆,1238.745535366
high,high,2040,江苏,66.20159050468
high,high,2040,江西,46.43085425481
high,high,2040,河北,615.3962940736
high,high,2040,河南,145.6561572436
high,high,2040,浙江,4.597920778617
high,high,2040,海南,16.16358741116
high,high,2040,湖北,73.1411568655
high,high,2040,湖南,105.4581995615
high,high,2040,甘肃,466.010761282
high,high,2040,福建,0
high,high,2040,西藏,85.81122762457
high,high,2040,贵州,68.4802397852
high,high,2040,辽宁,183.7646872735
high,high,2040,重庆,0
high,high,2040,陕西,192.5121006176
high,high,2040,青海,594.3378207529
high,high,2040,黑龙江,150.2466852331
high,high,2045,上海,0
high,high,2045,云南,339.661560218
high,high,2045,内蒙古,1665.712879267
high,high,2045,北京,1.0311926531
high,high,2045,吉林,214.3983656237
high,high,2045,四川,36.65908706881
high,high,2045,天津,20.69818021098
high,high,2045,宁夏,306.0047067459
high,high,2045,安徽,38.43170006431
high,high,2045,山东,273.7812620432
high,high,2045,山西,294.1866435724
high,high,2045,广东,46.31234873637
high,high,2045,广西,126.9211769927
high,high,2045,新疆,1452.267195029
high,high,2045,江苏,81.5907331347
high,high,2045,江西,56.77640079379
high,high,2045,河北,743.354654259
high,high,2045,河南,181.2601101137
high,high,2045,浙江,5.769836842334
high,high,2045,海南,19.08033113339
high,high,2045,湖北,84.5557579048
high,high,2045,湖南,130.5602757125
high,high,2045,甘肃,549.7986012085
high,high,2045,福建,0
high,high,2045,西藏,97.86407272917
high,high,2045,贵州,77.74574989896
high,high,2045,辽宁,227.8254277612
high,high,2045,重庆,0
high,high,2045,陕西,224.1054922199
high,high,2045,青海,675.2843246163
high,high,2045,黑龙江,184.5524096369
high,high,2050,上海,0
high,high,2050,云南,383.100343777
high,high,2050,内蒙古,1963.934354967
high,high,2050,北京,1.228511703303
high,high,2050,吉林,256.370445726
high,high,2050,四川,42.51389734647
high,high,2050,天津,23.63143197768
high,high,2050,宁夏,348.0199166943
high,high,2050,安徽,44.00337640572
high,high,2050,山东,320.9728839903
high,high,2050,山西,348.9393692062
high,high,2050,广东,55.0853967759
high,high,2050,广西,149.5784932769
high,high,2050,新疆,1665.788854692
high,high,2050,江苏,96.97987576473
high,high,2050,江西,67.12194733277
high,high,2050,河北,871.3130144445
high,high,2050,河南,216.8640629837
high,high,2050,浙江,6.941752906051
high,high,2050,海南,21.99707485562
high,high,2050,湖北,95.97035894411
high,high,2050,湖南,155.6623518634
high,high,2050,甘肃,633.5864411351
high,high,2050,福建,0
high,high,2050,西藏,109.9169178338
high,high,2050,贵州,87.01126001273
high,high,2050,辽宁,271.8861682489
high,high,2050,重庆,0
high,high,2050,陕西,255.6988838222
high,high,2050,青海,756.2308284798
high,high,2050,黑龙江,218.8581340408
high,high,2055,上海,0
high,high,2055,云南,426.5391273361
high,high,2055,内蒙古,2262.155830667
high,high,2055,北京,1.425830753507
high,high,2055,吉林,298.3425258283
high,high,2055,四川,48.36870762413
high,high,2055,天津,26.56468374437
high,high,2055,宁夏,390.0351266428
high,high,2055,安徽,49.57505274713
high,high,2055,山东,368.1645059373
high,high,2055,山西,403.69209484
high,high,2055,广东,63.85844481543
high,high,2055,广西,172.235809561
high,high,2055,新疆,1879.310514354
high,high,2055,江苏,112.3690183948
high,high,2055,江西,77.46749387175
high,high,2055,河北,999.27137463
high,high,2055,河南,252.4680158537
high,high,2055,浙江,8.113668969769
high,high,2055,海南,24.91381857785
high,high,2055,湖北,107.3849599834
high,high,2055,湖南,180.7644280144
high,high,2055,甘肃,717.3742810616
high,high,2055,福建,0
high,high,2055,西藏,121.9697629384
high,high,2055,贵州,96.27677012649
high,high,2055,辽宁,315.9469087366
high,high,2055,重庆,0
high,high,2055,陕西,287.2922754245
high,high,2055,青海,837.1773323433
high,high,2055,黑龙江,253.1638584446
high,high,2060,上海,0
high,high,2060,云南,469.9779108951
high,high,2060,内蒙古,2560.377306366
high,high,2060,北京,1.623149803711
high,high,2060,吉林,340.3146059306
high,high,2060,四川,54.22351790179
high,high,2060,天津,29.49793551107
high,high,2060,宁夏,432.0503365912
high,high,2060,安徽,55.14672908854
high,high,2060,山东,415.3561278844
high,high,2060,山西,458.4448204738
high,high,2060,广东,72.63149285495
high,high,2060,广西,194.8931258452
high,high,2060,新疆,2092.832174017
high,high,2060,江苏,127.7581610248
high,high,2060,江西,87.81304041073
high,high,2060,河北,1127.229734815
high,high,2060,河南,288.0719687237
high,high,2060,浙江,9.285585033486
high,high,2060,海南,27.83056230008
high,high,2060,湖北,118.7995610227
high,high,2060,湖南,205.8665041654
high,high,2060,甘肃,801.1621209882
high,high,2060,福建,0
high,high,2060,西藏,134.022608043
high,high,2060,贵州,105.5422802403
high,high,2060,辽宁,360.0076492244
high,high,2060,重庆,0
high,high,2060,陕西,318.8856670268
high,high,2060,青海,918.1238362067
high,high,2060,黑龙江,287.4695828485
low,low,2025,上海,0
low,low,2025,云南,55.42463688618
low,low,2025,内蒙古,249.9712308819
low,low,2025,北京,0.1514952466769
low,low,2025,吉林,31.25517412693
low,low,2025,四川,5.682936472736
low,low,2025,天津,3.304104513969
low,low,2025,宁夏,49.19439301438
low,low,2025,安徽,6.102839052569
low,low,2025,山东,41.55364391617
low,low,2025,山西,43.61439242789
low,low,2025,广东,6.826635729473
low,low,2025,广西,19.06381496691
low,low,2025,新疆,229.8525943639
low,low,2025,江苏,12.04392863904
low,low,2025,江西,8.474082760956
low,low,2025,河北,112.8684626215
low,low,2025,河南,26.39369296253
low,low,2025,浙江,0.8302725596161
low,low,2025,海南,2.991317349124
low,low,2025,湖北,13.64348342791
low,low,2025,湖南,19.15037681832
low,low,2025,甘肃,86.26073717587
low,low,2025,福建,0
low,low,2025,西藏,16.08768591622
low,low,2025,贵州,12.85981034489
low,low,2025,辽宁,33.35094620209
low,low,2025,重庆,0
low,low,2025,陕西,35.8170385815
low,low,2025,青海,111.5778280558
low,low,2025,黑龙江,27.37151708563
low,low,2030,上海,0
low,low,2030,云南,66.18913858822
low,low,2030,内蒙古,281.354582635
low,low,2030,北京,0.1677329831227
low,low,2030,吉林,34.39329916485
low,low,2030,四川,6.551629217933
low,low,2030,天津,3.888159615492
low,low,2030,宁夏,58.16843684761
low,low,2030,安徽,7.155808013932
low,low,2030,山东,47.17042010766
low,low,2030,山西,48.63375276975
low,low,2030,广东,7.578216351306
low,low,2030,广西,21.47170870912
low,low,2030,新疆,268.8942957238
low,low,2030,江苏,13.38480045052
low,low,2030,江西,9.498427052688
low,low,2030,河北,128.1624022524
low,low,2030,河南,29.01681639557
low,low,2030,浙江,0.9040783246239
low,low,2030,海南,3.476261345015
low,low,2030,湖北,16.17223125044
low,low,2030,湖南,21.17627068606
low,low,2030,甘肃,100.2991828734
low,low,2030,福建,0
low,low,2030,西藏,19.30547044414
low,low,2030,贵州,15.49388634266
low,low,2030,辽宁,36.82125879082
low,low,2030,重庆,0
low,low,2030,陕西,42.18244368258
low,low,2030,青海,134.3392811011
low,low,2030,黑龙江,30.53096066124
low,low,2035,上海,0
low,low,2035,云南,94.79399741247
low,low,2035,内蒙古,400.9762229502
low,low,2035,北京,0.2387079572595
low,low,2035,吉林,48.92032703217
low,low,2035,四川,9.356049942556
low,low,2035,天津,5.561878754096
low,low,2035,宁夏,83.24035756838
low,low,2035,安徽,10.23313026806
low,low,2035,山东,67.2742568059
low,low,2035,山西,69.25544711427
low,low,2035,广东,10.78734474649
low,low,2035,广西,30.60245415915
low,low,2035,新疆,384.4589533887
low,low,2035,江苏,19.054667953
low,low,2035,江西,13.53199039343
low,low,2035,河北,182.789225208
low,low,2035,河南,41.26957664012
low,low,2035,浙江,1.284751768088
low,low,2035,海南,4.967566383347
low,low,2035,湖北,23.14745843482
low,low,2035,湖南,30.13354627895
low,low,2035,甘肃,143.3335955083
low,low,2035,福建,0
low,low,2035,西藏,27.65939344499
low,low,2035,贵州,22.20552362679
low,low,2035,辽宁,52.38898004468
low,low,2035,重庆,0
low,low,2035,陕西,60.34451588073
low,low,2035,青海,192.5217438335
low,low,2035,黑龙江,43.47786031097
low,low,2040,上海,0
low,low,2040,云南,111.0835412471
low,low,2040,内蒙古,512.8092763377
low,low,2040,北京,0.3127026010859
low,low,2040,吉林,64.65985707053
low,low,2040,四川,11.55160379668
low,low,2040,天津,6.661848166607
low,low,2040,宁夏,98.99606129904
low,low,2040,安徽,12.32250889609
low,low,2040,山东,84.97111503605
low,low,2040,山西,89.78771922695
low,low,2040,广东,14.07723776132
low,low,2040,广西,39.09894776571
low,low,2040,新疆,464.5295757623
low,low,2040,江苏,24.82559643925
low,low,2040,江西,17.41157034555
low,low,2040,河北,230.7736102776
low,low,2040,河南,54.62105896637
low,low,2040,浙江,1.724220291982
low,low,2040,海南,6.061345279184
low,low,2040,湖北,27.42793382456
low,low,2040,湖南,39.54682483556
low,low,2040,甘肃,174.7540354808
low,low,2040,福建,0
low,low,2040,西藏,32.17921035921
low,low,2040,贵州,25.68008991945
low,low,2040,辽宁,68.91175772757
low,low,2040,重庆,0
low,low,2040,陕西,72.19203773159
low,low,2040,青海,222.8766827823
low,low,2040,黑龙江,56.34250696241
low,low,2045,上海,0
low,low,2045,云南,127.3730850817
low,low,2045,内蒙古,624.6423297251
low,low,2045,北京,0.3866972449123
low,low,2045,吉林,80.39938710889
low,low,2045,四川,13.7471576508
low,low,2045,天津,7.761817579118
low,low,2045,宁夏,114.7517650297
low,low,2045,安徽,14.41188752412
low,low,2045,山东,102.6679732662
low,low,2045,山西,110.3199913396
low,low,2045,广东,17.36713077614
low,low,2045,广西,47.59544137227
low,low,2045,新疆,544.6001981358
low,low,2045,江苏,30.59652492551
low,low,2045,江西,21.29115029767
low,low,2045,河北,278.7579953471
low,low,2045,河南,67.97254129262
low,low,2045,浙江,2.163688815875
low,low,2045,海南,7.15512417502
low,low,2045,湖北,31.7084092143
low,low,2045,湖南,48.96010339218
low,low,2045,甘肃,206.1744754532
low,low,2045,福建,0
low,low,2045,西藏,36.69902727344
low,low,2045,贵州,29.15465621211
low,low,2045,辽宁,85.43453541046
low,low,2045,重庆,0
low,low,2045,陕西,84.03955958245
low,low,2045,青海,253.2316217311
low,low,2045,黑龙江,69.20715361386
low,low,2050,上海,0
low,low,2050,云南,143.6626289164
low,low,2050,内蒙古,736.4753831125
low,low,2050,北京,0.4606918887387
low,low,2050,吉林,96.13891714725
low,low,2050,四川,15.94271150492
low,low,2050,天津,8.861786991629
low,low,2050,宁夏,130.5074687604
low,low,2050,安徽,16.50126615215
low,low,2050,山东,120.3648314963
low,low,2050,山西,130.8522634523
low,low,2050,广东,20.65702379096
low,low,2050,广西,56.09193497883
low,low,2050,新疆,624.6708205094
low,low,2050,江苏,36.36745341177
low,low,2050,江西,25.17073024979
low,low,2050,河北,326.7423804167
low,low,2050,河南,81.32402361887
low,low,2050,浙江,2.603157339769
low,low,2050,海南,8.248903070857
low,low,2050,湖北,35.98888460404
low,low,2050,湖南,58.37338194879
low,low,2050,甘肃,237.5949154257
low,low,2050,福建,0
low,low,2050,西藏,41.21884418766
low,low,2050,贵州,32.62922250477
low,low,2050,辽宁,101.9573130934
low,low,2050,重庆,0
low,low,2050,陕西,95.88708143331
low,low,2050,青海,283.5865606799
low,low,2050,黑龙江,82.0718002653
low,low,2055,上海,0
low,low,2055,云南,159.952172751
low,low,2055,内蒙古,848.3084365
low,low,2055,北京,0.5346865325651
low,low,2055,吉林,111.8784471856
low,low,2055,四川,18.13826535905
low,low,2055,天津,9.96175640414
low,low,2055,宁夏,146.263172491
low,low,2055,安徽,18.59064478017
low,low,2055,山东,138.0616897265
low,low,2055,山西,151.384535565
low,low,2055,广东,23.94691680578
low,low,2055,广西,64.58842858539
low,low,2055,新疆,704.7414428829
low,low,2055,江苏,42.13838189803
low,low,2055,江西,29.05031020191
low,low,2055,河北,374.7267654862
low,low,2055,河南,94.67550594512
low,low,2055,浙江,3.042625863663
low,low,2055,海南,9.342681966693
low,low,2055,湖北,40.26935999378
low,low,2055,湖南,67.78666050541
low,low,2055,甘肃,269.0153553981
low,low,2055,福建,0
low,low,2055,西藏,45.73866110188
low,low,2055,贵州,36.10378879744
low,low,2055,辽宁,118.4800907762
low,low,2055,重庆,0
low,low,2055,陕西,107.7346032842
low,low,2055,青海,313.9414996287
low,low,2055,黑龙江,94.93644691674
low,low,2060,上海,0
low,low,2060,云南,176.2417165857
low,low,2060,内蒙古,960.1414898874
low,low,2060,北京,0.6086811763915
low,low,2060,吉林,127.617977224
low,low,2060,四川,20.33381921317
low,low,2060,天津,11.06172581665
low,low,2060,宁夏,162.0188762217
low,low,2060,安徽,20.6800234082
low,low,2060,山东,155.7585479566
low,low,2060,山西,171.9168076777
low,low,2060,广东,27.23680982061
low,low,2060,广西,73.08492219195
low,low,2060,新疆,784.8120652565
low,low,2060,江苏,47.90931038429
low,low,2060,江西,32.92989015402
low,low,2060,河北,422.7111505558
low,low,2060,河南,108.0269882714
low,low,2060,浙江,3.482094387557
low,low,2060,海南,10.43646086253
low,low,2060,湖北,44.54983538352
low,low,2060,湖南,77.19993906203
low,low,2060,甘肃,300.4357953706
low,low,2060,福建,0
low,low,2060,西藏,50.25847801611
low,low,2060,贵州,39.5783550901
low,low,2060,辽宁,135.0028684591
low,low,2060,重庆,0
low,low,2060,陕西,119.582125135
low,low,2060,青海,344.2964385775
low,low,2060,黑龙江,107.8010935682
base,mid,2025,上海,0
base,mid,2025,云南,55.42463688618
base,mid,2025,内蒙古,249.9712308819
base,mid,2025,北京,0.1514952466769
base,mid,2025,吉林,31.25517412693
base,mid,2025,四川,5.682936472736
base,mid,2025,天津,3.304104513969
base,mid,2025,宁夏,49.19439301438
base,mid,2025,安徽,6.102839052569
base,mid,2025,山东,41.55364391617
base,mid,2025,山西,43.61439242789
base,mid,2025,广东,6.826635729473
base,mid,2025,广西,19.06381496691
base,mid,2025,新疆,229.8525943639
base,mid,2025,江苏,12.04392863904
base,mid,2025,江西,8.474082760956
base,mid,2025,河北,112.8684626215
base,mid,2025,河南,26.39369296253
base,mid,2025,浙江,0.8302725596161
base,mid,2025,海南,2.991317349124
base,mid,2025,湖北,13.64348342791
base,mid,2025,湖南,19.15037681832
base,mid,2025,甘肃,86.26073717587
base,mid,2025,福建,0
base,mid,2025,西藏,16.08768591622
base,mid,2025,贵州,12.85981034489
base,mid,2025,辽宁,33.35094620209
base,mid,2025,重庆,0
base,mid,2025,陕西,35.8170385815
base,mid,2025,青海,111.5778280558
base,mid,2025,黑龙江,27.37151708563
base,mid,2030,上海,0
base,mid,2030,云南,101.396127199
base,mid,2030,内蒙古,431.011275526
base,mid,2030,北京,0.2569526549965
base,mid,2030,吉林,52.68760723125
base,mid,2030,四川,10.03653837641
base,mid,2030,天津,5.956329623732
base,mid,2030,宁夏,89.10909474527
base,mid,2030,安徽,10.96208887241
base,mid,2030,山东,72.26106910109
base,mid,2030,山西,74.50277020047
base,mid,2030,广东,11.60918249562
base,mid,2030,广西,32.8928303629
base,mid,2030,新疆,411.9231764279
base,mid,2030,江苏,20.50437515824
base,mid,2030,江西,14.55078186795
base,mid,2030,河北,196.3338928122
base,mid,2030,河南,44.45129320172
base,mid,2030,浙江,1.384971050488
base,mid,2030,海南,5.325336528533
base,mid,2030,湖北,24.77448191556
base,mid,2030,湖南,32.44024445524
base,mid,2030,甘肃,153.6498120613
base,mid,2030,福建,0
base,mid,2030,西藏,29.57433770166
base,mid,2030,贵州,23.73531524833
base,mid,2030,辽宁,56.40703474338
base,mid,2030,重庆,0
base,mid,2030,陕西,64.6199137265
base,mid,2030,青海,205.7963455165
base,mid,2030,黑龙江,46.77083335338
base,mid,2035,上海,0
base,mid,2035,云南,158.1589689449
base,mid,2035,内蒙古,669.0084575426
base,mid,2035,北京,0.3982720998127
base,mid,2035,吉林,81.62108039592
base,mid,2035,四川,15.61009402181
base,mid,2035,天津,9.279712145871
base,mid,2035,宁夏,138.8823078146
base,mid,2035,安徽,17.07345798735
base,mid,2035,山东,112.2436798045
base,mid,2035,山西,115.5491951853
base,mid,2035,广东,17.99813668933
base,mid,2035,广西,51.05864009441
base,mid,2035,新疆,641.4502323919
base,mid,2035,江苏,31.79174546168
base,mid,2035,江西,22.57743851739
base,mid,2035,河北,304.974536176
base,mid,2035,河南,68.85619204126
base,mid,2035,浙江,2.143543056916
base,mid,2035,海南,8.288132147617
base,mid,2035,湖北,38.6203584581
base,mid,2035,湖南,50.27629111781
base,mid,2035,甘肃,239.1448224524
base,mid,2035,福建,0
base,mid,2035,西藏,46.14829280662
base,mid,2035,贵州,37.04878808319
base,mid,2035,辽宁,87.40835173231
base,mid,2035,重庆,0
base,mid,2035,陕西,100.6817591165
base,mid,2035,青海,321.2127490698
base,mid,2035,黑龙江,72.54060116055
base,mid,2040,上海,0
base,mid,2040,云南,200.6670422528
base,mid,2040,内蒙古,926.3651443519
base,mid,2040,北京,0.5648821180907
base,mid,2040,吉林,116.8049030951
base,mid,2040,四川,20.86741331013
base,mid,2040,天津,12.03430636548
base,mid,2040,宁夏,178.8315946047
base,mid,2040,安徽,22.26001607035
base,mid,2040,山东,153.4962078071
base,mid,2040,山西,162.1971702164
base,mid,2040,广东,25.42984885915
base,mid,2040,广西,70.63035725419
base,mid,2040,新疆,839.150201377
base,mid,2040,江苏,44.84623872898
base,mid,2040,江西,31.4531593339
base,mid,2040,河北,416.8813605015
base,mid,2040,河南,98.67030006828
base,mid,2040,浙江,3.11472052745
base,mid,2040,海南,10.94952695595
base,mid,2040,湖北,49.54723529598
base,mid,2040,湖南,71.4394255094
base,mid,2040,甘肃,315.6847092556
base,mid,2040,福建,0
base,mid,2040,西藏,58.13018645536
base,mid,2040,贵州,46.38983985449
base,mid,2040,辽宁,124.485755895
base,mid,2040,重庆,0
base,mid,2040,陕西,130.411422999
base,mid,2040,青海,402.6159430907
base,mid,2040,黑龙江,101.7800125773
base,mid,2045,上海,0
base,mid,2045,云南,230.0933149864
base,mid,2045,内蒙古,1128.38614402
base,mid,2045,北京,0.6985498617771
base,mid,2045,吉林,145.2376025193
base,mid,2045,四川,24.83357511113
base,mid,2045,天津,14.02134788486
base,mid,2045,宁夏,207.2935110214
base,mid,2045,安徽,26.03437746292
base,mid,2045,山东,185.4647259002
base,mid,2045,山西,199.2877262909
base,mid,2045,广东,31.37288140206
base,mid,2045,广西,85.97886183378
base,mid,2045,新疆,983.7939063099
base,mid,2045,江苏,55.27114180093
base,mid,2045,江西,38.46143279579
base,mid,2045,河北,503.5628303045
base,mid,2045,河南,122.7891068512
base,mid,2045,浙江,3.908599151259
base,mid,2045,海南,12.92538560649
base,mid,2045,湖北,57.27970696777
base,mid,2045,湖南,88.44405774071
base,mid,2045,甘肃,372.4442137219
base,mid,2045,福建,0
base,mid,2045,西藏,66.29501701008
base,mid,2045,贵州,52.66647573801
base,mid,2045,辽宁,154.3333542899
base,mid,2045,重庆,0
base,mid,2045,陕西,151.8133979554
base,mid,2045,青海,457.4506715143
base,mid,2045,黑龙江,125.0193742702
base,mid,2050,上海,0
base,mid,2050,云南,239.6937979781
base,mid,2050,内蒙古,1228.771762198
base,mid,2050,北京,0.7686410122272
base,mid,2050,吉林,160.4028991975
base,mid,2050,四川,26.59960422212
base,mid,2050,天津,14.7854413978
base,mid,2050,宁夏,217.7450815681
base,mid,2050,安徽,27.53152427524
base,mid,2050,山东,200.8226065608
base,mid,2050,山西,218.3203539953
base,mid,2050,广东,34.46519477422
base,mid,2050,广西,93.5865439219
base,mid,2050,新疆,1042.231529406
base,mid,2050,江苏,60.67724847312
base,mid,2050,江西,41.99608469483
base,mid,2050,河北,545.1530625134
base,mid,2050,河南,135.6850019737
base,mid,2050,浙江,4.343235775444
base,mid,2050,海南,13.7628757118
base,mid,2050,湖北,60.04562564952
base,mid,2050,湖南,97.3930222889
base,mid,2050,甘肃,396.4150460578
base,mid,2050,福建,0
base,mid,2050,西藏,68.77154752166
base,mid,2050,贵州,54.44020011492
base,mid,2050,辽宁,170.1105972467
base,mid,2050,重庆,0
base,mid,2050,陕西,159.9827241026
base,mid,2050,青海,473.1497696906
base,mid,2050,黑龙江,136.9326293196
base,mid,2055,上海,0
base,mid,2055,云南,245.0331157037
base,mid,2055,内蒙古,1299.536328255
base,mid,2055,北京,0.8190942626529
base,mid,2055,吉林,171.3882595184
base,mid,2055,四川,27.7862788479
base,mid,2055,天津,15.26056300209
base,mid,2055,宁夏,224.0627323267
base,mid,2055,安徽,28.47928562069
base,mid,2055,山东,211.49875873
base,mid,2055,山西,231.9082246953
base,mid,2055,广东,36.68463851099
base,mid,2055,广西,98.94397570528
base,mid,2055,新疆,1079.603912502
base,mid,2055,江苏,64.55241482252
base,mid,2055,江西,44.5026028625
base,mid,2055,河北,574.0495130853
base,mid,2055,河南,145.0348176181
base,mid,2055,浙江,4.66104387625
base,mid,2055,海南,14.3121936511
base,mid,2055,湖北,61.6892323309
base,mid,2055,湖南,103.8433948168
base,mid,2055,甘肃,412.108629546
base,mid,2055,福建,0
base,mid,2055,西藏,70.06773615608
base,mid,2055,贵州,55.30793177479
base,mid,2055,辽宁,181.5014156572
base,mid,2055,重庆,0
base,mid,2055,陕西,165.040243329
base,mid,2055,青海,480.9316590057
base,mid,2055,黑龙江,145.4345569788
base,mid,2060,上海,0
base,mid,2060,云南,246.178905707
base,mid,2060,内蒙古,1341.150017621
base,mid,2060,北京,0.8502213257532
base,mid,2060,吉林,178.2600316779
base,mid,2060,四川,28.40279509141
base,mid,2060,天津,15.45129955342
base,mid,2060,宁夏,226.3120810716
base,mid,2060,安徽,28.88638190352
base,mid,2060,山东,217.5674955585
base,mid,2060,山西,240.1377631053
base,mid,2060,广东,38.04506768593
base,mid,2060,广西,102.0868754427
base,mid,2060,新疆,1096.245424485
base,mid,2060,江苏,66.92094148917
base,mid,2060,江西,45.99730688181
base,mid,2060,河北,590.4536706176
base,mid,2060,河南,150.89484076
base,mid,2060,浙江,4.863877874683
base,mid,2060,海南,14.57791358576
base,mid,2060,湖北,62.22834148809
base,mid,2060,湖南,107.8348355152
base,mid,2060,甘肃,419.656349089
base,mid,2060,福建,0
base,mid,2060,西藏,70.20231849869
base,mid,2060,贵州,55.28405155442
base,mid,2060,辽宁,188.575435308
base,mid,2060,重庆,0
base,mid,2060,陕西,167.035349395
base,mid,2060,青海,480.9220094416
base,mid,2060,黑龙江,150.5793053016
